uniprot,symbol,compartments,n_compartments
P00813,ADA,cell junction;cytosol;lysosome;plasma_membrane;vesicle,5
Q8N7W2-2,BEND7,extracellular;vesicle,2
Q6ZMN8,CCNI2,nucleus,1
P20138,CD33,golgi;nucleus;peroxisome;plasma_membrane;vesicle,5
P55039,DRG2,cytosol;nucleus,2
Q9UJM8,HAO1,cytosol;peroxisome,2
Q9NZL4,HSPBP1,endoplasmic_reticulum;extracellular,2
Q92604,LPGAT1,endoplasmic_reticulum;nucleus,2
P43363,MAGEA10,cytosol;nucleus,2
O15264,MAPK13,cytosol;nucleus,2
O15143,ARPC1B,cell junction;cytoskeleton;cytosol;extracellular;nucleus;vesicle,6
Q08752,PPID,cytosol;nucleolus;nucleus,3
Q8N3J5,PPM1K,mitochondrion,1
Q15050,RRS1,nucleolus;nucleus,2
O60507,TPST1,golgi,1
P06132,UROD,cytosol;nucleus,2
Q7L8A9,VASH1,cytosol;endoplasmic_reticulum;extracellular,3
Q99848,EBNA1BP2,nucleolus;nucleus,2
P28566,HTR1E,plasma_membrane,1
P05111,INHA,extracellular;plasma_membrane,2
O60663-2,LMX1B,nucleus,1
Q9H1B4-2,NXF5,nucleus,1
Q9BWT1-2,CDCA7,cytosol;nucleus,2
Q07864,POLE,nucleus;plasma_membrane,2
Q6PGN9-2,PSRC1,cytoskeleton;cytosol;nucleus,3
P78406,RAE1,cytoskeleton;nucleolus;nucleus,3
Q7Z5B4-5,RIC3,endoplasmic_reticulum;golgi;nucleus;plasma_membrane,4
Q9BXA7,TSSK1B,plasma_membrane;vesicle,2
P62068-3,USP46,cytosol;nucleus,2
Q9NZR4,VSX1,nucleus,1
Q9P0U1,TOMM7,mitochondrion,1
P56385,ATP5ME,mitochondrion,1
P02795,MT2A,cytosol;nucleus,2
O15239,NDUFA1,mitochondrion,1
Q9NPE3,NOP10,nucleolus;nucleus,2
P54368,OAZ1,cytosol;nucleus,2
P62875,POLR2L,cytosol;nucleolus;nucleus,3
P63220,RPS21,cytosol;endoplasmic_reticulum;nucleus,3
P62857,RPS28,cytosol;endoplasmic_reticulum;extracellular;nucleus;vesicle,5
P50502,ST13,cytosol;extracellular;vesicle,3
Q9UDW1,UQCR10,mitochondrion,1
Q14061,COX17,mitochondrion,1
P50151,GNG10,plasma_membrane,1
P63218,GNG5,extracellular;plasma_membrane;vesicle,3
O75394,MRPL33,mitochondrion,1
Q9BS18,ANAPC13,nucleus,1
P63215,GNG3,plasma_membrane,1
P50150,GNG4,extracellular;plasma_membrane;vesicle,3
Q9Y5U9,IER3IP1,endoplasmic_reticulum;golgi;nucleus;vesicle,4
P62312,LSM6,cytosol;nucleolus;nucleus,3
Q9NWA0,MED9,nucleus,1
Q08AG7,MZT1,cytoskeleton;cytosol,2
Q92686,NRGN,cytosol,1
O60356,NUPR1,extracellular;nucleus,2
Q9Y2B9,PKIG,nucleus,1
P60602,ROMO1,mitochondrion,1
P02814,SMR3B,extracellular;vesicle,2
A8MWD9,SNRPG,cytosol;nucleus,2
O43715,TRIAP1,mitochondrion;nucleus,2
Q15643,TRIP11,cytoskeleton;er_golgi_intermediate;golgi;nucleus;vesicle,5
Q99576,TSC22D3,cytosol;nucleus,2
O14949,UQCRQ,mitochondrion,1
Q9NRR8,CDC42SE1,cell junction;cytoskeleton;plasma_membrane,3
P61024,CKS1B,nucleus,1
P14406,COX7A2,mitochondrion,1
Q9NSA3,CTNNBIP1,cytosol;nucleus,2
Q5J5C9,DEFB121,extracellular,1
Q96FX2,DPH3,cytosol;nucleus,2
Q9NRR3,CDC42SE2,cytoskeleton;plasma_membrane,2
Q9BUK0-2,CHCHD7,mitochondrion,1
Q7Z4G1-2,COMMD6,endosome;nucleus;vesicle,3
P14854,COX6B1,mitochondrion,1
P63167,DYNLL1,cytoskeleton;cytosol;mitochondrion;nucleus;plasma_membrane;vesicle,6
Q96FJ2,DYNLL2,cell junction;cytoskeleton;cytosol;nucleus;plasma_membrane;synapse,6
P30047,GCHFR,cytosol;nucleus;plasma_membrane;vesicle,4
P01148,GNRH1,extracellular,1
Q9Y241-2,HIGD1A,mitochondrion;nucleus,2
P05204,HMGN2,extracellular;nucleolus;nucleus,3
Q96AZ6-2,ISG20,nucleolus;nucleus,2
Q9Y4Y9-2,LSM5,cytosol;nucleus,2
Q9NU23,LYRM2,mitochondrion,1
Q13015,MLLT11,cytoskeleton;cytosol;mitochondrion;nucleus,4
Q9BQ48,MRPL34,mitochondrion,1
Q96DR8,MUCL1,extracellular;golgi;plasma_membrane,3
Q9NRX3,NDUFA4L2,mitochondrion,1
O43157-2,PLXNB1,extracellular;plasma_membrane,2
P61513,RPL37A,cell junction;cytosol;extracellular;nucleus;vesicle,5
P42677,RPS27,cell junction;cytosol;nucleus;synapse,4
P06703,S100A6,cytosol;extracellular;nucleus;plasma_membrane;vesicle,5
P05109,S100A8,cytoskeleton;cytosol;extracellular;nucleus;plasma_membrane;vesicle,6
P04271,S100B,cytosol;extracellular;nucleus;plasma_membrane,4
P11684,SCGB1A1,extracellular;vesicle,2
O75324,SNN,mitochondrion,1
P62304,SNRPE,cytosol;nucleus,2
P62306,SNRPF,cytosol;nucleus,2
P20155,SPINK2,extracellular;vesicle,2
O60575,SPINK4,extracellular,1
P58062,SPINK7,extracellular,1
P49458,SRP9,cytosol;endoplasmic_reticulum;nucleus,3
A1L4H1,SSC5D,extracellular,1
P61960,UFM1,endoplasmic_reticulum;nucleus,2
P07919,UQCRH,mitochondrion,1
O00626,CCL22,extracellular,1
P13501,CCL5,extracellular,1
P14621,ACYP2,mitochondrion,1
P02652,APOA2,cytosol;endoplasmic_reticulum;endosome;extracellular;vesicle,5
O60220,TIMM8A,mitochondrion,1
Q0VGL1,LAMTOR4,endosome;lysosome;vesicle,3
Q99731,CCL19,extracellular,1
O60516,EIF4EBP3,nucleus,1
P05114,HMGN1,nucleus,1
O43676,NDUFB3,mitochondrion,1
Q5JTB6,PLAC9,extracellular,1
P25815,S100P,extracellular;nucleus;plasma_membrane;vesicle,4
P02655,APOC2,endosome;extracellular;vesicle,3
P02818,BGLAP,endoplasmic_reticulum;extracellular;golgi,3
P15382,KCNE1,lysosome;plasma_membrane,2
P62310,LSM3,cytosol;nucleus,2
P82909,MRPS36,mitochondrion,1
Q99417,MYCBP,mitochondrion;nucleus,2
O75438,NDUFB1,mitochondrion;nucleus,2
O43920,NDUFS5,mitochondrion,1
O60829,PAGE4,mitochondrion;nucleus,2
P61457,PCBD1,cytosol;extracellular;nucleus;vesicle,4
P10720,PF4V1,extracellular,1
Q9Y3U8,RPL36,cytosol;endoplasmic_reticulum;nucleolus;nucleus,4
Q969Q0,RPL36AL,cytosol;nucleus,2
Q9HCY8,S100A14,cytosol;extracellular;vesicle,3
P26447,S100A4,extracellular;nucleus;vesicle,3
P31151,S100A7,cell junction;cytosol;endoplasmic_reticulum;extracellular;lysosome;nucleus;vesicle,7
Q9NS25,SPANXB1,nucleus,1
P55854,SUMO3,nucleus,1
Q9P0S2,COX16,mitochondrion,1
P19875,CXCL2,extracellular,1
P19876,CXCL3,extracellular,1
O96015,DNAL4,cytoskeleton;plasma_membrane,2
P84090,ERH,nucleus,1
P35754,GLRX,cytosol;extracellular;vesicle,3
P17096-3,HMGA1,cell junction;cytosol;nucleus,3
Q96DE5,ANAPC16,cytosol;nucleus,2
O95715,CXCL14,extracellular;golgi,2
P42830,CXCL5,extracellular,1
P52657,GTF2A2,cell junction;nucleus,2
P01308,INS,endoplasmic_reticulum;endosome;er_golgi_intermediate;extracellular;golgi;vesicle,6
P14174,MIF,cytosol;extracellular;nucleus;plasma_membrane;vesicle,5
Q96EL3,MRPL53,mitochondrion,1
P08118,MSMB,extracellular;nucleus,2
O95182,NDUFA7,mitochondrion,1
P56181-2,NDUFV3,mitochondrion,1
Q8WXA2-2,PATE1,extracellular,1
Q7RTV0,PHF5A,nucleus,1
Q9Y2Y1,POLR3K,cytosol;nucleus,2
Q16559,TAL2,nucleus,1
O75347,TBCA,cytoskeleton;nucleolus;nucleus,3
P56279,TCL1A,cytosol;endoplasmic_reticulum;nucleus,3
Q96I45,TMEM141,mitochondrion,1
Q6A555-2,TXNDC8,extracellular;golgi;vesicle,3
P06307,CCK,extracellular;plasma_membrane,2
O14519,CDK2AP1,cytosol;nucleus,2
Q9BSY4,CHCHD5,mitochondrion,1
Q9NZ45,CISD1,mitochondrion,1
P12074,COX6A1,mitochondrion,1
P09341,CXCL1,extracellular;vesicle,2
O75348,ATP6V1G1,cell junction;cytosol;extracellular;lysosome;plasma_membrane;synapse;vesicle,7
B4DP52,ATP6V1G2,cell junction;cytosol;synapse;vesicle,4
O15467,CCL16,extracellular,1
P01215,CGA,extracellular;golgi,2
Q96DA6,DNAJC19,mitochondrion,1
Q9H0R8,GABARAPL1,cytoskeleton;cytosol;endoplasmic_reticulum;golgi;vesicle,5
Q9UBU3-2,GHRL,endoplasmic_reticulum;extracellular;plasma_membrane;vesicle,4
Q9H492-2,MAP1LC3A,cytoskeleton;cytosol;lysosome,3
P58546,MTPN,cytoskeleton;cytosol;nucleus,3
O15155,BET1,endoplasmic_reticulum;er_golgi_intermediate;golgi;nucleus;vesicle,5
O95298,NDUFC2,lysosome;mitochondrion;plasma_membrane;vesicle,4
P49207,RPL34,cytosol;endoplasmic_reticulum;extracellular;vesicle,4
P78537,BLOC1S1,cytosol;extracellular;lysosome;mitochondrion,4
Q8WUR7,C15orf40,mitochondrion,1
Q96PH6,DEFB118,extracellular,1
P13164,IFITM1,lysosome;plasma_membrane,2
P82932,MRPS6,mitochondrion,1
Q9Y5J5,PHLDA3,plasma_membrane,1
P61218,POLR2F,cytosol;nucleolus;nucleus,3
P62899,RPL31,cell junction;cytosol;extracellular;vesicle,4
P42766,RPL35,cytosol;nucleolus;nucleus,3
O95059,RPP14,nucleolus;nucleus,2
Q9BRA2,TXNDC17,cytosol;extracellular;vesicle,3
P42127,ASIP,extracellular,1
Q9BXY8,BEX2,nucleus,1
P61366,OSTN,extracellular,1
Q8WW12-2,PCNP,nucleus,1
Q9Y2S0,POLR1D,cytosol;nucleolus;nucleus,3
P62244,RPS15A,cytosol;extracellular;nucleus;vesicle,4
P62847-2,RPS24,cytosol;endoplasmic_reticulum;nucleus,3
Q6F5E7,TXNRD3NB,cytosol;endoplasmic_reticulum;mitochondrion;nucleus,4
Q96NT0,CCDC115,endoplasmic_reticulum;endosome;er_golgi_intermediate;golgi;lysosome;plasma_membrane;vesicle,7
P10606,COX5B,mitochondrion,1
E9PS44,IFITM3,endosome;lysosome;plasma_membrane;vesicle,4
Q9BRT6,LLPH,nucleolus;nucleus,2
O15116,LSM1,cytosol;nucleus,2
Q4U2R6,MRPL51,mitochondrion,1
O60783,MRPS14,mitochondrion,1
P53680,AP2S1,cytosol;endosome;lysosome;plasma_membrane;vesicle,5
P01037,CST1,extracellular;vesicle,2
P00167-2,CYB5A,cytosol;endoplasmic_reticulum;mitochondrion;nucleus,4
Q6E0U4-2,DMKN,extracellular,1
Q96C01,FAM136A,mitochondrion,1
O43716,GATC,mitochondrion,1
P02008,HBZ,cytosol;extracellular;nucleus;vesicle,4
Q02363,ID2,cytosol;nucleus,2
Q8N2G4-2,LYPD1,extracellular;plasma_membrane,2
P21741,MDK,extracellular,1
O15392,BIRC5,cytoskeleton;cytosol;extracellular;nucleus,4
Q13503,MED21,nucleus,1
Q9Y6G3,MRPL42,mitochondrion;plasma_membrane,2
P35579,MYH9,cytoskeleton;cytosol;extracellular;nucleus;plasma_membrane;synapse;vesicle,7
P60321,NANOS2,nucleus,1
Q9P0J0,NDUFA13,mitochondrion;nucleus,2
Q8NCF5,NFATC2IP,nucleus,1
Q9NPD7,NRN1,extracellular;plasma_membrane,2
Q9UN70-2,PCDHGC3,plasma_membrane,1
Q9NQP4,PFDN4,cytosol;mitochondrion;nucleus,3
P35080-2,PFN2,cytoskeleton;extracellular;vesicle,3
P57054-2,PIGP,endoplasmic_reticulum;nucleus,2
O15514,POLR2D,cytosol;nucleus,2
Q9ULZ3-2,PYCARD,cytoskeleton;cytosol;endoplasmic_reticulum;extracellular;golgi;lysosome;mitochondrion;nucleolus;nucleus;vesicle,10
O43502,RAD51C,cell junction;cytosol;mitochondrion;nucleus,4
P46779,RPL28,cytosol;endoplasmic_reticulum;extracellular;plasma_membrane;vesicle,5
Q5VXT5-2,SYPL2,cell junction;synapse;vesicle,3
Q8WW35,TCTEX1D2,cytoskeleton;nucleus;plasma_membrane,3
Q9NS69,TOMM22,mitochondrion,1
O75379-2,VAMP4,cell junction;endosome;golgi;lysosome;plasma_membrane;synapse;vesicle,7
O00585,CCL21,extracellular,1
P49450-2,CENPA,cytosol;nucleus,2
O14810,CPLX1,cell junction;cytosol;plasma_membrane;synapse,4
Q6PUV4,CPLX2,cell junction;cytosol;nucleus;plasma_membrane;synapse,5
Q8TAM1,BBS10,plasma_membrane,1
P53567,CEBPG,nucleus,1
Q9Y6H1,CHCHD2,mitochondrion;nucleus,2
Q92478,CLEC2B,golgi;plasma_membrane,2
Q9H114,CSTL1,extracellular,1
O43169,CYB5B,endoplasmic_reticulum;mitochondrion;nucleus,3
Q8WW14-2,C10orf82,nucleus,1
P56851,EDDM3B,extracellular,1
C9J4W5,EIF5A2,cytosol;endoplasmic_reticulum;nucleus,3
Q9Y3D6,FIS1,cytosol;mitochondrion;peroxisome,3
P02724,GYPA,cytosol;nucleus;plasma_membrane,3
Q9Y4L1,HYOU1,cell junction;endoplasmic_reticulum;extracellular;mitochondrion;vesicle,5
Q8IY31-2,IFT20,cytoskeleton;golgi;plasma_membrane;vesicle,4
Q8WWZ1-2,IL1F10,extracellular,1
Q86U28,ISCA2,mitochondrion,1
O76095,JTB,cytoskeleton;mitochondrion;plasma_membrane,3
Q6JVE9-2,LCN8,extracellular,1
P08949,NMB,extracellular;plasma_membrane,2
P12273,PIP,extracellular;nucleus;vesicle,3
Q9UNK4,PLA2G2D,extracellular,1
Q9NW61,PLEKHJ1,endosome;golgi;vesicle,3
Q9NRF9,POLE3,nucleus,1
Q8N945-2,PRELID2,mitochondrion,1
Q03393,PTS,cytosol;mitochondrion,2
Q8TAV5,C11orf45,extracellular,1
Q9UNX3,RPL26L1,cytosol;extracellular;vesicle,3
P46776,RPL27A,cytosol;endoplasmic_reticulum;nucleus,3
P62277,RPS13,cell junction;cytosol;extracellular;nucleolus;nucleus;synapse;vesicle,7
P62249,RPS16,cell junction;cytosol;endoplasmic_reticulum;extracellular;nucleus;vesicle,6
O00422,SAP18,cytosol;nucleus,2
P16949-2,STMN1,cytoskeleton;cytosol;extracellular;plasma_membrane;vesicle,5
Q92748,THRSP,cytosol;nucleus,2
P02766,TTR,extracellular;lysosome;vesicle,3
Q9NX01,TXNL4B,cytosol;nucleus,2
P51668,UBE2D1,cytosol;nucleus,2
Q9Y2X8,UBE2D4,nucleus,1
A6NDU8,C5orf51,cytosol;nucleus,2
P27482,CALML3,cytoskeleton;extracellular;nucleus;vesicle,4
O15444,CCL25,extracellular,1
P24666,ACP1,extracellular;plasma_membrane;vesicle,3
Q96SW2-2,CRBN,cytosol;nucleus,2
Q15375-2,EPHA7,plasma_membrane,1
P49326,FMO5,cytosol;endoplasmic_reticulum;nucleus,3
O75293,GADD45B,nucleus,1
P01185,AVP,cytosol;extracellular;vesicle,3
Q99445,GML,plasma_membrane,1
Q9BQQ3-2,GORASP1,er_golgi_intermediate;golgi,2
P42357,HAL,cytosol,1
Q6ZQW0-2,IDO2,cytosol,1
F5GX28,KDM4B,cytosol;nucleus,2
Q5TBC7,BCL2L15,cytosol;nucleus,2
Q99732,LITAF,endosome;golgi;lysosome;nucleus;plasma_membrane;vesicle,6
P25791-3,LMO2,nucleus,1
Q9HBW1,LRRC4,cell junction;golgi;plasma_membrane;synapse,4
P55145,MANF,cytosol;endoplasmic_reticulum;extracellular;nucleus,4
Q8TD08-2,MAPK15,cell junction;cytoskeleton;extracellular;golgi;nucleus;plasma_membrane;vesicle,7
Q68D91-2,MBLAC2,endoplasmic_reticulum;extracellular;mitochondrion;nucleus;plasma_membrane;vesicle,6
O15151,MDM4,nucleus,1
Q5VZ52,MORN5,plasma_membrane,1
P21757,MSR1,extracellular;plasma_membrane;vesicle,3
Q6NSM0,NR1D2,nucleus,1
Q9Y237-2,PIN4,cytoskeleton;mitochondrion;nucleolus;nucleus,4
Q9UGJ0-2,PRKAG2,cytosol;endoplasmic_reticulum;extracellular;nucleus,4
P79522-2,PRR3,nucleus,1
O14921,RGS13,plasma_membrane,1
P12724,RNASE3,extracellular;lysosome;vesicle,3
P51172,SCNN1D,cytoskeleton;plasma_membrane,2
O94979-2,SEC31A,cytosol;endoplasmic_reticulum;golgi;nucleus;vesicle,5
Q01105-2,SET,cytosol;endoplasmic_reticulum;nucleus,3
O75558,STX11,cell junction;golgi;plasma_membrane;synapse,4
Q6DHY5,TBC1D3G,plasma_membrane,1
Q53EQ6,TIGD5,nucleus,1
Q9Y2B4,TP53TG5,nucleolus;nucleus,2
P63279,UBE2I,cytosol;nucleolus;nucleus,3
Q7LFX5,CHST15,golgi,1
Q96DZ9-2,CMTM5,extracellular,1
Q13057-2,COASY,cytosol;extracellular;mitochondrion;vesicle,4
Q7Z7G2,CPLX4,cell junction;plasma_membrane;synapse,3
Q99965-2,ADAM2,plasma_membrane,1
Q9UKJ8,ADAM21,plasma_membrane,1
P16070-10,CD44,cell junction;cytosol;extracellular;golgi;plasma_membrane;vesicle,6
Q9H078-2,CLPB,mitochondrion,1
Q16281,CNGA3,plasma_membrane,1
Q03692,COL10A1,endoplasmic_reticulum;extracellular,2
Q9BY84,DUSP16,cytosol;nucleus;vesicle,3
Q92997,DVL3,cytosol;nucleus,2
P16452-2,EPB42,cytoskeleton;plasma_membrane,2
Q8IYI6,EXOC8,cytosol;endosome;plasma_membrane;vesicle,4
Q93063-2,EXT2,endoplasmic_reticulum;extracellular;golgi;nucleus;vesicle,5
Q969H0,FBXW7,cytosol;nucleolus;nucleus,3
Q8IWF2,FOXRED2,endoplasmic_reticulum,1
P23945,FSHR,plasma_membrane,1
P51116,FXR2,cell junction;cytosol;nucleus;plasma_membrane;synapse,5
Q7L622,G2E3,cytosol;golgi;nucleolus;nucleus,4
Q969S8-2,HDAC10,cytosol;nucleus,2
Q12906-2,ILF3,cytosol;extracellular;mitochondrion;nucleolus;nucleus,5
Q02040-2,AKAP17A,cytosol;nucleus,2
Q96II8-2,LRCH3,cytosol,1
Q6UXK5,LRRN1,plasma_membrane,1
Q16659,MAPK6,cytosol;nucleus,2
Q8TC05,MDM1,cytoskeleton;nucleus,2
Q9NZQ3-2,NCKIPSD,cytoskeleton;cytosol;nucleus,3
Q8N5V2,NGEF,cytosol;plasma_membrane,2
Q86UT6-2,NLRX1,cell junction;cytosol;mitochondrion;plasma_membrane,4
Q9BSC4-2,NOL10,nucleolus;nucleus,2
P54277,PMS1,nucleus,1
O43395,PRPF3,nucleus,1
Q9BYJ1,ALOXE3,cytosol,1
Q9H0K6,PUS7L,nucleus,1
O75116,ROCK2,cytoskeleton;cytosol;nucleus;plasma_membrane,4
Q16799-2,RTN1,cell junction;endoplasmic_reticulum;golgi;nucleus;plasma_membrane;synapse,6
Q5PRF9,SAMD4B,cytosol;nucleus,2
P46059,SLC15A1,plasma_membrane,1
Q9Y6L6,SLCO1B1,plasma_membrane,1
P42224-2,STAT1,cytosol;nucleolus;nucleus,3
Q96SI9-2,STRBP,nucleus,1
Q9UH99,SUN2,cytoskeleton;endosome;nucleus;vesicle,4
Q03519,TAP2,endoplasmic_reticulum;er_golgi_intermediate;nucleus;vesicle,4
O00213-2,APBB1,cell junction;endoplasmic_reticulum;nucleus;plasma_membrane;synapse,5
Q9BQ70,TCF25,cytosol;nucleus,2
P15884-3,TCF4,nucleus,1
O75069,TMCC2,endoplasmic_reticulum;nucleus,2
Q6NUQ4-2,TMEM214,cytoskeleton;endoplasmic_reticulum;golgi;nucleus,4
Q96NG3,TTC25,cytoskeleton;plasma_membrane,2
Q8NCR1,VPS53,endosome;golgi;vesicle,3
O96006,ZBED1,cytoskeleton;nucleus,2
P10074,ZBTB48,nucleus,1
Q7Z5H3-2,ARHGAP22,cell junction;cytosol;nucleus;plasma_membrane;synapse,5
O14978,ZNF263,cytosol;nucleus,2
F5H5G3,ZNF544,nucleus,1
Q9HBZ2-2,ARNT2,nucleus,1
Q96BY7,ATG2B,endoplasmic_reticulum;nucleus,2
O95352,ATG7,cytoskeleton;cytosol;extracellular;plasma_membrane;vesicle,5
Q01814-5,ATP2B2,cell junction;er_golgi_intermediate;extracellular;plasma_membrane;synapse;vesicle,6
P07384,CAPN1,cell junction;cytosol;extracellular;plasma_membrane;vesicle,5
Q96GR2,ACSBG1,cytosol;endoplasmic_reticulum;plasma_membrane;vesicle,4
Q9Y3Q7,ADAM18,plasma_membrane,1
P23276,KEL,cytosol;golgi;nucleus;plasma_membrane,4
Q9NR64,KLHL1,cytoskeleton;plasma_membrane,2
Q92615,LARP4B,cytosol;nucleolus;nucleus,3
Q6UB35,MTHFD1L,cytosol;mitochondrion,2
P28698,MZF1,nucleus,1
Q9BWT3,PAPOLG,cytosol;nucleus,2
Q96AQ6-2,PBXIP1,cytoskeleton;cytosol;nucleus,3
Q9Y6B7,AP4B1,cytosol;endosome;golgi;vesicle,4
O60568,PLOD3,endoplasmic_reticulum;extracellular;golgi;nucleus;vesicle,5
P14859-2,POU2F1,endoplasmic_reticulum;nucleus,2
Q02156,PRKCE,cytoskeleton;cytosol;endoplasmic_reticulum;nucleus;plasma_membrane,5
Q96D71,REPS1,cytosol;plasma_membrane,2
Q9UPW6,SATB2,nucleus,1
Q13214-2,SEMA3B,endoplasmic_reticulum;extracellular;plasma_membrane,3
Q8TEC5-2,SH3RF2,nucleus,1
Q5K4L6,SLC27A3,endoplasmic_reticulum;mitochondrion;nucleus;plasma_membrane,4
Q8TBB6,SLC7A14,lysosome;plasma_membrane,2
O43815-2,STRN,cell junction;cytosol;plasma_membrane;synapse,4
Q8N103-2,TAGAP,cytosol,1
Q92560,BAP1,cytosol;nucleus,2
Q04725,TLE2,cell junction;extracellular;nucleus,3
A2RRH5-2,WDR27,nucleus,1
Q8N895,ZNF366,nucleus,1
Q05996,ZP2,endoplasmic_reticulum;endosome;extracellular;plasma_membrane;vesicle,5
Q8TD31-2,CCHCR1,cytoskeleton;cytosol;nucleus,3
P51795,CLCN5,cell junction;cytosol;endosome;golgi;lysosome;plasma_membrane;synapse;vesicle,8
Q9H9A5-2,CNOT10,cytosol;nucleus,2
Q14746,COG2,golgi;vesicle,2
Q13617,CUL2,cytosol;nucleus,2
Q9UER7-2,DAXX,cytosol;nucleolus;nucleus,3
Q92499,DDX1,cytosol;mitochondrion;nucleus,3
Q9BQ39,DDX50,nucleolus;nucleus,2
P23743,DGKA,cytosol;plasma_membrane,2
Q9NZJ0,DTL,cytoskeleton;cytosol;nucleolus;nucleus,4
O14641,DVL2,cytosol;nucleus;vesicle,3
O15197-2,EPHB6,cytosol;extracellular;plasma_membrane,3
Q16394,EXT1,endoplasmic_reticulum;golgi;nucleus,3
P08238,HSP90AB1,cytosol;extracellular;mitochondrion;nucleus;plasma_membrane;vesicle,6
Q8TED9-4,AFAP1L1,cytoskeleton;cytosol,2
Q01432,AMPD3,cytosol;extracellular;vesicle,3
Q5QJE6,DNTTIP2,nucleolus;nucleus,2
Q9UJX4,ANAPC5,cytoskeleton;cytosol;nucleus,3
Q6IA86-2,ELP2,cytosol;nucleus,2
Q9H4G0-4,EPB41L1,cytoskeleton;cytosol;plasma_membrane,3
Q9UBC2,EPS15L1,cytosol;nucleus;plasma_membrane,3
Q15910-2,EZH2,nucleus,1
A1L4K1,FSD2,endoplasmic_reticulum;nucleus,2
Q969S9-2,GFM2,mitochondrion,1
Q6ZVF9,GPRIN3,plasma_membrane,1
P40939,HADHA,mitochondrion,1
P05107,ITGB2,cell junction;extracellular;plasma_membrane;vesicle,4
Q14244,MAP7,cytoskeleton;cytosol;plasma_membrane,3
P40692,MLH1,nucleus,1
Q96H55-3,MYO19,cytoskeleton;cytosol;mitochondrion,3
Q9Y3T9,NOC2L,nucleolus;nucleus,2
Q96C12,ARMC5,cell junction;cytosol;nucleus,3
P04150-2,NR3C1,cytoskeleton;cytosol;mitochondrion;nucleus,4
Q5BJF6-2,ODF2,cytoskeleton;cytosol;nucleus;plasma_membrane,4
Q68BL8-2,OLFML2B,extracellular,1
P29120,PCSK1,extracellular;plasma_membrane;vesicle,3
Q8N3S3-2,PHTF2,endoplasmic_reticulum,1
Q9BRB3,PIGQ,endoplasmic_reticulum;nucleus,2
P01833,PIGR,extracellular;lysosome;plasma_membrane;vesicle,4
Q9BRC7,PLCD4,cytosol;endoplasmic_reticulum;nucleus;plasma_membrane,4
Q9BQI7,PSD2,plasma_membrane,1
Q2TAL8,QRICH1,nucleus;plasma_membrane,2
Q8IXT5,RBM12B,nucleus,1
Q9NW13,RBM28,nucleolus;nucleus,2
P48380-2,RFX3,nucleus,1
Q9HBX9,RXFP1,plasma_membrane,1
Q01826-2,SATB1,nucleus,1
Q15437,SEC23B,cytosol;endoplasmic_reticulum;golgi;nucleus;vesicle,5
Q99985,SEMA3C,extracellular;plasma_membrane;vesicle,3
Q5TCJ7,SEMA4A,plasma_membrane,1
Q96HI0,SENP5,nucleolus;nucleus,2
P40763-2,STAT3,cytosol;nucleus;plasma_membrane,3
Q14765,STAT4,cytosol;nucleus,2
Q9ULU8-2,CADPS,cell junction;cytosol;synapse;vesicle,4
Q8TDW5,SYTL5,plasma_membrane;vesicle,2
Q15572-2,TAF1C,nucleolus;nucleus,2
Q04724,TLE1,cytosol;nucleus,2
Q9BVJ6,UTP14A,cytosol;nucleolus;nucleus,3
Q5TAP6,UTP14C,cytosol;nucleolus;nucleus,3
Q6ZSB9-2,ZBTB49,cytoskeleton;cytosol;nucleus,3
Q9HBT7,ZNF287,nucleus,1
P00751,CFB,extracellular;plasma_membrane;vesicle,3
O75175,CNOT3,cytosol;nucleus,2
P83436,COG7,golgi;nucleolus;nucleus;vesicle,4
P49747,COMP,extracellular;vesicle,2
P50416-2,CPT1A,mitochondrion,1
Q8N436,CPXM2,extracellular,1
P98082-2,DAB2,cell junction;cytosol;lysosome;nucleolus;nucleus;plasma_membrane;vesicle,7
P49619-3,DGKG,cytoskeleton;cytosol;plasma_membrane,3
Q8IX18-2,DHX40,nucleus,1
Q2M3G0,ABCB5,plasma_membrane,1
Q9UKF2-2,ADAM30,endosome;plasma_membrane;vesicle,3
Q9BQ52-3,ELAC2,cytosol;mitochondrion;nucleus,3
O00423-3,EML1,cytoskeleton;cytosol,2
Q12929,EPS8,extracellular;plasma_membrane;vesicle,3
P19447,ERCC3,nucleus,1
Q8TAG9,EXOC6,cytosol;plasma_membrane;vesicle,3
Q8NFN8,GPR156,plasma_membrane,1
P42263,GRIA3,cell junction;plasma_membrane;synapse;vesicle,4
Q8NA54,IQUB,cytoskeleton;plasma_membrane;vesicle,3
Q8TC27,ADAM32,plasma_membrane,1
Q9Y597-2,KCTD3,plasma_membrane,1
Q92845,KIFAP3,cytoskeleton;cytosol;endoplasmic_reticulum;nucleus;plasma_membrane,5
Q6P9F7,LRRC8B,endoplasmic_reticulum;nucleus;plasma_membrane,3
E9PGZ2,LRRFIP1,cytoskeleton;cytosol;nucleus;plasma_membrane,4
P25205,MCM3,cytoskeleton;nucleus,2
O15146-2,MUSK,cell junction;plasma_membrane;synapse,3
Q32MK0,MYLK3,cytosol,1
Q92832-2,NELL1,extracellular;nucleus,2
Q99435,NELL2,extracellular,1
Q9UN75-2,PCDHA12,plasma_membrane,1
Q9Y5H8-2,PCDHA3,plasma_membrane,1
Q9UN74-2,PCDHA4,plasma_membrane,1
Q9Y5F2,PCDHB11,plasma_membrane,1
Q9Y5E4,PCDHB5,plasma_membrane,1
Q9Y5E2,PCDHB7,plasma_membrane,1
Q9Y5G8-2,PCDHGA5,plasma_membrane,1
Q17R89,ARHGAP44,cell junction;cytosol;endosome;plasma_membrane;synapse;vesicle,6
Q9Y5G3-2,PCDHGB1,plasma_membrane,1
Q9UN71-2,PCDHGB4,plasma_membrane,1
P17858,PFKL,cytosol;extracellular;vesicle,3
P08237,PFKM,cytosol;nucleus;plasma_membrane,3
O75366-2,AVIL,cell junction;cytoskeleton;plasma_membrane,3
Q01813,PFKP,cytosol;extracellular;nucleus;vesicle,4
Q96JS3,PGBD1,nucleus,1
Q3KR16,PLEKHG6,cell junction;cytoskeleton;cytosol;plasma_membrane,4
P29590-2,PML,cytosol;endoplasmic_reticulum;endosome;nucleolus;nucleus;vesicle,6
P18433-2,PTPRA,cell junction;extracellular;plasma_membrane;vesicle,4
Q13671,RIN1,cytoskeleton;cytosol;plasma_membrane;vesicle,4
Q6NUQ1,RINT1,cytosol;endoplasmic_reticulum;nucleus;vesicle,4
P23921,RRM1,cytosol,1
Q15459,SF3A1,nucleus,1
P57059,SIK1,nucleus,1
Q9Y345,SLC6A5,endosome;plasma_membrane;vesicle,3
Q02446,SP4,cytosol;nucleus,2
P42229,STAT5A,cytosol;nucleus,2
Q8IYB8,SUPV3L1,mitochondrion;nucleus,2
P55286,CDH8,cell junction;extracellular;plasma_membrane;synapse,4
O60603,TLR2,golgi;plasma_membrane;vesicle,3
O94886,TMEM63A,cytoskeleton;endosome;extracellular;lysosome;plasma_membrane;vesicle,6
P21580,TNFAIP3,cytosol;extracellular;lysosome;nucleus;vesicle,5
Q8TEL6,TRPC4AP,cytosol;plasma_membrane,2
Q2NL82,TSR1,cytosol;nucleolus;nucleus,3
Q14694-2,USP10,cytosol;endosome;nucleus;vesicle,4
Q9Y5T5-2,USP16,nucleus,1
Q08AM6,VAC14,endosome;golgi;vesicle,3
Q9UP83-2,COG5,cytosol;golgi;vesicle,3
P15498,VAV1,cytosol;plasma_membrane,2
Q8N393,ZNF786,nucleus,1
Q9UHI6,DDX20,cytoskeleton;cytosol;nucleus,3
Q9NR30,DDX21,cytosol;mitochondrion;nucleolus;nucleus,4
Q68D51,DENND2C,nucleus,1
Q8IXB1-2,DNAJC10,endoplasmic_reticulum,1
Q5W041,ARMC3,extracellular;vesicle,2
Q93050-1,ATP6V0A1,cell junction;cytosol;endosome;extracellular;golgi;lysosome;nucleus;plasma_membrane;synapse;vesicle,10
Q6IQ26,DENND5A,cytosol;golgi,2
A8MTM6,DLGAP5,cytoskeleton;cytosol;mitochondrion;nucleus,4
Q6V1X1-3,DPP8,cytosol,1
Q86XK2-5,FBXO11,cytosol;nucleolus;nucleus,3
O14526-2,FCHO1,cytosol;nucleus;plasma_membrane,3
Q9HBG4,ATP6V0A4,endosome;extracellular;lysosome;plasma_membrane;vesicle,5
O75899,GABBR2,cell junction;plasma_membrane;synapse,3
Q9HCL2,GPAM,mitochondrion,1
Q96D09,GPRASP2,cytosol;nucleus,2
Q86VF2-2,IGFN1,nucleus,1
Q06033-2,ITIH3,extracellular;vesicle,2
Q5T7B8,KIF24,cytoskeleton;cytosol,2
Q6VAB6,KSR2,cytosol;plasma_membrane,2
O43196-2,MSH5,nucleus,1
Q5T5X7,BEND3,nucleolus;nucleus,2
P52849,NDST2,golgi,1
O95803,NDST3,golgi,1
Q9BZF1-2,OSBPL8,cytosol;endoplasmic_reticulum;nucleus,3
Q9Y5G4-2,PCDHGA9,plasma_membrane,1
Q9Y5F7-2,PCDHGC4,plasma_membrane,1
P35913-2,PDE6B,plasma_membrane,1
Q96J94,PIWIL1,nucleus,1
Q7Z3Z4,PIWIL4,mitochondrion;nucleus,2
Q99959-2,PKP2,cell junction;cytoskeleton;nucleus;plasma_membrane,4
Q9H7P9-3,PLEKHG2,cytosol,1
Q8ND30,PPFIBP2,cell junction;cytosol;extracellular;synapse,4
P11216,PYGB,extracellular;lysosome;vesicle,3
P98175-2,RBM10,nucleus,1
Q9NPR2-2,SEMA4B,plasma_membrane,1
Q8NBJ9-2,SIDT2,lysosome;plasma_membrane,2
Q9H5Y7,SLITRK6,plasma_membrane,1
Q9BXP5-2,SRRT,nucleus,1
P42226,STAT6,cytosol;nucleus,2
Q8IWU5-2,SULF2,endoplasmic_reticulum;extracellular;golgi;plasma_membrane,4
Q9Y6A5,TACC3,cytoskeleton;cytosol;plasma_membrane,3
P10643,C7,extracellular;plasma_membrane;vesicle,3
Q13488,TCIRG1,endosome;lysosome;plasma_membrane;vesicle,4
Q8NDG6,TDRD9,nucleus,1
Q8WUH2,TGFBRAP1,endosome;vesicle,2
O95985-2,TOP3B,nucleus,1
Q9UHF7-2,TRPS1,nucleus,1
P33981,TTK,cytoskeleton;nucleus,2
Q8TCY9-2,URGCP,cytosol;nucleus,2
Q14D04,VEPH1,plasma_membrane,1
Q8TBZ0,CCDC110,cytoskeleton;golgi;nucleus,3
O94967-2,WDR47,cytoskeleton,1
O00308,WWP2,cytosol;extracellular;nucleus;vesicle,4
Q15911-2,ZFHX3,nucleus,1
Q5JVG2,ZNF484,nucleus,1
Q96KM6,ZNF512B,nucleus,1
Q6ZP82-2,CCDC141,cytoskeleton;plasma_membrane,2
O75309,CDH16,cell junction;extracellular;plasma_membrane;synapse;vesicle,5
Q12864,CDH17,cell junction;nucleus;plasma_membrane,3
Q6ZTQ4-2,CDHR3,cell junction;plasma_membrane,2
O15516,CLOCK,cytosol;nucleus,2
Q08345-2,DDR1,extracellular;plasma_membrane;vesicle,3
Q9UHI8,ADAMTS1,extracellular,1
Q32M45,ANO4,plasma_membrane,1
O43909,EXTL3,endoplasmic_reticulum;golgi;nucleus;plasma_membrane,4
Q9HCG7-2,GBA2,cytosol;endoplasmic_reticulum;golgi;nucleus;plasma_membrane,5
P42261,GRIA1,cell junction;endoplasmic_reticulum;endosome;er_golgi_intermediate;golgi;nucleus;plasma_membrane;synapse;vesicle,9
P63010-2,AP2B1,cytosol;endosome;lysosome;plasma_membrane;vesicle,5
Q14833,GRM4,plasma_membrane;vesicle,2
Q9ULD6,INTU,cytoskeleton;plasma_membrane,2
Q9UI26-2,IPO11,cytosol;nucleus,2
Q6UXG2-3,KIAA1324,endoplasmic_reticulum;endosome;extracellular;golgi;lysosome;nucleus;plasma_membrane;vesicle,8
Q96GW7,BCAN,cell junction;extracellular;golgi;lysosome;synapse,5
Q15031,LARS2,mitochondrion,1
O75473,LGR5,golgi;nucleus;plasma_membrane,3
P49917,LIG4,nucleus,1
P49736,MCM2,nucleus,1
Q9Y6X9,MORC2,cytosol;nucleus,2
P43246,MSH2,nucleus,1
Q8TBZ2,MYCBPAP,cytoskeleton;endosome;plasma_membrane;vesicle,4
Q9H0E9-2,BRD8,mitochondrion;nucleus,2
Q14112-2,NID2,extracellular;plasma_membrane;vesicle,3
O95427,PIGN,cytosol;endoplasmic_reticulum;nucleus;plasma_membrane,4
Q9BZ71,PITPNM3,cytosol,1
Q15269,PWP2,nucleolus;nucleus,2
A6NKN2,RBBP8,nucleus,1
Q9Y4C8,RBM19,nucleolus;nucleus,2
Q8HWS3,RFX6,nucleus,1
Q12770,SCAP,endoplasmic_reticulum;golgi;nucleus;vesicle,4
Q9NXF1,TEX10,mitochondrion;nucleolus;nucleus,3
Q9Y2W1,THRAP3,extracellular;nucleus;vesicle,3
O15455,TLR3,endoplasmic_reticulum;endosome;golgi;lysosome;nucleus;plasma_membrane;vesicle,7
Q8IWX7-3,UNC45B,cytosol,1
Q9Y4E8-2,USP15,cytosol;mitochondrion;nucleus,3
Q9HBJ7,USP29,cytosol;nucleus;plasma_membrane,3
Q9H0M0-3,WWP1,cell junction;cytosol;extracellular;nucleus;plasma_membrane;vesicle,6
Q5SVZ6,ZMYM1,nucleus,1
Q9Y4E5-2,ZNF451,nucleus,1
Q14008-2,CKAP5,cytoskeleton;cytosol;nucleolus;nucleus;plasma_membrane,5
Q96P44-3,COL21A1,cytosol;endoplasmic_reticulum;extracellular,3
Q13620-1,CUL4B,cytosol;extracellular;nucleus;vesicle,4
Q96FC9-2,DDX11,cytoskeleton;extracellular;nucleolus;nucleus;vesicle,5
Q8TF46,DIS3L,cytoskeleton;cytosol;plasma_membrane,3
Q9P1A6-2,DLGAP2,cell junction;cytoskeleton;plasma_membrane;synapse,4
O75061-2,DNAJC6,cell junction;cytosol;synapse;vesicle,4
Q9UL01,DSE,endoplasmic_reticulum;golgi;nucleus;vesicle,4
Q15029,EFTUD2,cytosol;nucleus,2
Q99613,EIF3C,cytosol,1
Q9UPM8,AP4E1,endosome;golgi;vesicle,3
P13637,ATP1A3,cell junction;endoplasmic_reticulum;extracellular;golgi;plasma_membrane;synapse;vesicle,7
O94933,SLITRK3,cell junction;er_golgi_intermediate;plasma_membrane;synapse,4
Q92502-2,STARD8,cell junction,1
Q9NYK1,TLR7,endoplasmic_reticulum;endosome;golgi;lysosome;nucleus;plasma_membrane;vesicle,7
O43156,TTI1,nucleus,1
Q9BX63-2,BRIP1,nucleus,1
Q02246,CNTN2,cell junction;plasma_membrane;synapse,3
Q63HQ2-2,EGFLAM,cell junction;extracellular;plasma_membrane;synapse,4
Q96L91-2,EP400,nucleus,1
Q9Y3R0-2,GRIP1,cell junction;cytosol;endoplasmic_reticulum;nucleus;plasma_membrane;synapse;vesicle,7
Q9UBN7,HDAC6,cytoskeleton;cytosol;endosome;nucleus;plasma_membrane;vesicle,6
P14735,IDE,cytosol;extracellular;mitochondrion;nucleus;peroxisome;plasma_membrane;vesicle,7
O75448-2,MED24,nucleus,1
O00159-2,MYO1C,cytoskeleton;cytosol;extracellular;nucleolus;nucleus;plasma_membrane;vesicle,7
Q9HCE6-2,ARHGEF10L,cytosol,1
Q7RTW8-2,OTOA,extracellular;plasma_membrane,2
Q9P2E7,PCDH10,plasma_membrane,1
P16885,PLCG2,cytosol;extracellular;plasma_membrane;vesicle,4
A1L390-3,PLEKHG3,cytoskeleton;cytosol,2
O43314-2,PPIP5K2,cytosol,1
Q8NDX1-2,PSD4,plasma_membrane,1
P07949-2,RET,endosome;plasma_membrane;vesicle,3
Q9UP95-2,SLC12A4,lysosome;plasma_membrane,2
Q8WWF1,C1orf54,extracellular,1
Q9H0N5,PCBD2,mitochondrion,1
Q9NR33,POLE4,nucleus,1
O60437,PPL,cell junction;cytoskeleton;cytosol;extracellular;plasma_membrane;vesicle,6
Q9HC23,PROK2,extracellular,1
Q9HBI5,C3orf14,plasma_membrane,1
O43653,PSCA,extracellular;plasma_membrane;vesicle,3
P20742,PZP,extracellular;vesicle,2
Q7Z6E9-2,RBBP6,cytoskeleton;cytosol;nucleolus;nucleus,4
Q9UIA0,CYTH4,cytoskeleton;cytosol;extracellular;golgi;plasma_membrane,5
O14796,SH2D1B,cytosol,1
P03973,SLPI,extracellular;vesicle,2
Q9NY87,SPANXC,nucleus,1
Q0VAF6,SYCN,vesicle,1
O95183,VAMP5,endosome;extracellular;plasma_membrane;vesicle,4
Q12879,GRIN2A,cell junction;endoplasmic_reticulum;nucleus;plasma_membrane;synapse;vesicle,6
Q86VI3,IQGAP3,cytosol,1
Q9UHA4,LAMTOR3,cell junction;endosome;extracellular;lysosome;plasma_membrane;vesicle,6
P09382,LGALS1,cytosol;endoplasmic_reticulum;extracellular;plasma_membrane;vesicle,5
Q14210,LY6D,extracellular;plasma_membrane,2
O95868,LY6G6D,extracellular;plasma_membrane,2
P16860,NPPB,extracellular,1
Q6ULP2-2,AFTPH,cytosol;golgi;nucleus;vesicle,4
O95990-2,FAM107A,cell junction;cytoskeleton;nucleus;plasma_membrane;synapse,5
P26885,FKBP2,endoplasmic_reticulum;nucleus,2
Q14435,GALNT3,extracellular;golgi;vesicle,3
P02100,HBE1,cytosol;extracellular,2
Q9H5F2,C11orf1,cytoskeleton;nucleus;plasma_membrane,3
P09105,HBQ1,cytosol,1
P34932,HSPA4,cytosol;extracellular;nucleus;vesicle,4
Q14641,INSL4,extracellular,1
O95751,LDOC1,nucleolus;nucleus,2
Q8TCE9,LGALS14,nucleus,1
O43766,LIAS,mitochondrion,1
Q9Y4Z0,LSM4,cytosol;nucleus,2
O94772,LY6H,extracellular;plasma_membrane,2
P61626,LYZ,extracellular;golgi;lysosome;vesicle,4
O75951,LYZL6,extracellular;plasma_membrane;vesicle,3
Q8NI22,MCFD2,endoplasmic_reticulum;er_golgi_intermediate;golgi;nucleus;vesicle,5
Q9P0M9,MRPL27,mitochondrion,1
Q9H903,MTHFD2L,mitochondrion,1
O43924,PDE6D,cytosol;plasma_membrane;vesicle,3
O75817,POP7,nucleolus;nucleus,2
O60896,RAMP3,lysosome;plasma_membrane,2
Q96MS0,ROBO3,plasma_membrane,1
P39019,RPS19,cell junction;cytosol;extracellular;nucleolus;nucleus;synapse;vesicle,7
Q96RS0,TGS1,cytosol;extracellular;nucleolus;nucleus,4
Q15388,TOMM20,mitochondrion;plasma_membrane,2
Q9UL33-2,TRAPPC2L,cytosol;endoplasmic_reticulum;golgi;nucleus;vesicle,5
P83876,TXNL4A,cytosol;nucleus,2
Q8N6M9,ZFAND2A,endoplasmic_reticulum;nucleus,2
Q9UC07-2,ZNF69,nucleus,1
Q68DI1,ZNF776,nucleus,1
Q13901,C1D,nucleolus;nucleus,2
Q9Y2V2,CARHSP1,cytosol,1
Q7L2Z9,CENPQ,cytosol;nucleus,2
P04141,CSF2,extracellular;plasma_membrane,2
Q9H112-2,CST11,extracellular;nucleus;plasma_membrane,3
Q15828,CST6,extracellular;vesicle,2
Q9Y5T4,DNAJC15,mitochondrion,1
O60869-2,EDF1,cytosol;nucleolus;nucleus,3
P16157-10,ANK1,cytoskeleton;cytosol;endoplasmic_reticulum;plasma_membrane,4
P56539,CAV3,cell junction;endoplasmic_reticulum;golgi;plasma_membrane;synapse,5
P47902-2,CDX1,nucleus,1
Q9UBR5-2,CKLF,extracellular,1
Q9UHP7-2,CLEC2D,endoplasmic_reticulum;plasma_membrane,2
P58335-2,ANTXR2,endoplasmic_reticulum;endosome;extracellular;nucleus;plasma_membrane;vesicle,6
Q9H9Q2,COPS7B,cytosol;nucleus,2
O00230,CORT,extracellular,1
P20674,COX5A,mitochondrion,1
Q8WVH0,CPLX3,cell junction;plasma_membrane;synapse,3
O60888-2,CUTA,extracellular;mitochondrion;vesicle,3
Q4LDG9,DNAL1,cytoskeleton;plasma_membrane,2
Q9BVJ7,DUSP23,cytosol;nucleus,2
Q8NAU1-3,FNDC5,endoplasmic_reticulum;extracellular;peroxisome;plasma_membrane,4
P56377,AP1S2,cytosol;endosome;golgi;lysosome;plasma_membrane;vesicle,6
Q96AT1,KIAA1143,extracellular;nucleus,2
P02144,MB,cytosol;extracellular;vesicle,3
O14880,MGST3,endoplasmic_reticulum;mitochondrion;nucleus,3
Q8N5N7,MRPL50,mitochondrion,1
O15511-2,ARPC5,cell junction;cytoskeleton;cytosol;extracellular;nucleus;vesicle,6
Q9NX14-2,NDUFB11,mitochondrion,1
P01160,NPPA,extracellular,1
Q8WVJ2,NUDCD2,cytoskeleton;cytosol;extracellular;nucleus,4
A1E959,ODAM,cytoskeleton;cytosol;extracellular;nucleus,4
Q9UHV9,PFDN2,cytosol;mitochondrion;nucleus,3
P98179,RBM3,nucleus;plasma_membrane,2
Q9BYZ8,REG4,extracellular,1
Q0D2K3,RIPPLY1,nucleus,1
Q9Y3C5,RNF11,endosome;extracellular;nucleus;vesicle,4
P62750,RPL23A,cytosol;extracellular;nucleolus;nucleus;vesicle,5
Q9H633-3,RPP21,nucleolus;nucleus,2
P62280,RPS11,cell junction;cytosol;extracellular;nucleolus;nucleus;vesicle,6
P62263,RPS14,cell junction;cytosol;endoplasmic_reticulum;extracellular;nucleolus;nucleus;synapse;vesicle,8
O15126,SCAMP1,endosome;golgi;plasma_membrane;vesicle,4
P27449,ATP6V0C,cell junction;endosome;extracellular;golgi;lysosome;plasma_membrane;synapse;vesicle,8
Q6ZT89-3,SLC25A48,mitochondrion,1
Q8WVK2,SNRNP27,nucleus,1
Q9BWV1-3,BOC,plasma_membrane,1
Q9H7C4-2,SYNC,cell junction;cytoskeleton;cytosol;plasma_membrane;synapse,5
P63146,UBE2B,nucleus;plasma_membrane,2
Q96K76-2,USP47,cytosol;nucleus,2
Q9UBK9,UXT,cytoskeleton;nucleus,2
Q9H898-2,ZMAT4,nucleus,1
P15621-3,ZNF44,nucleus,1
Q5BVD1-2,C3orf52,endoplasmic_reticulum;plasma_membrane,2
P24752,ACAT1,endoplasmic_reticulum;extracellular;mitochondrion;vesicle,4
Q96PC3-2,AP1S3,cytosol;endosome;golgi;lysosome;plasma_membrane;vesicle,6
P38936,CDKN1A,cytosol;nucleolus;nucleus,3
P55273,CDKN2D,cytosol;nucleus,2
Q9Y2Y0-2,ARL2BP,cytoskeleton;cytosol;mitochondrion;nucleus;plasma_membrane,5
P23528,CFL1,cell junction;cytoskeleton;cytosol;extracellular;nucleus;plasma_membrane;vesicle,7
Q8N9N8,EIF1AD,cytosol;nucleus,2
Q8N5H3-2,FAM89B,plasma_membrane,1
P24522,GADD45A,nucleus,1
O95257,GADD45G,nucleus,1
P40933-2,IL15,endosome;extracellular;golgi;nucleus;vesicle,5
Q96PD4,IL17F,extracellular;plasma_membrane,2
O43908,KLRC4,plasma_membrane,1
Q6IAA8,LAMTOR1,endosome;extracellular;lysosome;plasma_membrane;vesicle,5
P62502,LCN6,extracellular,1
P61244-2,MAX,nucleus;plasma_membrane,2
Q99547,MPHOSPH6,cytosol;nucleolus;nucleus,3
Q8TCC3-2,MRPL30,mitochondrion,1
Q9UDX5,MTFP1,mitochondrion,1
Q4KMZ8,NKAIN1,plasma_membrane,1
P20290-2,BTF3,cytosol;nucleus,2
Q96DE0,NUDT16,nucleolus;nucleus,2
Q13526,PIN1,cell junction;cytoskeleton;cytosol;nucleus;plasma_membrane;synapse,6
P20382,PMCH,extracellular,1
Q969H6,POP5,nucleolus;nucleus,2
Q9H2H8,PPIL3,nucleus,1
Q15185,PTGES3,cytosol;nucleus,2
Q9HD47-2,RANGRF,cell junction;cytosol;endoplasmic_reticulum;nucleus;plasma_membrane,5
Q99969,RARRES2,extracellular;vesicle,2
P05451,REG1A,extracellular;vesicle,2
O14521,SDHD,mitochondrion,1
P63208,SKP1,cytoskeleton;cytosol;nucleus,3
P09234,SNRPC,nucleus,1
O60493-4,SNX3,cytosol;endosome;extracellular;vesicle,4
Q9Y4P9-2,SPEF1,cytoskeleton;plasma_membrane,2
Q16514-2,TAF12,nucleus,1
P04216,THY1,cell junction;endoplasmic_reticulum;extracellular;plasma_membrane;vesicle,5
Q86UB9-2,TMEM135,mitochondrion;peroxisome,2
Q96B96,TMEM159,endoplasmic_reticulum;nucleus,2
P02585,TNNC2,cytoskeleton;cytosol,2
O15205,UBD,cytosol;nucleolus;nucleus,3
Q96B02-2,UBE2W,nucleus,1
Q96LR7,C2orf50,plasma_membrane,1
Q8WUD4,CCDC12,nucleus,1
Q7Z2E3-7,APTX,nucleolus;nucleus,2
P01579,IFNG,extracellular,1
Q9NZE8,MRPL35,mitochondrion,1
P10916,MYL2,cytoskeleton;cytosol,2
Q13232,NME3,cytoskeleton;cytosol;mitochondrion;plasma_membrane,4
Q9Y328,NSG2,endosome;golgi;lysosome;plasma_membrane;vesicle,5
Q9Y3C6,PPIL1,nucleolus;nucleus,2
Q12974,PTP4A2,cytosol;endosome;nucleus;plasma_membrane;vesicle,5
Q9HBH0-2,RHOF,cytoskeleton;cytosol;extracellular;plasma_membrane;vesicle,5
P52198,RND2,cytosol;plasma_membrane;vesicle,3
Q96F10,SAT2,extracellular;vesicle,2
Q7Z5L4,SPATA19,mitochondrion;plasma_membrane,2
Q92187,ST8SIA4,extracellular;golgi,2
O15273,TCAP,cytosol,1
Q9P016,THYN1,nucleolus;nucleus,2
P13693,TPT1,cytoskeleton;cytosol;endosome;extracellular;nucleus;vesicle,6
Q8WW01,TSEN15,nucleolus;nucleus,2
P30536,TSPO,cytosol;extracellular;mitochondrion;vesicle,4
O95881,TXNDC12,endoplasmic_reticulum,1
P40337-3,VHL,cytosol;endoplasmic_reticulum;mitochondrion;nucleus;plasma_membrane,5
P01282-2,VIP,extracellular;plasma_membrane,2
Q96DA0,ZG16B,extracellular;plasma_membrane;vesicle,3
Q9UDW3,ZMAT5,nucleus,1
Q9H609,ZNF576,nucleus,1
Q8IW36-1,ZNF695,nucleus,1
Q12798,CETN1,cytoskeleton;cytosol;nucleus;plasma_membrane,4
O15182,CETN3,cytoskeleton;nucleolus;nucleus,3
Q14011,CIRBP,nucleus,1
P62633-2,CNBP,cytosol;endoplasmic_reticulum,2
O76096,CST7,endoplasmic_reticulum;endosome;extracellular;golgi;lysosome;vesicle,6
Q9H773,DCTPP1,cytosol;mitochondrion;nucleus,3
Q99543-2,DNAJC2,cytosol;nucleolus;nucleus,3
Q96RJ6,FERD3L,nucleus,1
Q8WXD5,GEMIN6,cytosol;nucleus,2
Q9UBY9,HSPB7,nucleus,1
P07741,APRT,cytosol;extracellular;nucleus;vesicle,4
Q8WXK3,ASB13,cytosol,1
O75638-2,CTAG2,cytoskeleton,1
O75935-2,DCTN3,cytoskeleton;cytosol;nucleolus;nucleus;plasma_membrane,5
Q01658,DR1,cytoskeleton;nucleus,2
Q96IM9,DYDC2,cytoskeleton;plasma_membrane,2
Q5SQI0-2,ATAT1,cell junction;cytoskeleton;cytosol;golgi;plasma_membrane,5
Q96PY5-3,FMNL2,cytosol,1
Q96NB1,FOPNL,cytoskeleton;nucleus;plasma_membrane,3
P23434,GCSH,mitochondrion,1
P14770,GP9,plasma_membrane,1
P22301,IL10,extracellular,1
Q13241-2,KLRD1,plasma_membrane,1
Q9BPU9,B9D2,cytoskeleton;cytosol;nucleus;plasma_membrane,4
Q9H204,MED28,nucleus,1
Q9BYD1,MRPL13,mitochondrion,1
P82663,MRPS25,mitochondrion,1
P35070,BTC,extracellular;plasma_membrane;vesicle,3
O14950,MYL12B,cytoskeleton;cytosol;extracellular;vesicle,4
O00567,NOP56,nucleolus;nucleus,2
O75607,NPM3,nucleolus;nucleus,2
Q02818,NUCB1,endoplasmic_reticulum;er_golgi_intermediate;extracellular;golgi;vesicle,5
P36639-2,NUDT1,cytosol;mitochondrion;nucleus,3
O95989,NUDT3,cytosol;nucleus,2
Q13519,PNOC,cell junction;extracellular;plasma_membrane;synapse,4
Q96LZ3,PPP3R2,cytosol;mitochondrion,2
Q9Y2R2-2,PTPN22,cytosol;nucleus;plasma_membrane,3
P62913-2,RPL11,cytosol;extracellular;nucleolus;nucleus;vesicle,5
P67812,SEC11A,endoplasmic_reticulum;nucleus,2
Q76I76,SSH2,cell junction;cytoskeleton;extracellular;vesicle,4
Q93045,STMN2,cytosol;endosome;golgi;plasma_membrane;vesicle,5
Q9BTX3-2,TMEM208,endoplasmic_reticulum;nucleus,2
Q3KNT9-3,TMEM95,vesicle,1
O43557-2,TNFSF14,extracellular;plasma_membrane,2
Q9BRG1,VPS25,cytosol;endosome;extracellular;nucleus;vesicle,5
Q6UX27-3,VSTM1,extracellular;plasma_membrane,2
Q66K41-2,ZNF385C,nucleus,1
P23280,CA6,extracellular;vesicle,2
Q9NP86,CABP5,cytosol,1
Q03135,CAV1,cell junction;endoplasmic_reticulum;endosome;golgi;nucleus;plasma_membrane;vesicle,7
P61923,COPZ1,cytosol;endoplasmic_reticulum;golgi;nucleus;vesicle,5
Q8WUX2,CHAC2,cytosol,1
Q9BTE1,DCTN5,cytoskeleton;cytosol;nucleus,3
Q8IY21,DDX60,cytoskeleton;cytosol,2
P51452,DUSP3,cytosol;nucleus;plasma_membrane;synapse,4
Q9HCS5,EPB41L4A,cytoskeleton,1
Q8IZU0,FAM9B,nucleus,1
P61328-2,FGF12,extracellular;nucleolus;nucleus,3
P01275,GCG,endoplasmic_reticulum;extracellular;vesicle,3
Q9Y248,GINS2,nucleus,1
Q04760-2,GLO1,cytosol;extracellular;nucleus;plasma_membrane;vesicle,5
Q96EK6,GNPNAT1,cytosol;endosome;golgi;vesicle,4
P61296,HAND2,nucleus,1
P84085,ARF5,extracellular;golgi;plasma_membrane;vesicle,4
Q9NQE9,HINT3,mitochondrion;nucleus,2
Q16082,HSPB2,cytosol;nucleus,2
Q9BW83-2,IFT27,golgi;plasma_membrane,2
P01344-2,IGF2,extracellular;vesicle,2
Q9UHF5,IL17B,extracellular;plasma_membrane,2
Q9NV31,IMP3,nucleolus;nucleus,2
P36404,ARL2,cell junction;cytoskeleton;cytosol;golgi;mitochondrion;nucleolus;nucleus;plasma_membrane,8
Q9ULC4-2,MCTS1,cytosol,1
Q9NPA3,MID1IP1,cytoskeleton;cytosol;nucleus,3
Q9H0U6,MRPL18,extracellular;mitochondrion,2
Q9Y3D2,MSRB2,cytosol;mitochondrion,2
O95169,NDUFB8,mitochondrion,1
Q9Y221,NIP7,nucleolus;nucleus,2
Q13442,PDAP1,cytosol;extracellular;plasma_membrane;vesicle,4
Q9H0F7-2,ARL6,cytoskeleton;extracellular;plasma_membrane;vesicle,4
P62834,RAP1A,cell junction;cytosol;endosome;extracellular;plasma_membrane;synapse;vesicle,7
P04808,RLN1,extracellular,1
P04090,RLN2,extracellular,1
Q99942,RNF5,endoplasmic_reticulum;mitochondrion;nucleus;plasma_membrane,4
A3KN83-2,SBNO1,nucleus,1
Q96BM9,ARL8A,cell junction;cytoskeleton;endosome;extracellular;lysosome;plasma_membrane;synapse;vesicle,8
Q07699,SCN1B,cell junction;extracellular;plasma_membrane,3
Q9UNL2,SSR3,endoplasmic_reticulum;nucleus,2
Q9NZ72,STMN3,cytosol;golgi;plasma_membrane,3
E9PG96,TBRG1,nucleus,1
Q9H6X4-2,TMEM134,cytosol,1
Q9BQJ4,TMEM47,cell junction;plasma_membrane,2
Q8NBN3-3,TMEM87A,golgi;plasma_membrane,2
Q9P0T7,TMEM9,cytoskeleton;endosome;extracellular;lysosome;vesicle,5
F5H0B0,TPD52,endoplasmic_reticulum,1
Q6PIZ9,TRAT1,cytoskeleton;plasma_membrane,2
O00526,UPK2,extracellular;plasma_membrane;vesicle,3
Q9Y2V0,C15orf41,nucleus,1
Q13951,CBFB,nucleus,1
O95971,CD160,extracellular;plasma_membrane,2
Q9NRW3,APOBEC3C,nucleus,1
Q96SL4,GPX7,endoplasmic_reticulum;extracellular,2
P01566,IFNA10,extracellular,1
P05013,IFNA6,extracellular,1
P01574,IFNB1,extracellular,1
Q14116,IL18,cytosol;extracellular,2
P24390,KDELR1,endoplasmic_reticulum;er_golgi_intermediate;golgi;nucleus;vesicle,5
O95445,APOM,extracellular,1
Q6UWQ5-2,LYZL1,extracellular,1
B1AK64,MEAF6,nucleolus;nucleus,2
P62166,NCS1,cell junction;cytosol;golgi;plasma_membrane;synapse,5
O43674,NDUFB5,mitochondrion;nucleus,2
Q9BZM1,PLA2G12A,extracellular,1
O75688-2,PPM1B,cytosol;nucleus,2
P63000-2,RAC1,cell junction;cytoskeleton;cytosol;endoplasmic_reticulum;endosome;extracellular;golgi;nucleolus;nucleus;plasma_membrane;synapse;vesicle,12
Q12983,BNIP3,endoplasmic_reticulum;mitochondrion;nucleus;plasma_membrane,4
P15153,RAC2,cell junction;cytoskeleton;cytosol;endoplasmic_reticulum;extracellular;mitochondrion;nucleus;plasma_membrane;vesicle,9
P61586,RHOA,cell junction;cytoskeleton;cytosol;endoplasmic_reticulum;endosome;extracellular;nucleus;plasma_membrane;synapse;vesicle,10
Q15669,RHOH,plasma_membrane,1
Q96GF1,RNF185,endoplasmic_reticulum;mitochondrion;nucleus,3
Q07020,RPL18,cell junction;cytosol;endoplasmic_reticulum;nucleolus;nucleus,5
P62081,RPS7,cell junction;cytoskeleton;cytosol;nucleolus;nucleus,5
Q9BY50,SEC11C,endoplasmic_reticulum;nucleus,2
O15431,SLC31A1,endosome;plasma_membrane;vesicle,3
Q5W0U4,BSPRY,cytosol,1
Q9BRW7,SSX3,nucleus,1
P13385,TDGF1,extracellular;plasma_membrane,2
Q8IUR0,TRAPPC5,cytosol;endoplasmic_reticulum;endosome;er_golgi_intermediate;golgi;vesicle,6
Q7Z7D3,VTCN1,plasma_membrane,1
B7Z5R0,ZNF747,nucleus,1
Q8N668,COMMD1,cytosol;endosome;nucleus;vesicle,4
O00399,DCTN6,cytoskeleton;cytosol;nucleus,3
Q9H596,DUSP21,mitochondrion;nucleolus;nucleus;plasma_membrane,4
P17900,GM2A,extracellular;lysosome;plasma_membrane;vesicle,4
Q9UHK6,AMACR,cytosol;mitochondrion;peroxisome;plasma_membrane,4
Q969Q4,ARL11,plasma_membrane,1
Q96HU8,DIRAS2,plasma_membrane,1
P52798,EFNA4,extracellular;plasma_membrane,2
P49703,ARL4D,nucleolus;nucleus;plasma_membrane,3
Q9Y3B2,EXOSC1,cytosol;nucleolus;nucleus,3
O94988-1,FAM13A,cytosol,1
Q9UJY1,HSPB8,cytosol;nucleus,2
Q659C4-2,LARP1B,cytosol;nucleus,2
P52815,MRPL12,mitochondrion,1
P08590,MYL3,cytoskeleton;cytosol,2
Q8TCD5,NT5C,cytosol;extracellular;mitochondrion;nucleus;vesicle,5
P49721,PSMB2,cell junction;cytosol;extracellular;nucleus;synapse;vesicle,6
P51151,RAB9A,cytosol;endoplasmic_reticulum;endosome;extracellular;golgi;lysosome;nucleus;plasma_membrane;vesicle,9
P53805-2,RCAN1,nucleus,1
P35243,RCVRN,plasma_membrane,1
Q96A58,RERG,cytosol;nucleolus;nucleus;plasma_membrane,4
Q08116,RGS1,cytosol;plasma_membrane,2
P84098,RPL19,cell junction;cytosol;nucleolus;nucleus,4
Q9Y467,SALL2,nucleus,1
Q9NR31,SAR1A,cytosol;endoplasmic_reticulum;golgi;lysosome;nucleus;vesicle,6
P11686-2,SFTPC,endoplasmic_reticulum;endosome;extracellular;nucleus;vesicle,5
Q9NVP2,ASF1B,cytosol;nucleus,2
Q9H106,SIRPD,extracellular;plasma_membrane,2
O14508,SOCS2,cytosol,1
P37802,TAGLN2,cytoskeleton;cytosol;extracellular;vesicle,4
Q96F44-3,TRIM11,cytosol;nucleus,2
Q9NWT8,AURKAIP1,mitochondrion;nucleus,2
Q9NPD8,UBE2T,nucleolus;nucleus,2
O15498,YKT6,cytosol;endoplasmic_reticulum;endosome;er_golgi_intermediate;golgi;mitochondrion;plasma_membrane;vesicle,8
Q9P0T4,ZNF581,nucleus,1
Q96P56-2,CATSPER2,plasma_membrane,1
Q9H8E5,CCDC69,cytoskeleton;nucleus,2
Q07108,CD69,plasma_membrane,1
Q16878,CDO1,cytosol,1
Q02985,CFHR3,extracellular;vesicle,2
O75596,CLEC3A,extracellular,1
Q9Y6G5,COMMD10,endosome;nucleus;vesicle,3
Q3I5F7,ACOT6,cytosol;peroxisome,2
Q99627,COPS8,cytosol;extracellular;nucleus;vesicle,4
Q6NUN0-2,ACSM5,mitochondrion,1
P31371,FGF9,extracellular,1
Q9NZD2,GLTP,cytosol,1
O75496,GMNN,cytosol;nucleus,2
O95843,GUCA1C,plasma_membrane,1
Q86WN2,IFNE,extracellular,1
Q96AB3-2,ISOC2,cytosol;mitochondrion;nucleus,3
P01374,LTA,extracellular;plasma_membrane,2
Q6UWN0-2,LYPD4,extracellular;plasma_membrane,2
Q13257,MAD2L1,cytoskeleton;cytosol;nucleus,3
Q9BUE0,MED18,nucleus,1
Q9BUU2,METTL22,nucleolus;nucleus,2
Q96G30,MRAP2,endoplasmic_reticulum;nucleus;plasma_membrane,3
Q7Z2W9,MRPL21,mitochondrion,1
P49914,MTHFS,cytosol;mitochondrion,2
Q9BW11-3,MXD3,nucleus,1
Q9GZP4-2,PITHD1,nucleus,1
P19388,POLR2E,cytosol;nucleolus;nucleus,3
Q53H80,AKIRIN2,nucleus,1
P49720,PSMB3,cell junction;cytosol;extracellular;nucleus;synapse;vesicle,6
P62820,RAB1A,cytosol;endoplasmic_reticulum;endosome;extracellular;golgi;vesicle,6
Q15771,RAB30,golgi;lysosome;vesicle,3
Q9NRW1,RAB6B,er_golgi_intermediate;golgi;vesicle,3
P41220-2,RGS2,cytosol;mitochondrion;nucleolus;nucleus;plasma_membrane,5
P49798,RGS4,nucleus;plasma_membrane,2
P60153,RNASE9,extracellular,1
P40429,RPL13A,cell junction;cytosol;nucleolus;nucleus,4
Q6UX39,AMTN,cell junction;endoplasmic_reticulum;extracellular,3
P61313,RPL15,cytosol;nucleus,2
P82979,SARNP,nucleus,1
Q8NFX7-2,STXBP6,cell junction,1
Q96MN5,TCEANC2,nucleus,1
Q8N511,TMEM199,endoplasmic_reticulum;er_golgi_intermediate;golgi;nucleus;vesicle,5
Q969T4,UBE2E3,cytosol;nucleus,2
Q96HA8,WDYHV1,cytosol;nucleus,2
Q6FIF0-2,ZFAND6,cytosol,1
Q5T5D8,ZNF684,nucleus,1
Q9H741,C12orf49,golgi,1
Q496F6,CD300E,plasma_membrane,1
Q01151,CD83,plasma_membrane,1
Q9NXR5-2,ANKRD10,nucleus,1
Q96KS9,FAM167A,endoplasmic_reticulum,1
P62993,GRB2,cytosol;endosome;extracellular;golgi;nucleolus;nucleus;plasma_membrane;vesicle,8
P09429,HMGB1,endoplasmic_reticulum;er_golgi_intermediate;extracellular;nucleus;plasma_membrane;vesicle,6
P00492,HPRT1,cytosol;extracellular;vesicle,3
Q9Y581,INSL6,extracellular,1
O43731-2,KDELR3,endoplasmic_reticulum;golgi;nucleus;vesicle,4
Q86SG7,LYG2,extracellular,1
P82930,MRPS34,mitochondrion,1
O75251,NDUFS7,mitochondrion,1
Q9Y4Z2,NEUROG3,nucleus,1
Q9BSH3,NICN1,cytoskeleton;nucleus,2
Q96T66-2,NMNAT3,mitochondrion,1
Q9BRJ7,NUDT16L1,nucleus,1
Q92882,OSTF1,cytosol;extracellular;vesicle,3
Q9BXU9,CALN1,golgi;plasma_membrane,2
Q9UKL6-2,PCTP,cytosol,1
Q9BUL8,PDCD10,cytosol;extracellular;golgi;plasma_membrane;vesicle,5
Q86XP0-2,PLA2G4D,cytosol,1
Q9BT43,POLR3GL,cytosol;nucleus,2
O95707,POP4,nucleolus;nucleus,2
P62491,RAB11A,cell junction;cytoskeleton;cytosol;endosome;extracellular;golgi;plasma_membrane;synapse;vesicle,9
O00194,RAB27B,endosome;extracellular;golgi;plasma_membrane;vesicle,5
Q96DA2,RAB39B,golgi;lysosome;plasma_membrane;vesicle,4
P20339,RAB5A,cell junction;cytosol;endosome;extracellular;nucleus;plasma_membrane;synapse;vesicle,8
P62826,RAN,cytoskeleton;cytosol;endosome;extracellular;nucleolus;nucleus;vesicle,7
Q93062-5,RBPMS,cytosol;nucleus,2
Q9HAT0,ROPN1,nucleus;plasma_membrane,2
P05408-2,SCG5,extracellular;vesicle,2
O14735,CDIPT,endoplasmic_reticulum;golgi;nucleus;plasma_membrane,4
Q99470,SDF2,endoplasmic_reticulum,1
O75396,SEC22B,endoplasmic_reticulum;er_golgi_intermediate;golgi;lysosome;nucleus;vesicle,6
O00161-2,SNAP23,cell junction;extracellular;lysosome;mitochondrion;nucleus;plasma_membrane;synapse;vesicle,8
Q96L92-3,SNX27,cell junction;cytosol;endosome;plasma_membrane;synapse;vesicle,6
Q9BQB4,SOST,extracellular,1
Q8IXA5,SPACA3,extracellular;plasma_membrane;vesicle,3
Q9H169-2,STMN4,golgi;plasma_membrane,2
Q8TDR4,TCP10L,nucleus,1
Q96B77,TMEM186,mitochondrion,1
O60636,TSPAN2,nucleus;plasma_membrane,2
Q8TBF4,ZCRB1,cytosol;nucleus,2
O43633,CHMP2A,cytoskeleton;cytosol;endosome;extracellular;lysosome;nucleus;plasma_membrane;vesicle,8
Q9NZZ3,CHMP5,cytoskeleton;cytosol;endosome;extracellular;lysosome;nucleus;plasma_membrane;vesicle,8
Q9BW66,CINP,nucleus,1
Q9P0M2,AKAP7,cytosol;nucleus;plasma_membrane,3
P55789,GFER,cytosol;extracellular;mitochondrion,3
Q7Z5G4,GOLGA7,extracellular;golgi;vesicle,3
O00479,HMGN4,nucleus,1
P17509,HOXB6,nucleus,1
Q9UK45,LSM7,cytosol;nucleus,2
O75934,BCAS2,cytoskeleton;nucleolus;nucleus,3
Q15528-2,MED22,nucleus,1
Q9Y605,MRFAP1,nucleus,1
P82673-2,MRPS35,mitochondrion,1
Q7Z3B1,NEGR1,cell junction;endosome;extracellular;plasma_membrane;synapse;vesicle,6
P48539,PCP4,cytosol;nucleus,2
P52435,POLR2J,nucleus,1
O75832,PSMD10,cytoskeleton;cytosol;nucleus,3
P47224,RABIF,cytosol,1
Q5QGT7,RTP2,plasma_membrane,1
Q9H299,SH3BGRL3,cytosol;extracellular;nucleus;plasma_membrane;vesicle,5
P14678-2,SNRPB,cytosol;nucleus,2
P08579,SNRPB2,nucleus,1
P37108,SRP14,cytosol;endoplasmic_reticulum;extracellular;nucleus;vesicle,5
Q9UHF0,TAC3,extracellular,1
Q8IYQ7,THNSL1,mitochondrion,1
Q9Y2Y6,TMEM98,endoplasmic_reticulum;extracellular;nucleus;plasma_membrane;vesicle,5
O75648-2,TRMU,mitochondrion,1
O75896,TUSC2,mitochondrion,1
O95164,UBL3,extracellular;plasma_membrane;vesicle,3
O43167,ZBTB24,nucleus,1
P06126,CD1A,endosome;extracellular;plasma_membrane;vesicle,4
P15813,CD1D,endoplasmic_reticulum;endosome;extracellular;lysosome;nucleus;plasma_membrane;vesicle,7
Q8NHZ8,CDC26,cytosol;nucleus,2
Q8TDD1-2,DDX54,nucleolus;nucleus,2
Q96KD3-2,FAM71F1,golgi,1
P27469,G0S2,mitochondrion,1
Q8TAE8,GADD45GIP1,mitochondrion;nucleus,2
P02489,CRYAA,cytosol;nucleus,2
P28325,CST5,extracellular;vesicle,2
O60676,CST8,extracellular;plasma_membrane,2
D6RH26,CXorf40A,mitochondrion,1
P56179-2,DLX6,nucleus,1
Q14507,EDDM3A,extracellular,1
Q8IZT9,FAM9C,nucleus,1
Q9NVK5-3,FGFR1OP2,cytosol,1
P09681,GIP,endoplasmic_reticulum;extracellular;vesicle,3
Q5VVC0,C1orf146,nucleus,1
Q9BX68,HINT2,mitochondrion,1
Q9NYY1,IL20,extracellular,1
Q9H293-2,IL25,extracellular;plasma_membrane,2
P13232,IL7,extracellular,1
A1A4Y4,IRGM,cytosol;endoplasmic_reticulum;endosome;golgi;lysosome;mitochondrion;nucleus;plasma_membrane;vesicle,9
Q14657,LAGE3,nucleus,1
Q6ISS4-2,LAIR2,extracellular;plasma_membrane,2
P41159,LEP,cytosol;extracellular,2
P25800,LMO1,nucleus,1
Q03112-3,MECOM,cytosol;nucleus,2
Q99735,MGST2,endoplasmic_reticulum;nucleus;plasma_membrane,3
Q8NDC4,MORN4,plasma_membrane,1
Q16540,MRPL23,mitochondrion;nucleolus;nucleus,3
O75570,MTRF1,mitochondrion,1
A7E2Y1-3,MYH7B,cytoskeleton,1
Q9P032,NDUFAF4,mitochondrion,1
Q8NFP7,NUDT10,cytosol;nucleus,2
P47874,OMP,cytosol;nucleus;plasma_membrane,3
Q8N5S3-2,C2orf73,plasma_membrane,1
Q5T2D3,OTUD3,cytosol;nucleus,2
Q93096,PTP4A1,cytoskeleton;endoplasmic_reticulum;endosome;nucleus;plasma_membrane;vesicle,6
O15539,RGS5,cytosol;plasma_membrane,2
Q8TDP1-2,RNASEH2C,nucleus,1
Q96ST3,SIN3A,nucleolus;nucleus,2
P61009,SPCS3,endoplasmic_reticulum;nucleus,2
Q01130,SRSF2,cytosol;nucleus,2
Q04837,SSBP1,extracellular;mitochondrion;nucleus;vesicle,4
Q9UNG2,TNFSF18,extracellular;plasma_membrane,2
Q8WVJ9,TWIST2,nucleolus;nucleus,2
Q969E3,UCN3,extracellular,1
Q16831,UPP1,cytosol;nucleus,2
O43257,ZNHIT1,nucleus,1
P01258,CALCA,extracellular,1
Q16667-2,CDKN3,cytosol;nucleus,2
Q9UFW8,CGGBP1,nucleus,1
Q92572,AP3S1,endosome;golgi;vesicle,3
Q9NTU7,CBLN4,cell junction;er_golgi_intermediate;extracellular;synapse,4
P32970,CD70,extracellular;plasma_membrane;vesicle,3
Q8N2M8-3,CLASRP,nucleus,1
Q9Y2B0,CNPY2,endoplasmic_reticulum,1
Q86X83,COMMD2,endosome;vesicle,2
P06850,CRH,extracellular,1
P47710-2,CSN1S1,extracellular,1
Q92564-2,DCUN1D4,nucleus,1
Q9NXU5,ARL15,extracellular;vesicle,2
Q9NRW4-2,DUSP22,cytosol;plasma_membrane,2
Q9NYL4,FKBP11,endoplasmic_reticulum,1
P02794,FTH1,cytosol;extracellular;lysosome;nucleus;vesicle,5
Q9NS71,GKN1,extracellular;golgi,2
Q96CS2,HAUS1,cytoskeleton;cytosol,2
Q9UBX0,HESX1,nucleus,1
P01568,IFNA21,extracellular,1
O15063,KIAA0355,cytosol,1
Q7Z4W2-2,LYZL2,extracellular,1
P56559,ARL4C,cytosol;mitochondrion;nucleus;plasma_membrane,4
P49006,MARCKSL1,cytoskeleton;extracellular;plasma_membrane;vesicle,4
P02686-2,MBP,cytosol;nucleus;plasma_membrane,3
Q9BWT6,MND1,nucleus,1
Q8IXL7-2,MSRB3,cytosol;endoplasmic_reticulum;mitochondrion,3
Q8IZ57,NRSN1,plasma_membrane;vesicle,2
Q9NPJ8-2,NXT2,cytosol;nucleus,2
Q6P1K2,PMF1,cytoskeleton;cytosol;nucleus,3
Q96AH8,RAB7B,endosome;golgi;lysosome;vesicle,4
Q92930,RAB8B,cell junction;endosome;extracellular;golgi;peroxisome;plasma_membrane;synapse;vesicle,8
Q9Y2G3,ATP11B,endoplasmic_reticulum;endosome;golgi;lysosome;nucleus;plasma_membrane;vesicle,7
P11234,RALB,extracellular;plasma_membrane;vesicle,3
Q9Y3L5,RAP2C,cell junction;endosome;extracellular;plasma_membrane;vesicle,5
Q96S79,RASL10B,plasma_membrane,1
P02753,RBP4,extracellular;vesicle,2
Q00765,REEP5,endoplasmic_reticulum;nucleus,2
Q15382,RHEB,cell junction;cytosol;endoplasmic_reticulum;extracellular;golgi;lysosome;nucleus;plasma_membrane;synapse;vesicle,10
P18621,RPL17,cytosol;endoplasmic_reticulum;nucleus,3
P32969,RPL9,cell junction;cytosol;endoplasmic_reticulum;nucleolus;nucleus,5
P34741,SDC2,endoplasmic_reticulum;extracellular;golgi;lysosome;plasma_membrane,5
Q0GE19,SLC10A7,endoplasmic_reticulum;golgi;nucleus;plasma_membrane,4
Q5JZH5,SNX21,endosome;vesicle,2
Q86W54,SPATA24,cytosol;nucleolus;nucleus,3
Q8IUE0,TGIF2LY,nucleus,1
Q15363,TMED2,endoplasmic_reticulum;er_golgi_intermediate;golgi;nucleus;vesicle,5
A0PJW6,TMEM223,mitochondrion,1
Q9NQ34,TMEM9B,endosome;lysosome;vesicle,3
P48788,TNNI2,cytoskeleton;cytosol;nucleus,3
Q9UPQ4,TRIM35,nucleus,1
Q96LR5,UBE2E2,nucleus,1
P61086,UBE2K,cytosol;nucleus,2
P61081,UBE2M,cytosol;nucleolus;nucleus,3
P61758,VBP1,cytosol;nucleus,2
P61236-2,YPEL3,nucleolus;nucleus,2
Q7Z6I8,C5orf24,nucleus,1
Q66PJ3-2,ARL6IP4,nucleolus;nucleus,2
P01242,GH2,endosome;extracellular;vesicle,3
Q9BRX5,GINS3,nucleus,1
Q8TED1,GPX8,endoplasmic_reticulum,1
Q9HAV7,GRPEL1,mitochondrion,1
P28161,GSTM2,cytosol;endoplasmic_reticulum;extracellular;vesicle,4
P14210-2,HGF,extracellular;vesicle,2
P09629,HOXB7,nucleus,1
A6NJ78,METTL15,mitochondrion,1
Q8WXB1,METTL21A,cytosol;nucleus,2
Q8N983-4,MRPL43,mitochondrion,1
Q8NET5,NFAM1,lysosome;plasma_membrane;vesicle,3
Q9UGY1,NOL12,nucleolus;nucleus,2
P34130,NTF4,cell junction;extracellular;synapse;vesicle,4
P16234,PDGFRA,cell junction;endoplasmic_reticulum;golgi;nucleus;plasma_membrane,5
Q9HBJ0,PLAC1,extracellular,1
O75400-2,PRPF40A,nucleus,1
Q9H0T7,RAB17,endosome;extracellular;plasma_membrane;vesicle,4
O00212,RHOD,cytosol;endosome;golgi;mitochondrion;plasma_membrane;vesicle,6
Q9H4E5-2,RHOJ,extracellular;plasma_membrane;vesicle,3
Q99578-2,RIT2,nucleus;plasma_membrane,2
P62906,RPL10A,cell junction;cytosol;endoplasmic_reticulum;extracellular;nucleolus;nucleus;vesicle,7
Q8WW81,SDS,cytosol;mitochondrion,2
P31947-2,SFN,cytosol;extracellular;nucleus;vesicle,4
Q9NVV9,THAP1,nucleus,1
P49755,TMED10,endoplasmic_reticulum;er_golgi_intermediate;golgi;nucleus;plasma_membrane;vesicle,6
Q9Y3Q3,TMED3,endoplasmic_reticulum;er_golgi_intermediate;golgi;nucleus;vesicle,5
Q6PHR2-2,ULK3,cytosol;plasma_membrane,2
P07766,CD3E,endoplasmic_reticulum;golgi;plasma_membrane,3
Q9UHD4,CIDEB,cytosol;endoplasmic_reticulum;golgi;nucleus;vesicle,5
P56880,CLDN20,cell junction;plasma_membrane,2
P06730,EIF4E,cell junction;cytosol;extracellular;nucleus;synapse;vesicle,6
Q96RQ1,ERGIC2,endoplasmic_reticulum;er_golgi_intermediate;golgi;nucleolus;nucleus;vesicle,6
Q13158,FADD,cytosol;nucleus;plasma_membrane,3
P02671-2,FGA,endoplasmic_reticulum;extracellular;plasma_membrane;vesicle,4
Q9NY12-2,GAR1,nucleolus;nucleus,2
P39905-3,GDNF,extracellular;golgi,2
Q8WXI4-2,ACOT11,cytosol;extracellular;mitochondrion;vesicle,4
P09210,GSTA2,cytosol;extracellular;vesicle,3
Q86VG3,C11orf74,cytosol;plasma_membrane,2
Q7L2J0,MEPCE,nucleus,1
Q05195,MXD1,cytosol;mitochondrion;nucleus,3
P15173,MYOG,nucleus,1
Q6P4A8,PLBD1,cytosol;extracellular;lysosome,3
Q9UQ72-2,PSG11,extracellular;plasma_membrane,2
O00233-2,PSMD9,cytosol;nucleus,2
Q92530,PSMF1,cytosol;endoplasmic_reticulum,2
P20336,RAB3A,cell junction;cytosol;endosome;extracellular;lysosome;plasma_membrane;synapse;vesicle,8
Q86UA6-2,RPAIN,nucleus,1
P50914,RPL14,cell junction;cytosol;endoplasmic_reticulum;extracellular;synapse;vesicle,6
O94983-2,CAMTA2,nucleus,1
Q9HCN8,SDF2L1,endoplasmic_reticulum,1
Q15005,SPCS2,endoplasmic_reticulum;nucleus,2
Q5M9N0-2,CCDC158,endosome;vesicle,2
Q5VVX9-2,UBE2U,nucleus,1
Q9NQZ6-3,ZC4H2,cell junction;nucleus;plasma_membrane;synapse,4
P17026,ZNF22,nucleus,1
Q08708,CD300C,plasma_membrane,1
Q9H5V9,CXorf56,endoplasmic_reticulum;nucleus,2
Q9UBS3,DNAJB9,endoplasmic_reticulum;extracellular;nucleolus;nucleus;vesicle,5
Q6PKX4,DOK6,cytosol,1
Q96BQ1,FAM3D,extracellular,1
P27144,AK4,mitochondrion,1
Q9BYJ0,FGFBP2,extracellular,1
P19440-3,GGT1,cytosol;extracellular;plasma_membrane;vesicle,4
Q8N6S5,ARL6IP6,nucleus,1
E9PNY5,FCGR3B,extracellular;plasma_membrane;vesicle,3
P05538,HLA-DQB2,endoplasmic_reticulum;endosome;golgi;lysosome;nucleus;plasma_membrane;vesicle,7
Q7LGA3-2,HS2ST1,golgi,1
Q13907-2,IDI1,cytosol;peroxisome,2
Q07817-2,BCL2L1,cell junction;cytoskeleton;cytosol;mitochondrion;nucleus;synapse;vesicle,7
Q9BXS1,IDI2,cytosol;peroxisome,2
Q9Y2M5,KLHL20,cytoskeleton;cytosol;golgi;nucleus;plasma_membrane,5
O95237,LRAT,endoplasmic_reticulum;endosome;nucleus;vesicle,4
Q7Z304-2,MAMDC2,endoplasmic_reticulum,1
Q9P267-2,MBD5,extracellular;nucleus;vesicle,3
O43513,MED7,nucleus,1
Q9BUA6,MYL10,cytosol;mitochondrion,2
O43482,OIP5,nucleus,1
Q8WZ82,OVCA2,cytosol;mitochondrion;nucleus,3
Q15102,PAFAH1B3,cytosol,1
Q9BY77-2,POLDIP3,cytosol;nucleus,2
Q9BZD7,PRRG3,extracellular,1
Q9BZD6,PRRG4,er_golgi_intermediate;extracellular;plasma_membrane,3
Q9UNT1-2,RABL2B,cytoskeleton;plasma_membrane,2
Q9Y508-2,RNF114,cytosol;nucleus;plasma_membrane,3
Q96C74,ROPN1L,cytoskeleton;plasma_membrane,2
Q96AT9-2,RPE,cytosol;extracellular;vesicle,3
Q9BWG6,SCNM1,nucleus,1
P36952,SERPINB5,extracellular,1
Q9H5I1-2,SUV39H2,nucleus,1
Q9H0W7,THAP2,nucleolus;nucleus,2
Q9BU02,THTPA,cytosol,1
Q96HJ3-2,CCDC34,plasma_membrane,1
Q53R12,TM4SF20,endoplasmic_reticulum;nucleus;plasma_membrane,3
O14530,TXNDC9,cytoskeleton;cytosol;nucleus,3
P15374,UCHL3,cytosol;nucleus,2
Q9UEU0,VTI1B,cell junction;endoplasmic_reticulum;endosome;extracellular;golgi;lysosome;nucleus;synapse;vesicle,9
Q96E35,ZMYND19,cell junction;plasma_membrane;synapse,3
Q96MW1,CCDC43,cytosol,1
P04233-2,CD74,endoplasmic_reticulum;endosome;extracellular;golgi;lysosome;nucleus;plasma_membrane;vesicle,8
Q8NCR9,CLRN3,extracellular;vesicle,2
P30085,CMPK1,cytosol;extracellular;nucleolus;nucleus;vesicle,5
Q9H467,CUEDC2,cytosol;nucleus,2
Q9NX09,DDIT4,cytosol;mitochondrion,2
O95661,DIRAS3,plasma_membrane,1
Q8NHS0,DNAJB8,cytosol;nucleus,2
Q5HYJ3,FAM76B,nucleus,1
O95999,BCL10,cytoskeleton;cytosol;lysosome;nucleus,4
Q27J81-2,INF2,cytoskeleton,1
Q9Y691,KCNMB2,plasma_membrane,1
Q8NC69,KCTD6,cytosol,1
O43561-2,LAT,golgi;nucleus;plasma_membrane;synapse,4
Q6ZMR3,LDHAL6A,extracellular;mitochondrion;vesicle,3
Q9UJ68-2,MSRA,cytoskeleton;cytosol;extracellular;mitochondrion;nucleus;plasma_membrane;vesicle,7
Q8N699,MYCT1,nucleus,1
P41227,NAA10,cytosol;nucleus,2
Q9NV92,NDFIP2,endoplasmic_reticulum;endosome;golgi;mitochondrion;vesicle,5
Q9H2J4,PDCL3,cytosol;endoplasmic_reticulum;nucleus,3
P25787,PSMA2,cell junction;cytosol;extracellular;nucleus;synapse;vesicle,6
Q8WV60,PTCD2,mitochondrion,1
Q9NX57,RAB20,endosome;golgi;plasma_membrane;vesicle,4
Q9ULC3,RAB23,cell junction;cytoskeleton;cytosol;endosome;plasma_membrane;vesicle,6
Q14088,RAB33A,endosome;golgi;plasma_membrane;vesicle,4
A0PJX4,SHISA3,endoplasmic_reticulum;nucleus,2
O95772-2,STARD3NL,cytosol;endoplasmic_reticulum;endosome;lysosome;vesicle,5
Q9UNK0,STX8,endoplasmic_reticulum;endosome;golgi;plasma_membrane;vesicle,5
Q9GZN2,TGIF2,nucleus,1
P04183,TK1,cytosol,1
Q9BVK6,TMED9,endoplasmic_reticulum;er_golgi_intermediate;extracellular;golgi;nucleus;vesicle,6
Q9GZU3,TMEM39B,endoplasmic_reticulum;nucleus,2
Q9NP99,TREM1,extracellular;plasma_membrane,2
Q712K3,UBE2R2,cytosol,1
Q15697-2,ZNF174,nucleolus;nucleus,2
A8K4G0,CD300LB,plasma_membrane,1
O95833,CLIC3,extracellular;nucleus;plasma_membrane;vesicle,4
P14138,EDN3,extracellular,1
Q9NQT4,EXOSC5,cytosol;nucleolus;nucleus,3
Q14512,FGFBP1,extracellular;plasma_membrane,2
Q8WVL7,ANKRD49,nucleus,1
Q9NWZ8,GEMIN8,cytosol;nucleus,2
P78417,GSTO1,cytosol;extracellular;vesicle,3
Q9H4Y5,GSTO2,cytosol;extracellular;vesicle,3
Q9BUP3-3,HTATIP2,cytosol;mitochondrion,2
P24592,IGFBP6,extracellular,1
O95976,IGSF6,plasma_membrane,1
Q92876,KLK6,extracellular;mitochondrion;nucleolus;nucleus;vesicle,5
Q8N9N7,LRRC57,extracellular;vesicle,2
Q96JM4-2,LRRIQ1,cytoskeleton,1
Q9BQ69,MACROD1,mitochondrion;nucleus,2
Q9UH92-3,MLX,cytosol;nucleus,2
Q9Y2R9,MRPS7,mitochondrion,1
Q9UKD2,MRTO4,nucleolus;nucleus,2
Q9GZW8,MS4A7,golgi;plasma_membrane,2
P23409,MYF6,nucleus,1
Q7Z6G3,NECAB2,plasma_membrane,1
Q86X76-2,NIT1,mitochondrion;nucleus,2
P01127,PDGFB,endoplasmic_reticulum;extracellular;golgi;plasma_membrane;vesicle,5
P20618,PSMB1,cell junction;cytosol;extracellular;nucleus;synapse;vesicle,6
O76081-6,RGS20,golgi;nucleus;plasma_membrane,3
P23396,RPS3,cell junction;cytoskeleton;cytosol;endoplasmic_reticulum;extracellular;mitochondrion;nucleolus;nucleus;plasma_membrane;synapse;vesicle,11
P50452,SERPINB8,cytosol;extracellular;vesicle,3
A6NKM8,SLC35A2,endoplasmic_reticulum;golgi;nucleus,3
P63162,SNRPN,nucleus,1
O95926,SYF2,nucleus,1
Q16563-2,SYPL1,cell junction;extracellular;plasma_membrane;synapse;vesicle,5
Q99426,TBCB,cytoskeleton;cytosol;nucleus,3
Q8WW62,TMED6,endoplasmic_reticulum;er_golgi_intermediate;golgi;nucleus;vesicle,5
Q86W33-2,TPRA1,plasma_membrane,1
Q9H313-2,TTYH1,endoplasmic_reticulum;nucleus;plasma_membrane,3
Q01081,U2AF1,nucleus,1
Q13432,UNC119,cytoskeleton;cytosol;extracellular,3
Q9P0L0-2,VAPA,cell junction;cytosol;endoplasmic_reticulum;golgi;lysosome;nucleus;plasma_membrane;vesicle,8
O95292,VAPB,endoplasmic_reticulum;golgi;nucleus;plasma_membrane,4
Q9NP64-2,ZCCHC17,nucleolus;nucleus,2
Q9P031,CCDC59,nucleus,1
Q9BXL8,CDCA4,cytosol;nucleus;plasma_membrane,3
Q96AQ7,CIDEC,cytosol;endoplasmic_reticulum;nucleus,3
O00299,CLIC1,cytosol;endoplasmic_reticulum;extracellular;nucleus;plasma_membrane;vesicle,6
Q9UHQ4,BCAP29,endoplasmic_reticulum;nucleus,2
P16562,CRISP2,extracellular,1
Q9NR28-2,DIABLO,cytosol;mitochondrion;plasma_membrane,3
Q92988-2,DLX4,nucleus,1
P51572,BCAP31,cytosol;endoplasmic_reticulum;er_golgi_intermediate;mitochondrion;nucleus;plasma_membrane,6
P54108,CRISP3,extracellular;vesicle,2
Q7Z4W1,DCXR,cytoskeleton;extracellular;mitochondrion;nucleus;plasma_membrane;vesicle,6
Q92979,EMG1,nucleolus;nucleus,2
Q9BUT1,BDH2,cytosol;extracellular;vesicle,3
Q9NPD3,EXOSC4,cytosol;nucleolus;nucleus,3
Q7Z309-3,FAM122B,nucleus,1
Q92913-2,FGF13,cell junction;cytoskeleton;cytosol;nucleus;plasma_membrane,5
Q6P9H5,GIMAP6,cytosol,1
P20718,GZMH,extracellular;lysosome,2
Q9UIR0-4,BTNL2,plasma_membrane,1
Q8NBZ0,INO80E,nucleolus;nucleus,2
Q96GY3,LIN37,nucleus,1
Q99750,MDFI,nucleus,1
Q9H8H3,METTL7A,cytosol;endoplasmic_reticulum;extracellular;vesicle,4
P19404,NDUFV2,mitochondrion,1
Q9UFN0,NIPSNAP3A,cytosol;mitochondrion;nucleus,3
Q9BS92,NIPSNAP3B,mitochondrion,1
Q9NX40,OCIAD1,endosome;golgi;lysosome;mitochondrion;vesicle,5
Q9BSM1-3,PCGF1,nucleus,1
O75192,PEX11A,peroxisome,1
B7XGB9,PPM1M,mitochondrion;nucleus,2
Q06323,PSME1,cytosol;extracellular;nucleus;vesicle,4
Q04206-2,RELA,cell junction;cytosol;nucleus;synapse,4
P61587,RND3,cell junction;cytosol;golgi;plasma_membrane,4
O75818-2,RPP40,nucleolus;nucleus,2
Q96DX8,RTP4,nucleus,1
Q9P0W5-2,SCHIP1,cell junction;cytosol;nucleus;plasma_membrane,4
Q8WVN6,SECTM1,extracellular;golgi;plasma_membrane;vesicle,4
P02745,C1QA,cell junction;extracellular;plasma_membrane;synapse,4
Q02086-2,SP2,nucleus,1
Q07955-2,SRSF1,cytosol;nucleus,2
P0C1Z6,TFPT,nucleus,1
Q9BRN9,TM2D3,plasma_membrane;vesicle,2
Q9BVT8,TMUB1,cell junction;cytoskeleton;endosome;nucleolus;nucleus;plasma_membrane;synapse;vesicle,8
O75888-2,TNFSF13,cytosol;extracellular;nucleus;vesicle,4
P67936,TPM4,cell junction;cytoskeleton;cytosol;extracellular;vesicle,5
O43657,TSPAN6,extracellular;plasma_membrane;vesicle,3
Q9BRU9,UTP23,nucleolus;nucleus,2
P31946-2,YWHAB,cell junction;cytosol;extracellular;nucleus;vesicle,5
P61981,YWHAG,cell junction;cytosol;extracellular;mitochondrion;nucleus;vesicle,6
P27348,YWHAQ,cell junction;cytosol;extracellular;nucleus;vesicle,5
P02747,C1QC,cell junction;extracellular;plasma_membrane;synapse,4
Q9H3R5,CENPH,cytosol;nucleolus;nucleus,3
Q96DG6,CMBL,cytosol;extracellular;vesicle,3
Q8TAZ6,CMTM2,extracellular,1
P20160,AZU1,extracellular;lysosome;vesicle,3
Q9BQS8,FYCO1,endosome;lysosome;vesicle,3
Q4G1C9-2,GLIPR1L2,extracellular,1
Q9BSH5,HDHD3,mitochondrion;nucleolus;nucleus,3
P02790,HPX,extracellular;vesicle,2
Q6PIL6-2,KCNIP4,cytosol;endoplasmic_reticulum;peroxisome;plasma_membrane,4
Q9UBX7-1,KLK11,extracellular;golgi;vesicle,3
Q9Y5K2,KLK4,extracellular;vesicle,2
P17931,LGALS3,cytosol;extracellular;mitochondrion;nucleus;plasma_membrane;synapse;vesicle,7
P50221,MEOX1,nucleus,1
Q9NX20,MRPL16,mitochondrion,1
Q13330,MTA1,cytoskeleton;cytosol;nucleus,3
O95157,NXPH3,extracellular,1
Q9Y5N6,ORC6,cytosol;nucleolus;nucleus,3
P13725,OSM,extracellular,1
P01213,PDYN,cell junction;extracellular;plasma_membrane;synapse;vesicle,5
P15259,PGAM2,cytosol;extracellular;nucleus;vesicle,4
Q9NRX1,PNO1,cytosol;nucleolus;nucleus,3
Q9NQY0,BIN3,cytoskeleton,1
P41247,PNPLA4,cytosol;mitochondrion,2
P61289-2,PSME3,cytosol;nucleus,2
Q9BZG1,RAB34,cytoskeleton;extracellular;golgi;nucleolus;nucleus;plasma_membrane;vesicle,7
Q6XE24-2,RBMS3,cytosol;nucleus,2
Q9BRK0-2,REEP2,cytoskeleton;endoplasmic_reticulum;nucleus,3
P62753,RPS6,cytosol;endoplasmic_reticulum;nucleolus;nucleus;plasma_membrane,5
Q9BRL7-2,SEC22C,endoplasmic_reticulum;nucleus,2
Q8N5S1,SLC25A41,mitochondrion,1
P09661,SNRPA1,nucleus,1
O43291,SPINT2,extracellular;golgi;plasma_membrane,3
O43752,STX6,cell junction;endosome;golgi;plasma_membrane;synapse;vesicle,6
Q96L08-2,SUSD3,plasma_membrane,1
P10646,TFPI,extracellular;plasma_membrane,2
Q8WY91,THAP4,cytosol;nucleus,2
Q07011,TNFRSF9,plasma_membrane,1
Q96S44,TP53RK,cytosol;nucleus,2
P16473-2,TSHR,plasma_membrane,1
O60637,TSPAN3,extracellular;plasma_membrane;vesicle,3
P02746,C1QB,cell junction;extracellular;plasma_membrane;synapse,4
Q12792-4,TWF1,cell junction;cytoskeleton;cytosol;plasma_membrane,4
Q8NB15-2,ZNF511,nucleus,1
P20851-2,C4BPB,extracellular;plasma_membrane,2
O95931,CBX7,cytosol;nucleus,2
Q9GZT6-2,CCDC90B,mitochondrion,1
Q96FF9,CDCA5,cytosol;nucleus,2
O60543,CIDEA,cytosol;mitochondrion;nucleus,3
Q9NY35-2,CLDND1,cell junction;plasma_membrane,2
Q9Y696,CLIC4,cell junction;cytoskeleton;cytosol;endoplasmic_reticulum;extracellular;mitochondrion;nucleus;plasma_membrane;vesicle,9
Q9NZA1-2,CLIC5,cytoskeleton;extracellular;golgi;mitochondrion;plasma_membrane;vesicle,6
P08311,CTSG,cytosol;extracellular;lysosome;nucleus;plasma_membrane;vesicle,6
O60344-4,ECE2,golgi;plasma_membrane;vesicle,3
P31274,HOXC9,nucleus,1
Q99714-2,HSD17B10,mitochondrion;plasma_membrane,2
Q92506,HSD17B8,mitochondrion,1
P07738,BPGM,cytosol;extracellular;vesicle,3
P20151-2,KLK2,extracellular;vesicle,2
O60259-2,KLK8,extracellular;vesicle,2
Q9H063,MAF1,cytosol;nucleolus;nucleus,3
Q8TCB7,METTL6,nucleus,1
A9UHW6,MIF4GD,cytosol;golgi;nucleolus;nucleus,4
Q13084,MRPL28,mitochondrion,1
Q15466,NR0B2,nucleus,1
O95478,NSA2,nucleolus;nucleus,2
Q8WV22,NSMCE1,nucleus,1
Q96M98-2,PACRG,cytoskeleton;cytosol;nucleus;plasma_membrane;vesicle,5
Q86SE9,PCGF5,cytoskeleton;nucleus,2
P12004,PCNA,cytoskeleton;extracellular;nucleus;vesicle,4
Q92871,PMM1,cytosol,1
P48556,PSMD8,cell junction;cytosol;nucleus;synapse;vesicle,5
Q9H6H4,REEP4,cytoskeleton;endoplasmic_reticulum;nucleus,3
O00584,RNASET2,endoplasmic_reticulum;extracellular;lysosome;mitochondrion;vesicle,5
Q96LT9,RNPC3,nucleus,1
Q13156,RPA4,nucleus,1
Q9BSG5-2,RTBDN,extracellular;plasma_membrane,2
P01008,SERPINC1,endoplasmic_reticulum;extracellular;plasma_membrane;vesicle,4
O95721,SNAP29,cytosol;golgi;lysosome;mitochondrion;nucleus;plasma_membrane;vesicle,7
Q9BPZ2,SPIN2B,cytosol;nucleus,2
P18405,SRD5A1,endoplasmic_reticulum;nucleus,2
O15400-2,STX7,cell junction;endosome;extracellular;lysosome;plasma_membrane;synapse;vesicle,7
O94901-5,SUN1,cytoskeleton;nucleus,2
P58753-3,TIRAP,cytosol;plasma_membrane;vesicle,3
Q9NZ43,USE1,endoplasmic_reticulum;nucleus,2
Q8WV99-2,ZFAND2B,endoplasmic_reticulum;nucleus,2
P26842,CD27,extracellular;plasma_membrane,2
Q9NSE2-2,CISH,cytosol,1
Q9GZU7-2,CTDSP1,extracellular;nucleus;vesicle,3
Q5QP82,DCAF10,nucleus,1
Q68DX3-2,FRMPD2,cell junction;plasma_membrane;synapse,3
Q9H0R4,HDHD2,extracellular;vesicle,2
P20036,HLA-DPA1,endoplasmic_reticulum;endosome;golgi;lysosome;nucleus;plasma_membrane;vesicle,7
Q9ULW3,ABT1,nucleolus;nucleus,2
Q96QP1,ALPK1,cytoskeleton;cytosol;plasma_membrane,3
O14595,CTDSP2,nucleus,1
P40313,CTRL,extracellular,1
Q9BUQ8,DDX23,extracellular;nucleolus;nucleus;vesicle,4
Q14562,DHX8,cytosol;nucleus,2
P52799,EFNB2,cell junction;cytosol;nucleus;plasma_membrane;synapse,5
Q8N8Q3-3,ENDOV,nucleolus;nucleus,2
Q76L83,ASXL2,nucleus,1
Q99501-2,GAS2L1,cytoskeleton,1
Q99795,GPA33,extracellular;plasma_membrane;vesicle,3
P53701,HCCS,mitochondrion,1
P09017,HOXC4,nucleus,1
Q9HBG6-2,IFT122,cytoskeleton;plasma_membrane,2
P21583,KITLG,cytoskeleton;extracellular;plasma_membrane,3
Q9UKR3,KLK13,extracellular;vesicle,2
Q5SW96,LDLRAP1,cytoskeleton;cytosol;endosome;plasma_membrane;vesicle,5
P04201,MAS1,plasma_membrane,1
Q86VD1,MORC1,nucleus,1
Q96E11-3,MRRF,mitochondrion,1
P18440,NAT1,cytosol,1
Q9BXJ5,C1QTNF2,extracellular,1
Q12968,NFATC3,cytosol;nucleus,2
Q86X67-2,NUDT13,mitochondrion,1
P01210,PENK,cell junction;endoplasmic_reticulum;extracellular;plasma_membrane;synapse;vesicle,6
Q96EV2,RBM33,nucleus,1
P50876,RNF144A,endoplasmic_reticulum;endosome;golgi;nucleus;plasma_membrane;vesicle,6
P15927-2,RPA2,nucleus,1
Q9Y5W9,SNX11,endosome;plasma_membrane;vesicle,3
O14544,SOCS6,cytosol;plasma_membrane;synapse,3
Q9Y657,SPIN1,cytosol;nucleolus;nucleus,3
Q9Y5M8,SRPRB,cytoskeleton;endoplasmic_reticulum;nucleus,3
Q86Y82,STX12,cell junction;endosome;golgi;synapse;vesicle,5
Q53T94-2,TAF1B,nucleolus;nucleus,2
Q16635-2,TAZ,mitochondrion,1
O60296,TRAK2,cytosol;endosome;mitochondrion;plasma_membrane;vesicle,5
Q86UF1,TSPAN33,cell junction;endoplasmic_reticulum;plasma_membrane,3
P10746,UROS,cytosol;mitochondrion,2
P49754-2,VPS41,cytosol;endosome;golgi;lysosome;vesicle,5
Q9P2Y4,ZNF219,nucleus,1
Q96CX3,ZNF501,nucleolus;nucleus,2
Q8NCR6,C9orf24,cytoskeleton;cytosol;mitochondrion;nucleus;plasma_membrane,5
Q9Y698,CACNG2,cell junction;plasma_membrane;synapse;vesicle,4
P29016,CD1B,cytosol;endosome;extracellular;golgi;lysosome;plasma_membrane;vesicle,7
Q99618,CDCA3,cell junction;cytosol,2
O95813,CER1,extracellular,1
Q9BWP8-4,COLEC11,extracellular;plasma_membrane,2
Q86VU5,COMTD1,mitochondrion,1
Q9NZD4,AHSP,cytosol,1
Q16568,CARTPT,extracellular;vesicle,2
Q5T0F9-2,CC2D1B,nucleus,1
Q8N4Q1-2,CHCHD4,mitochondrion,1
O75838,CIB2,cytoskeleton;extracellular;plasma_membrane,3
Q8N5K1,CISD2,endoplasmic_reticulum;mitochondrion;nucleus,3
Q8IZV2,CMTM8,extracellular;nucleus,2
Q9H4G1,CST9L,extracellular,1
O43768-2,ENSA,nucleus,1
P22466,GAL,extracellular;vesicle,2
P60983,GMFB,cytoskeleton,1
Q8IV16,GPIHBP1,extracellular;plasma_membrane,2
Q9H772,GREM2,extracellular,1
P02656,APOC3,endosome;extracellular;vesicle,3
P68871,HBB,cytosol;extracellular;vesicle,3
P18510-2,IL1RN,cytosol;extracellular;plasma_membrane;vesicle,4
Q6PI98,INO80C,nucleolus;nucleus,2
Q9Y6H6,KCNE3,plasma_membrane;vesicle,2
O95711,LY86,extracellular,1
Q8N4V1-2,MMGT1,endoplasmic_reticulum;endosome;golgi;nucleus;plasma_membrane;vesicle,6
Q9Y3D5,MRPS18C,mitochondrion,1
Q8N339,MT1M,nucleus,1
P60660-2,MYL6,cytoskeleton;cytosol;extracellular;vesicle,4
Q00604,NDP,extracellular;plasma_membrane,2
Q9UI09,NDUFA12,mitochondrion,1
Q8N183,NDUFAF2,mitochondrion,1
Q96PE5,OPALIN,cell junction;golgi;plasma_membrane,3
P01298,PPY,extracellular,1
P32119,PRDX2,cytosol;extracellular;vesicle,3
Q969G6,RFK,cytosol;golgi;mitochondrion,3
Q8TEB9-2,RHBDD1,endoplasmic_reticulum;mitochondrion;nucleus,3
Q9UBF6-2,RNF7,cytosol;nucleus,2
P18077,RPL35A,cytosol;extracellular;vesicle,3
P00995,SPINK1,extracellular;vesicle,2
P01135-2,TGFA,endoplasmic_reticulum;er_golgi_intermediate;extracellular;golgi;nucleus;plasma_membrane;vesicle,7
P63316,TNNC1,cytoskeleton;cytosol,2
Q8NDV7-2,TNRC6A,cytosol;golgi;nucleus,3
P59282,TPPP2,cytosol;plasma_membrane,2
O43914-2,TYROBP,plasma_membrane;vesicle,2
O14933-2,UBE2L6,cytosol;nucleus,2
O95789,ZMYM6,nucleus,1
Q6IPW1-2,C11orf71,nucleus,1
A6NK59-2,ASB14,cytosol,1
P26441,CNTF,extracellular;plasma_membrane,2
P02741,CRP,extracellular,1
P05814,CSN2,extracellular,1
Q9UBT3,DKK4,extracellular,1
Q8TEA8,DTD1,mitochondrion;nucleus,2
O95816,BAG2,cytosol;plasma_membrane,2
Q9Y2C4,EXOG,mitochondrion;nucleus,2
Q6PEY0,GJB7,cell junction;plasma_membrane,2
Q70Z44-2,HTR3D,cell junction;plasma_membrane;synapse,3
P05014,IFNA4,extracellular,1
P05000,IFNW1,extracellular,1
Q7Z7J7,LHFPL4,cell junction;plasma_membrane;synapse,3
P55344-2,LIM2,cell junction;plasma_membrane,2
Q9Y6X3,MAU2,nucleus,1
P51955,NEK2,cytoskeleton;cytosol;endoplasmic_reticulum;nucleolus;nucleus,5
Q92843,BCL2L2,mitochondrion,1
A2A457,OAZ3,cytosol;extracellular;nucleus,3
Q9Y2Y8,PRG3,extracellular;vesicle,2
Q4VC05-2,BCL7A,nucleus,1
P59190,RAB15,endosome;extracellular;plasma_membrane;vesicle,4
Q5JT25-2,RAB41,cytosol;golgi,2
P51148,RAB5C,endosome;extracellular;lysosome;plasma_membrane;vesicle,5
O95980,RECK,extracellular;plasma_membrane,2
Q9H902,REEP1,cytoskeleton;endoplasmic_reticulum;mitochondrion;nucleus,4
Q92963,RIT1,plasma_membrane,1
Q9NY72,SCN3B,plasma_membrane,1
O14543,SOCS3,cytosol;plasma_membrane,2
Q6ZP80,TMEM182,plasma_membrane,1
P19429,TNNI3,cytoskeleton;cytosol,2
Q3SXZ7-3,TTLL9,cytoskeleton;plasma_membrane,2
Q8NBM4,UBAC2,endoplasmic_reticulum;nucleus,2
Q8IY57,YAF2,nucleus,1
A0JLV8,ZNF586,nucleus,1
Q32NC0,C18orf21,nucleus,1
P11912,CD79A,endosome;plasma_membrane;vesicle,3
Q15848,ADIPOQ,endoplasmic_reticulum;extracellular;plasma_membrane,3
Q8IZ07,ANKRD13A,endosome;plasma_membrane;vesicle,3
Q9H6Z9,EGLN3,cytosol;nucleus,2
P12319,FCER1A,plasma_membrane,1
Q96I24,FUBP3,nucleus,1
Q9HCQ5-2,GALNT9,golgi,1
Q9NPZ5,B3GAT2,golgi,1
A2AAZ0,HLA-DQB1,endoplasmic_reticulum;endosome;golgi;lysosome;nucleus;plasma_membrane;vesicle,7
P01903,HLA-DRA,endoplasmic_reticulum;endosome;extracellular;golgi;lysosome;nucleus;plasma_membrane;synapse;vesicle,9
P22692,IGFBP4,endoplasmic_reticulum;extracellular,2
Q5VVH5,IRAK1BP1,nucleus,1
Q2M1V0,ISX,nucleus,1
P06870,KLK1,extracellular;nucleus;vesicle,3
Q7Z6A9-2,BTLA,plasma_membrane,1
Q9H2R5,KLK15,extracellular;vesicle,2
P07288,KLK3,extracellular;nucleus;vesicle,3
P11226,MBL2,endosome;extracellular;plasma_membrane;vesicle,4
P55083,MFAP4,extracellular,1
Q9Y676,MRPS18B,cell junction;mitochondrion;nucleus,3
A4FU01-2,MTMR11,extracellular;vesicle,2
P20783,NTF3,cell junction;extracellular;synapse;vesicle,4
Q96PU9,ODF3,cytoskeleton;plasma_membrane,2
Q8IYL3,C1orf174,nucleus,1
Q14554,PDIA5,endoplasmic_reticulum;nucleus,2
O43692,PI15,extracellular;vesicle,2
Q8N2W9,PIAS4,nucleus,1
Q96FE7-2,PIK3IP1,extracellular;plasma_membrane,2
Q8NHM4,PRSS2,extracellular;lysosome;vesicle,3
P24158,PRTN3,cytosol;extracellular;lysosome;plasma_membrane;vesicle,5
Q8WUY3-2,PRUNE2,cytosol;golgi;nucleolus;nucleus,4
P28066,PSMA5,cell junction;cytosol;extracellular;nucleus;synapse;vesicle,6
Q9H0N0,RAB6C,cytoskeleton;golgi;nucleus,3
Q6T310,RASL11A,nucleolus;nucleus,2
O14593,RFXANK,cytosol;extracellular;nucleus,3
Q2KHN1,RNF151,nucleus,1
Q6DKI1,RPL7L1,cytosol;mitochondrion,2
Q8IWL1,SFTPA2,endoplasmic_reticulum;endosome;extracellular;nucleus;vesicle,5
Q56A73,SPIN4,cytosol;nucleus,2
P31213,SRD5A2,endoplasmic_reticulum;nucleus,2
Q8N1Q8,THEM5,mitochondrion,1
Q495A1,TIGIT,plasma_membrane,1
Q96A25,TMEM106A,plasma_membrane,1
E9PBT0,TNFRSF10C,plasma_membrane,1
P13805-2,TNNT1,cytoskeleton;cytosol,2
P10966-3,CD8B,endosome;extracellular;plasma_membrane;vesicle,4
Q9Y3Y2-3,CHTOP,nucleolus;nucleus,2
Q9UMR7,CLEC4A,plasma_membrane,1
P23946,CMA1,extracellular;vesicle,2
P27707,DCK,cytosol;mitochondrion;nucleus,3
Q9UBU2,DKK2,extracellular;golgi,2
P35613-2,BSG,cell junction;endoplasmic_reticulum;endosome;extracellular;golgi;mitochondrion;nucleus;plasma_membrane;vesicle,9
P49448,GLUD2,mitochondrion,1
P28068,HLA-DMB,endosome;lysosome;plasma_membrane;vesicle,4
Q30154,HLA-DRB5,endoplasmic_reticulum;endosome;extracellular;golgi;lysosome;nucleus;plasma_membrane;vesicle,8
P09067,HOXB5,nucleolus;nucleus,2
Q9Y287,ITM2B,endosome;extracellular;golgi;plasma_membrane;vesicle,5
Q6ZMV9-4,KIF6,cytoskeleton,1
Q96JB6,LOXL4,extracellular;vesicle,2
Q15691,MAPRE1,cell junction;cytoskeleton;cytosol;golgi;plasma_membrane,5
Q5VZV1,METTL21C,nucleus,1
P58340,MLF1,cytoskeleton;nucleus;plasma_membrane,3
P09237,MMP7,extracellular;vesicle,2
P35548,MSX2,cytosol;nucleus,2
P15941-7,MUC1,extracellular;golgi;nucleus;plasma_membrane;vesicle,5
O75489,NDUFS3,mitochondrion,1
Q9NVZ3,NECAP2,plasma_membrane;vesicle,2
O95156,NXPH2,extracellular,1
Q8TCT1,PHOSPHO1,cytosol;extracellular;vesicle,3
P25786-2,PSMA1,cell junction;cytoskeleton;cytosol;extracellular;nucleus;synapse;vesicle,7
P28070,PSMB4,cell junction;cytoskeleton;cytosol;extracellular;mitochondrion;nucleus;plasma_membrane;synapse;vesicle,9
Q969U7,PSMG2,cytosol;nucleus,2
Q96D21,RASD2,plasma_membrane,1
Q9Y580,RBM7,nucleus,1
P61247,RPS3A,cell junction;cytosol;endoplasmic_reticulum;extracellular;nucleolus;nucleus;vesicle,7
P62701,RPS4X,cell junction;cytosol;extracellular;nucleus;vesicle,5
P22090,RPS4Y1,cytosol;nucleus,2
Q2MKA7,RSPO1,extracellular;nucleus,2
Q08AT0,SGCZ,cytoskeleton;endoplasmic_reticulum;golgi;nucleus;plasma_membrane,5
O95863,SNAI1,nucleus,1
Q99619,SPSB2,cytosol,1
Q8TBG9,SYNPR,cell junction;plasma_membrane;synapse;vesicle,4
P62079,TSPAN5,endoplasmic_reticulum;nucleus;plasma_membrane,3
Q6EMB2,TTLL5,cytoskeleton;cytosol;nucleus;plasma_membrane,4
Q9Y2I8,WDR37,nucleus,1
O43439-2,CBFA2T2,nucleus,1
P08218,CELA2B,extracellular,1
Q9BY43,CHMP4A,cytoskeleton;cytosol;endosome;lysosome;nucleus;plasma_membrane;vesicle,7
Q5QGZ9-1,CLEC12A,plasma_membrane;vesicle,2
P02458-1,COL2A1,endoplasmic_reticulum;extracellular,2
P17538,CTRB1,extracellular,1
O94907,DKK1,endosome;extracellular;plasma_membrane;vesicle,4
Q96JC9,EAF1,nucleus,1
P48060,GLIPR1,extracellular;lysosome;plasma_membrane;vesicle,4
P21964-2,COMT,cytosol;endoplasmic_reticulum;extracellular;plasma_membrane;vesicle,5
Q7Z3H0,ANKRD33,cytosol;nucleus,2
Q9H2A7,CXCL16,extracellular;plasma_membrane,2
Q9NZQ0,DNAJC27,nucleus,1
Q9UHF1,EGFL7,extracellular;plasma_membrane,2
Q96DN0,ERP27,endoplasmic_reticulum,1
Q96AC5,ETS1,nucleus,1
Q9NQT5,EXOSC3,cytosol;nucleolus;nucleus,3
Q9H5Z6-2,FAM124B,nucleus,1
P15407,FOSL1,nucleus,1
Q8IXK2,GALNT12,golgi,1
Q8WUU5,GATAD1,nucleus,1
O75712,GJB3,cell junction;plasma_membrane,2
O95377,GJB5,cell junction;plasma_membrane,2
P20719,HOXA5,nucleus,1
P31269,HOXA9,nucleus,1
Q9BPX1,HSD17B14,cytosol,1
Q96D96-3,HVCN1,plasma_membrane;vesicle,2
Q14773-2,ICAM4,extracellular;plasma_membrane,2
P29972,AQP1,extracellular;nucleus;plasma_membrane;vesicle,4
P24593,IGFBP5,endoplasmic_reticulum;extracellular;nucleus,3
P01583,IL1A,cytosol;extracellular;nucleus;plasma_membrane,4
Q9UIX4,KCNG1,plasma_membrane,1
Q8N5I3,KCNRG,endoplasmic_reticulum,1
Q15013,MAD2L1BP,cytoskeleton;nucleolus;nucleus,3
Q9Y5Y2,NUBP2,cytoskeleton;cytosol;nucleus;plasma_membrane,4
P58417,NXPH1,extracellular,1
Q9BRP0,OVOL2,nucleus,1
Q9NWB6-2,ARGLU1,cytosol;mitochondrion;nucleus,3
Q9BQ51,PDCD1LG2,extracellular;plasma_membrane,2
P35232,PHB,endosome;extracellular;mitochondrion;nucleus;plasma_membrane;vesicle,6
Q8NCC3,PLA2G15,extracellular;lysosome;nucleus;vesicle,4
Q14493,SLBP,cytosol;nucleolus;nucleus,3
Q96A44,SPSB4,cytosol,1
Q13243-3,SRSF5,cytosol;nucleolus;nucleus,3
Q6ZMT1-2,STAC2,cytosol;plasma_membrane,2
Q9H1Y0,ATG5,cytoskeleton;cytosol;plasma_membrane;vesicle,4
Q8NA92,THAP8,nucleus,1
Q3YBM2,TMEM176B,nucleus,1
Q8IY95-2,TMEM192,endosome;lysosome;vesicle,3
Q96B21,TMEM45B,endosome;golgi;lysosome;vesicle,4
Q9BXA6,TSSK6,nucleus;plasma_membrane,2
P47985,UQCRFS1,mitochondrion,1
Q99933-2,BAG1,cytosol;nucleus,2
P47756-2,CAPZB,cytoskeleton;cytosol;extracellular;vesicle,4
P08861,CELA3B,extracellular,1
Q9BS16,CENPK,cytosol;nucleus,2
Q86XR8-2,CEP57,cytoskeleton;cytosol;golgi;nucleus,4
Q96EF6,FBXO17,cytosol,1
Q13643,FHL3,cell junction;cytoskeleton;nucleus,3
P51674,GPM6A,cell junction;extracellular;plasma_membrane;synapse;vesicle,5
Q9NVT9,ARMC1,cytosol;mitochondrion,2
O00165-2,HAX1,cytoskeleton;endoplasmic_reticulum;mitochondrion;nucleus;plasma_membrane;vesicle,6
Q8WUI4-3,HDAC7,cytosol;nucleus,2
O60921,HUS1,cytosol;nucleus,2
P13598,ICAM2,plasma_membrane,1
O43240,KLK10,extracellular;vesicle,2
Q9UBP6,METTL1,nucleus,1
Q9HAN9,NMNAT1,nucleus,1
Q96IY1,NSL1,cytoskeleton;cytosol;nucleus,3
P54709,ATP1B3,extracellular;plasma_membrane;vesicle,3
Q9UHK0,NUFIP1,cell junction;nucleolus;nucleus;synapse,4
Q9UKZ9,PCOLCE2,extracellular,1
Q15435-2,PPP1R7,extracellular;nucleus;vesicle,3
Q99436,PSMB7,cell junction;cytosol;extracellular;nucleus;synapse;vesicle,6
Q8WXH6,RAB40A,cell junction;endosome;plasma_membrane;synapse;vesicle,5
Q12829,RAB40B,cell junction;cytosol;endosome;nucleus;plasma_membrane;synapse;vesicle,7
P57052,RBM11,nucleus,1
Q9Y3A4,RRP7A,cytoskeleton;nucleolus;nucleus;plasma_membrane,4
Q9H1X1,RSPH9,cytoskeleton;plasma_membrane,2
Q15404,RSU1,cell junction;cytosol;extracellular;vesicle,4
O75298-3,RTN2,cell junction;cytoskeleton;endoplasmic_reticulum;nucleus;plasma_membrane;synapse,6
O76038,SCGN,cell junction;cytosol;extracellular;nucleus;plasma_membrane;synapse;vesicle,7
Q99962,SH3GL2,cell junction;cytosol;endosome;golgi;plasma_membrane;synapse;vesicle,7
Q13239,SLA,cytosol;endosome;nucleus;plasma_membrane;vesicle,5
Q9H5J8,TAF1D,cytoskeleton;cytosol;nucleolus;nucleus,4
Q13595-2,TRA2A,nucleolus;nucleus,2
Q9H9P5-5,UNKL,cytosol;nucleus,2
Q8NF99,ZNF397,nucleus,1
O95229,ZWINT,cytosol;nucleus;plasma_membrane,3
P42574,CASP3,cytosol;nucleus;plasma_membrane,3
O75828,CBR3,cytosol;extracellular;nucleus,3
Q9BWC9,CCDC106,cytosol;nucleus,2
Q9NPC3,CCNB1IP1,nucleus,1
Q53HL2,CDCA8,cytoskeleton;cytosol;nucleolus;nucleus,4
Q9BT09,CNPY3,endoplasmic_reticulum,1
Q16854-2,DGUOK,mitochondrion;nucleus,2
O75461,E2F6,nucleus,1
Q7Z5M8-2,ABHD12B,endoplasmic_reticulum;nucleus,2
Q99943,AGPAT1,endoplasmic_reticulum;nucleus,2
Q2KHT4-4,GSG1,endoplasmic_reticulum;nucleus;plasma_membrane,3
P09601,HMOX1,cytosol;endoplasmic_reticulum;extracellular;mitochondrion;nucleus;plasma_membrane,6
Q96M11,HYLS1,cytoskeleton;cytosol;nucleus;plasma_membrane,4
Q96Q83,ALKBH3,cytosol;mitochondrion;nucleus,3
Q53H82,LACTB2,cytosol;golgi;mitochondrion;nucleus,4
Q9UGB7,MIOX,cytosol,1
Q13126,MTAP,cytosol;extracellular;nucleus;vesicle,4
Q13505-3,MTX1,mitochondrion,1
Q96F24,NRBF2,nucleus;vesicle,2
Q5VTE6-2,ANGEL2,mitochondrion;nucleus,2
Q3SX64,ODF3L2,cytoskeleton,1
P51003,PAPOLA,nucleus,1
Q9H765,ASB8,cytosol,1
P30039,PBLD,extracellular;vesicle,2
Q9UBV8,PEF1,cytosol;endoplasmic_reticulum;extracellular;golgi;vesicle,5
O60671-2,RAD1,nucleus,1
Q8NG50-2,RDM1,cytosol;nucleolus;nucleus,3
O75679,RFPL3,nucleus,1
Q9GZN7,ROGDI,cell junction;nucleus;plasma_membrane;synapse;vesicle,5
Q99963-4,SH3GL3,cell junction;cytosol;endosome;synapse;vesicle,5
Q15475,SIX1,nucleolus;nucleus,2
Q9P0V8,SLAMF8,plasma_membrane,1
P57103-2,SLC8A3,cell junction;cytosol;endoplasmic_reticulum;mitochondrion;nucleus;plasma_membrane;synapse,7
Q16637-2,SMN2,cytosol;nucleus;plasma_membrane,3
Q13277-2,STX3,cell junction;extracellular;lysosome;nucleus;plasma_membrane;synapse;vesicle,7
Q9BR01,SULT4A1,cytosol,1
Q5VX71-3,SUSD4,extracellular,1
P09493-5,TPM1,cytoskeleton;cytosol;plasma_membrane,3
Q96FX7,TRMT61A,nucleus,1
Q9NX07,TRNAU1AP,nucleus,1
Q99598,TSNAX,cytosol;golgi;nucleus,3
O43396,TXNL1,cytosol;nucleus,2
Q9P275-2,USP36,cytosol;nucleolus;nucleus,3
P21796,VDAC1,extracellular;mitochondrion;nucleus;plasma_membrane;vesicle,5
Q9HA38,ZMAT3,nucleolus;nucleus,2
O75467,ZNF324,nucleus,1
Q9NZ63,C9orf78,nucleus,1
P30279,CCND2,cytoskeleton;cytosol;nucleolus;nucleus,4
Q6IPU0,CENPP,cytosol;nucleolus;nucleus,3
O95865,DDAH2,extracellular;mitochondrion;vesicle,3
Q56P03,EAPP,nucleus,1
Q8N336,ELMOD1,cell junction;golgi;plasma_membrane;synapse,4
Q96E09,FAM122A,nucleus,1
P24071-2,FCAR,extracellular;plasma_membrane;vesicle,3
Q9UHW5-2,GPN3,nucleus,1
Q6ZN18-2,AEBP2,nucleus,1
P57775,FBXW4,cytosol,1
Q96DX5,ASB9,cytosol;mitochondrion,2
Q6PIV2,FOXR1,nucleus,1
Q8N9F7-2,GDPD1,endoplasmic_reticulum;nucleus,2
Q16534,HLF,nucleus,1
P28845,HSD11B1,endoplasmic_reticulum;nucleus,2
P14415,ATP1B2,cell junction;plasma_membrane;synapse,3
Q9Y337,KLK5,cytosol;extracellular;vesicle,3
Q9H400-2,LIME1,extracellular;plasma_membrane,2
Q96T76,MMS19,cytoskeleton;cytosol;nucleus,3
B0UZR7,MOG,plasma_membrane,1
P29372-2,MPG,cytosol;mitochondrion;nucleus,3
P11245,NAT2,cytosol,1
P06748-2,NPM1,cell junction;cytoskeleton;cytosol;nucleolus;nucleus,5
Q9UIL8-2,PHF11,nucleus,1
Q9NWS0,PIH1D1,nucleolus;nucleus,2
Q86SE5,RALYL,nucleus,1
P15880,RPS2,cell junction;cytosol;extracellular;nucleus;vesicle,5
P08865,RPSA,cytosol;extracellular;nucleus;plasma_membrane;vesicle,5
Q96HF1,SFRP2,extracellular,1
Q6UWI4,SHISA2,endoplasmic_reticulum;nucleus,2
Q9HBV2,SPACA1,vesicle,1
Q9ULZ2,STAP1,cytosol;mitochondrion;nucleus,3
Q9NQZ5,STARD7,cytosol;mitochondrion,2
Q8N4C7,STX19,cell junction;plasma_membrane;synapse,3
P50225,SULT1A1,cytosol,1
P50226,SULT1A2,cytosol,1
Q9P0N9-2,TBC1D7,cytoskeleton;cytosol;lysosome;plasma_membrane;vesicle,5
O95858,TSPAN15,endoplasmic_reticulum;endosome;plasma_membrane;vesicle,4
Q99614,TTC1,cytosol;peroxisome,2
Q9UIW0,VAX2,nucleus,1
Q14135-2,VGLL4,nucleus,1
Q5BJH7-3,YIF1B,endoplasmic_reticulum;er_golgi_intermediate;golgi;nucleus;vesicle,5
Q9BSG1,ZNF2,nucleus,1
Q9UL40-2,ZNF346,nucleolus;nucleus,2
Q9H8T0-2,AKTIP,cytosol;nucleus;plasma_membrane,3
P30281,CCND3,cytoskeleton;cytosol;nucleus,3
Q9NZQ7,CD274,cytosol;endoplasmic_reticulum;endosome;extracellular;golgi;nucleus;plasma_membrane;vesicle,8
Q3KPI0-2,CEACAM21,plasma_membrane,1
Q9NUI1-3,DECR2,cytosol;peroxisome,2
Q7L190,DPPA4,nucleus,1
Q86YB7,ECHDC2,mitochondrion,1
P30084,ECHS1,mitochondrion,1
Q99944,EGFL8,extracellular;plasma_membrane,2
Q969X5-2,ERGIC1,endoplasmic_reticulum;er_golgi_intermediate;golgi;nucleus;vesicle,5
Q15024,EXOSC7,cytosol;nucleolus;nucleus,3
P00748,F12,endoplasmic_reticulum;extracellular;plasma_membrane;vesicle,4
Q9H469,FBXL15,cytosol,1
Q06787-2,FMR1,cell junction;cytosol;nucleolus;nucleus;plasma_membrane;synapse,6
Q7Z5P4,HSD17B13,cytosol;endoplasmic_reticulum,2
Q9NQ48,LZTFL1,cytosol;plasma_membrane,2
Q9Y316-2,MEMO1,cytosol;nucleus,2
Q9UQ53-2,MGAT4B,endoplasmic_reticulum;er_golgi_intermediate;golgi,3
Q9Y399,MRPS2,mitochondrion,1
P53004,BLVRA,cytosol;extracellular;vesicle,3
Q99836,MYD88,cytosol;endosome;nucleus;plasma_membrane;vesicle,5
Q02297-10,NRG1,cell junction;extracellular;nucleus;plasma_membrane;synapse,5
P20774,OGN,endoplasmic_reticulum;extracellular;golgi;lysosome;vesicle,5
P40855-5,PEX19,cytosol;nucleus;peroxisome;plasma_membrane,4
Q99623,PHB2,mitochondrion;nucleus;plasma_membrane,3
Q86YI8,PHF13,nucleus,1
Q9UGP5,POLL,nucleus,1
Q9UNP9-2,PPIE,cytosol;extracellular;nucleus;vesicle,4
Q15274,QPRT,cytosol;extracellular;vesicle,3
O00560-2,SDCBP,cell junction;cytoskeleton;cytosol;endoplasmic_reticulum;extracellular;lysosome;nucleus;plasma_membrane;vesicle,9
Q9NQ25-3,SLAMF7,endoplasmic_reticulum;plasma_membrane,2
O60779,SLC19A2,plasma_membrane,1
B4DLN1,SLC25A10,mitochondrion;nucleus,2
Q9Y619,SLC25A15,mitochondrion,1
Q9BQT8,SLC25A21,mitochondrion,1
P12236,SLC25A6,mitochondrion;nucleus,2
O00338,SULT1C2,cytosol;lysosome;mitochondrion,3
Q15526-2,SURF1,mitochondrion,1
Q9UMR3,TBX20,nucleus,1
Q9NUW8,TDP1,nucleus;plasma_membrane,2
Q9BVW5,TIPIN,nucleus,1
Q9Y320-2,TMX2,endoplasmic_reticulum;mitochondrion;nucleus,3
Q04323-2,UBXN1,cytosol;endoplasmic_reticulum;nucleus,3
Q96KV7-7,WDR90,cytoskeleton;plasma_membrane,2
P49069,CAMLG,endoplasmic_reticulum;nucleus,2
Q96DR7,ARHGEF26,cytosol;plasma_membrane,2
Q68D86-2,CCDC102B,cytoskeleton,1
P06493-2,CDK1,cytoskeleton;cytosol;endoplasmic_reticulum;extracellular;mitochondrion;nucleus;vesicle,7
P24941,CDK2,cytoskeleton;cytosol;endosome;nucleus;plasma_membrane;vesicle,6
Q9BU64-2,CENPO,cytosol;nucleus,2
Q92874,DNASE1L2,extracellular;nucleus,2
Q8NBA8,DTWD2,nucleus,1
Q9NZC4,EHF,golgi;nucleus,2
Q9NUJ1,ABHD10,cytosol;mitochondrion,2
P55210-3,CASP7,cytosol;extracellular;nucleus,3
B5MCC9,CGREF1,extracellular,1
Q9NXW9,ALKBH4,nucleolus;nucleus,2
O14579,COPE,cytosol;endoplasmic_reticulum;golgi;nucleus;vesicle,5
P46108,CRK,cytosol;extracellular;nucleus;plasma_membrane;vesicle,5
O75911,DHRS3,endoplasmic_reticulum;nucleus;plasma_membrane,3
Q9NVM6,DNAJC17,nucleus,1
P49184,DNASE1L1,endoplasmic_reticulum;extracellular;nucleus;vesicle,4
Q8N5C7,DTWD1,nucleus,1
Q14153,FAM53B,nucleus,1
Q9UF56-2,FBXL17,nucleus,1
Q12841,FSTL1,endoplasmic_reticulum;extracellular;vesicle,3
Q99988,GDF15,extracellular;golgi;nucleus;vesicle,4
P09471-2,GNAO1,plasma_membrane,1
Q9Y5J3-2,HEY1,nucleus,1
Q8N7B1,HORMAD2,nucleus,1
D6RF63,KIAA1191,mitochondrion,1
Q9UH77-2,KLHL3,cytoskeleton;cytosol,2
Q9BVW3,KYNU,cytosol;mitochondrion,2
Q8N386,LRRC25,cytosol,1
P50222,MEOX2,nucleus,1
Q5T653,MRPL2,mitochondrion;nucleus,2
Q9Y6C9,MTCH2,mitochondrion;nucleus,2
Q9BZQ4-2,NMNAT2,cytosol;golgi;plasma_membrane;vesicle,4
Q9P1Q5,OR1A1,plasma_membrane,1
P60510,PPP4C,cytoskeleton;cytosol;nucleus;plasma_membrane,4
O00743,PPP6C,cytosol;mitochondrion;nucleus,3
P50897,PPT1,cell junction;cytosol;endoplasmic_reticulum;extracellular;golgi;lysosome;nucleus;plasma_membrane;synapse;vesicle,10
Q9UJD0,RIMS3,cell junction;plasma_membrane;synapse,3
Q8N2F6-2,ARMC10,endoplasmic_reticulum;mitochondrion;nucleus,3
Q15287-2,RNPS1,cytosol;nucleus,2
Q9UHR5-2,SAP30BP,cytoskeleton;nucleus,2
Q96EQ0,SGTB,cytosol,1
Q8ND83-2,SLAIN1,cytoskeleton,1
P05026-2,ATP1B1,cell junction;extracellular;plasma_membrane;vesicle,4
Q8NEY3,SPATA4,cytoskeleton;nucleus;plasma_membrane,3
Q9P0W8-2,SPATA7,cytoskeleton;cytosol;mitochondrion;nucleus;plasma_membrane,5
Q9NZD8,SPG21,cytosol;endosome;golgi;vesicle,4
O76061,STC2,endoplasmic_reticulum;extracellular,2
Q9UNE7,STUB1,cytosol;endoplasmic_reticulum;mitochondrion;nucleus,4
Q8TAQ9,SUN3,cytoskeleton;nucleus,2
O75478-2,TADA2A,cytoskeleton;nucleus,2
Q9NZ01,TECR,endoplasmic_reticulum;nucleus,2
O60909-2,B4GALT2,golgi,1
Q96NL1,TMEM74,lysosome;vesicle,2
Q9NP79,VTA1,cytosol;endosome;extracellular;nucleus;vesicle,5
Q9GZS3,WDR61,cytosol;nucleus,2
Q6PJT7-2,ZC3H14,nucleolus;nucleus;plasma_membrane,3
Q9UL58,ZNF215,nucleus,1
Q96I27,ZNF625,nucleus,1
Q96N77-2,ZNF641,cytosol;nucleolus;nucleus,3
Q9NRN7,AASDHPPT,cytosol;extracellular;vesicle,3
Q8IY42,C4orf19,plasma_membrane,1
Q13572,ITPK1,cytosol,1
O00214,LGALS8,cytosol;extracellular;vesicle,3
P43355,MAGEA1,cytosol;nucleus;plasma_membrane,3
P22748,CA4,endoplasmic_reticulum;er_golgi_intermediate;extracellular;golgi;plasma_membrane;vesicle,6
Q99685,MGLL,cytosol;endoplasmic_reticulum;nucleus;plasma_membrane,4
P51948,MNAT1,nucleus,1
Q99747,NAPG,extracellular;golgi;lysosome;mitochondrion;plasma_membrane;vesicle,6
Q9HC98,NEK6,cytoskeleton;cytosol;nucleus,3
Q9NXX6,NSMCE4A,nucleus,1
Q96AB6,NTAN1,nucleus,1
O75569,PRKRA,cytosol;nucleus,2
O60359,CACNG3,cell junction;plasma_membrane;synapse;vesicle,4
Q96LA8-2,PRMT6,nucleolus;nucleus,2
Q9H4K1,RIBC2,cytoskeleton;nucleus;plasma_membrane,3
Q7L523,RRAGA,cytosol;lysosome;nucleus,3
Q02978,SLC25A11,mitochondrion;nucleus;plasma_membrane,3
Q9H0C2,SLC25A31,mitochondrion;nucleus,2
Q8NBJ7-3,SUMF2,endoplasmic_reticulum,1
O43852,CALU,endoplasmic_reticulum;extracellular;golgi;nucleus;vesicle,5
Q9Y6I9,TEX264,cytosol;endoplasmic_reticulum;extracellular;nucleus;vesicle,5
Q9BT49,THAP7,nucleus,1
Q9H6L2,TMEM231,plasma_membrane,1
Q13829,TNFAIP1,cytosol;endosome;nucleus;vesicle,4
P55851,UCP2,mitochondrion,1
Q96BW1-3,UPRT,nucleus,1
Q6ICG8,WBP2NL,cytoskeleton;nucleus;plasma_membrane,3
Q9BRX9,WDR83,endosome;lysosome;nucleus;vesicle,4
Q9BWQ6,YIPF2,endosome;golgi;vesicle,3
Q6X784-2,ZPBP2,extracellular;nucleus;vesicle,3
P15121,AKR1B1,cytosol;extracellular;mitochondrion;nucleus;vesicle,5
Q8IUN9,CLEC10A,endosome;lysosome;plasma_membrane;vesicle,4
Q99439,CNN2,cell junction;cytoskeleton;extracellular;vesicle,4
Q96HY6-2,DDRGK1,endoplasmic_reticulum;nucleolus;nucleus,3
Q96GK7,FAHD2A,mitochondrion,1
O60218,AKR1B10,cytosol;extracellular;lysosome;mitochondrion;plasma_membrane,5
P31994-3,FCGR2B,cell junction;plasma_membrane;synapse,3
Q08830,FGL1,extracellular;plasma_membrane,2
Q8TF65,GIPC2,cytosol;extracellular;vesicle,3
Q9HC97,GPR35,mitochondrion;plasma_membrane,2
P30519,HMOX2,endoplasmic_reticulum;nucleus;plasma_membrane;vesicle,4
P22304-2,IDS,lysosome,1
Q6UXL0,IL20RB,plasma_membrane,1
O14734,ACOT8,cytosol;peroxisome,2
Q9H981,ACTR8,cytoskeleton;nucleus,2
Q8N5I4,DHRSX,endoplasmic_reticulum;extracellular;nucleus,3
O75190,DNAJB6,cytosol;nucleus,2
Q7L591-3,DOK3,plasma_membrane;vesicle,2
O75821,EIF3G,cytosol,1
A1A519-2,FAM170A,nucleus,1
Q9NUQ9,FAM49B,extracellular;mitochondrion;plasma_membrane;vesicle,4
O00757,FBP2,cell junction;cytosol;extracellular;nucleus;vesicle,5
O75344,FKBP6,cytosol;nucleolus;nucleus,3
P51857,AKR1D1,cytosol,1
Q9NZC3,GDE1,plasma_membrane;vesicle,2
Q7L5D6,GET4,cytosol,1
P30968,GNRHR,plasma_membrane,1
Q9Y2T6,GPR55,plasma_membrane,1
Q9P0W2,HMG20B,nucleus,1
Q86XE5,HOGA1,mitochondrion,1
P49639,HOXA1,nucleus,1
Q8WWU7,ITLN2,extracellular,1
P43358,MAGEA4,nucleus,1
Q8TDD5-2,MCOLN3,endosome;lysosome;plasma_membrane;vesicle,4
Q9NQX5,NPDC1,plasma_membrane,1
O76099,OR7C1,plasma_membrane,1
P54619,PRKAG1,cytosol;endoplasmic_reticulum;nucleus,3
Q9GZN4,PRSS22,extracellular,1
P50749,RASSF2,cytosol;nucleus,2
Q9BV68-2,RNF126,cytosol;nucleus,2
Q92870-2,APBB2,cell junction;endoplasmic_reticulum;endosome;golgi;nucleus;plasma_membrane;synapse;vesicle,8
P05388,RPLP0,cell junction;cytosol;endoplasmic_reticulum;extracellular;nucleus;synapse;vesicle,7
Q9NQG5,RPRD1B,nucleus,1
Q9NYW3,TAS2R7,plasma_membrane,1
P37173-2,TGFBR2,cytosol;extracellular;plasma_membrane,3
O14788,TNFSF11,extracellular;plasma_membrane,2
O14656,TOR1A,cell junction;cytoskeleton;cytosol;endoplasmic_reticulum;extracellular;nucleus;plasma_membrane;synapse;vesicle,9
Q3B726,TWISTNB,nucleolus;nucleus,2
O75436,VPS26A,cytosol;endosome;lysosome;vesicle,4
Q8IXZ2,ZC3H3,nucleus,1
P53365,ARFIP2,cytosol;golgi;plasma_membrane,3
O75752,B3GALNT1,golgi,1
P54687,BCAT1,cytosol;mitochondrion,2
Q0VAN4,C1QTNF3,cell junction;extracellular;synapse;vesicle,4
Q9Y2D0,CA5B,mitochondrion,1
Q86UT8,CCDC84,cytoskeleton,1
Q7L5N1,COPS6,cytosol;nucleus,2
Q96JK2-2,DCAF5,nucleus,1
P03950,ANG,cytoskeleton;cytosol;extracellular;nucleolus;nucleus;plasma_membrane;vesicle,7
O60234,GMFG,cytoskeleton;extracellular;vesicle,3
Q9NSC5,HOMER3,cell junction;cytosol;plasma_membrane;synapse,4
Q5SSJ5-2,HP1BP3,nucleus,1
Q9NR55,BATF3,nucleolus;nucleus,2
Q8NI08-2,NCOA7,nucleus,1
A6NMU8,NLGN4Y,cell junction;er_golgi_intermediate;plasma_membrane;synapse,4
Q86SE8,NPM2,nucleolus;nucleus,2
Q9ULJ1-4,ODF2L,cytoskeleton;plasma_membrane,2
Q5TAB7,RIPPLY2,nucleus,1
O95968,SCGB1D1,extracellular,1
Q8N3I7-2,BBS5,cytoskeleton;cytosol;plasma_membrane,3
P37840-2,SNCA,cell junction;cytoskeleton;cytosol;extracellular;lysosome;mitochondrion;nucleus;plasma_membrane;synapse;vesicle,10
P56962,STX17,cytosol;endoplasmic_reticulum;er_golgi_intermediate;golgi;lysosome;mitochondrion;nucleus;plasma_membrane;vesicle,9
Q86WS5,TMPRSS12,plasma_membrane;vesicle,2
Q9Y5R8,TRAPPC1,cytosol;endoplasmic_reticulum;extracellular;golgi;lysosome;vesicle,6
Q8NFA0,USP32,cytosol;golgi;nucleus,3
P47992,XCL1,extracellular,1
O60688,YPEL1,nucleus,1
Q8N4Q0,ZADH2,mitochondrion;peroxisome,2
Q6UXG8-3,BTNL9,plasma_membrane,1
O60293-2,ZFC3H1,extracellular;nucleus,2
Q8N0U7-2,C1orf87,cytoskeleton;plasma_membrane,2
Q5I0X4,C6orf226,peroxisome,1
Q86T65,DAAM2,extracellular;nucleus;vesicle,3
Q9Y324,FCF1,nucleolus;nucleus,2
P49789,FHIT,cytosol;mitochondrion;nucleolus;nucleus;plasma_membrane,5
P58397-2,ADAMTS12,extracellular,1
Q9H4M3-2,FBXO44,cytosol;nucleus,2
P05230,FGF1,cytosol;extracellular;nucleus,3
O15520,FGF10,extracellular;nucleus;plasma_membrane,3
Q8TAA5,GRPEL2,mitochondrion,1
Q16552,IL17A,extracellular;plasma_membrane,2
Q9NPF7,IL23A,endoplasmic_reticulum;extracellular,2
Q6UWL6-5,KIRREL2,cell junction;cytoskeleton;plasma_membrane,3
Q9UPQ0-2,LIMCH1,cytoskeleton,1
Q8IVW1-2,ARL17A,nucleus;plasma_membrane,2
Q9NVS2-2,MRPS18A,mitochondrion,1
Q6NZ67,MZT2B,cytoskeleton;cytosol;nucleus,3
Q9GZP1,NRSN2,plasma_membrane;vesicle,2
Q96NZ9,PRAP1,endoplasmic_reticulum;extracellular,2
Q9H0U4,RAB1B,cytosol;endoplasmic_reticulum;er_golgi_intermediate;extracellular;golgi;nucleus;vesicle,7
Q13637,RAB32,cytosol;endoplasmic_reticulum;endosome;golgi;mitochondrion;vesicle,6
Q02543,RPL18A,cytosol,1
O15145,ARPC3,cell junction;cytoskeleton;cytosol;extracellular;nucleus;plasma_membrane;vesicle,7
P62241,RPS8,cell junction;cytosol;endoplasmic_reticulum;extracellular;nucleus;vesicle,6
Q15506,SPA17,plasma_membrane,1
P16035,TIMP2,extracellular;vesicle,2
P78369,CLDN10,cell junction;plasma_membrane,2
Q9P013,CWC15,nucleus,1
Q6PKH6,DHRS4L2,extracellular;mitochondrion;peroxisome,3
Q7Z6V5,ADAT2,nucleus,1
Q96LL9,DNAJC30,mitochondrion,1
Q13216,ERCC8,nucleus,1
Q6NS38,ALKBH2,nucleolus;nucleus,2
P36980-2,CFHR2,extracellular,1
Q6QEF8-5,CORO6,cytoskeleton;plasma_membrane,2
Q8WUJ1,CYB5D2,extracellular,1
O60573,EIF4E2,cytosol,1
P53677,AP3M2,endosome;golgi;vesicle,3
P58499,FAM3B,extracellular;vesicle,2
Q9BT25-2,HAUS8,cytoskeleton;cytosol;nucleus,3
P20039,HLA-DRB1,cytoskeleton;endoplasmic_reticulum;endosome;extracellular;golgi;lysosome;nucleus;plasma_membrane;synapse;vesicle,10
Q96CN7,ISOC1,peroxisome,1
O43736,ITM2A,golgi;plasma_membrane,2
P26715-2,KLRC1,plasma_membrane,1
Q8WUZ0-2,BCL7C,nucleus,1
Q9NYP9,MIS18A,nucleus,1
Q6PF18,MORN3,nucleus;vesicle,2
Q7Z7H8,MRPL10,mitochondrion,1
O75431,MTX2,mitochondrion;nucleolus;nucleus,3
Q86UY6,NAA40,cytoskeleton;cytosol;nucleus,3
Q9UMY1,NOL7,mitochondrion;nucleolus;nucleus,3
Q9Y3C1,NOP16,nucleolus;nucleus,2
Q8IXM6,NRM,nucleus,1
Q14990,ODF1,cytoskeleton;nucleus;plasma_membrane,3
P78380,OLR1,extracellular;nucleus;plasma_membrane;vesicle,4
O14753,OVOL1,nucleus,1
O43316-4,PAX4,nucleus,1
Q9HCU9,BRMS1,nucleus,1
Q9H3Y0,R3HDML,extracellular,1
Q8TD07-3,RAET1E,cell junction;cytosol;extracellular;plasma_membrane,4
Q8N431-2,RASGEF1C,plasma_membrane,1
P78346,RPP30,nucleolus;nucleus,2
Q9BXY4-2,RSPO3,extracellular,1
Q7RTN6,STRADA,cytosol;nucleus,2
O14836-2,TNFRSF13B,plasma_membrane,1
O95231,VENTX,nucleus,1
Q8TF39,ZNF483,nucleus,1
Q8IW40,CCDC103,cytoskeleton;plasma_membrane,2
P09564,CD7,plasma_membrane,1
P09093,CELA3A,extracellular,1
Q9Y4X0,AMMECR1,mitochondrion;nucleus,2
Q96B26,EXOSC8,cytosol;nucleolus;nucleus,3
P13726,F3,extracellular;plasma_membrane,2
Q8TCJ0-2,FBXO25,nucleus,1
Q9NRD1,FBXO6,cytosol;endoplasmic_reticulum,2
O95749,GGPS1,cytosol;nucleus,2
O75112-2,LDB3,cell junction;cytoskeleton;plasma_membrane,3
Q9H2W6,MRPL46,mitochondrion,1
Q9Y314,NOSIP,cytosol;golgi;nucleus,3
Q8IXM7,ODF3L1,cytoskeleton,1
Q9HBV1,POPDC3,plasma_membrane,1
Q6ISU1-3,PTCRA,plasma_membrane,1
P0C0E4,RAB40AL,cell junction;endosome;mitochondrion;plasma_membrane;synapse;vesicle,6
P47755,CAPZA2,cytoskeleton;cytosol;extracellular;vesicle,4
Q92629-2,SGCD,cell junction;cytoskeleton;endoplasmic_reticulum;golgi;nucleus;plasma_membrane;synapse,7
Q3KNW1,SNAI3,nucleus,1
A6NFD7,TBC1D3F,plasma_membrane,1
Q9Y275,TNFSF13B,cell junction;extracellular;plasma_membrane,3
P48553,TRAPPC10,cytosol;endosome;golgi;vesicle,4
O43543,XRCC2,cytoskeleton;nucleus,2
Q8N5P1,ZC3H8,nucleus,1
Q8IYE0-2,CCDC146,cytoskeleton;plasma_membrane,2
Q9NRM2,ZNF277,nucleus,1
Q9UIV1,CNOT7,cytosol;nucleus,2
Q9Y6Z7,COLEC10,extracellular;golgi;plasma_membrane,3
Q8TDX6,CSGALNACT1,golgi,1
Q9UBR2,CTSZ,endoplasmic_reticulum;er_golgi_intermediate;extracellular;golgi;lysosome;plasma_membrane;vesicle,7
Q9HAI6,CXorf21,cytosol;endosome;lysosome;nucleus;vesicle,5
P33765,ADORA3,cell junction;plasma_membrane;synapse,3
P12318-2,FCGR2A,golgi;plasma_membrane;vesicle,3
Q6PJQ5,FOXR2,nucleus,1
Q9BTV5,FSD1,cytoskeleton;cytosol;nucleus;plasma_membrane,4
Q96QD9-2,FYTTD1,nucleus,1
Q6DCA0,AMMECR1L,nucleus,1
Q92820,GGH,endoplasmic_reticulum;extracellular;lysosome;nucleus;vesicle,5
Q00403,GTF2B,nucleus,1
P07910-2,HNRNPC,cytoskeleton;cytosol;extracellular;nucleus;vesicle,5
O14756,HSD17B6,endosome;vesicle,2
Q8WWA0,ITLN1,extracellular;plasma_membrane;vesicle,3
P43361,MAGEA8,nucleus,1
Q9BYD3-2,MRPL4,mitochondrion,1
P25963,NFKBIA,cytosol;nucleus;plasma_membrane,3
P23511-2,NFYA,nucleus,1
Q969F2,NKD2,plasma_membrane;vesicle,2
P27695,APEX1,cytoskeleton;endoplasmic_reticulum;mitochondrion;nucleolus;nucleus,5
Q13287,NMI,cytosol;extracellular;nucleus,3
P53370,NUDT6,mitochondrion;nucleus,2
O60404,OR10H3,plasma_membrane,1
Q8NGT1,OR2K2,plasma_membrane,1
O95221,OR5F1,plasma_membrane,1
Q96HP4,OXNAD1,mitochondrion,1
Q9H2U2-2,PPA2,mitochondrion,1
Q99941-2,ATF6B,cytosol;endoplasmic_reticulum;golgi;nucleolus;nucleus,5
Q9UQK1,PPP1R3C,cytosol,1
P62714,PPP2CB,cytoskeleton;cytosol;nucleus,3
P60891,PRPS1,cytosol,1
P32322,PYCR1,mitochondrion,1
Q96NR8,RDH12,endoplasmic_reticulum;nucleus;plasma_membrane,3
Q92781,RDH5,endoplasmic_reticulum;nucleus,2
Q8N228-2,SCML4,nucleus,1
Q9P287-2,BCCIP,cytoskeleton;nucleus,2
Q8IUQ4-2,SIAH1,cytosol;nucleus,2
Q9Y6E7,SIRT4,mitochondrion,1
Q9H2D1,SLC25A32,mitochondrion,1
Q96CQ1-3,SLC25A36,mitochondrion,1
Q96H78,SLC25A44,mitochondrion,1
P48431,SOX2,cytosol;nucleus,2
Q8NCR3,C11orf65,cytosol;mitochondrion,2
Q8NDV1-2,ST6GALNAC3,golgi;nucleus,2
P59536,TAS2R41,plasma_membrane,1
Q9Y385,UBE2J1,endoplasmic_reticulum;nucleus,2
P25874,UCP1,mitochondrion,1
P29466-2,CASP1,cytoskeleton;cytosol;nucleolus;nucleus;plasma_membrane,5
Q15078,CDK5R1,cell junction;cytosol;nucleus;plasma_membrane;synapse,5
Q6FI81-3,CIAPIN1,cytosol;mitochondrion;nucleolus;nucleus,4
P52895,AKR1C2,cytosol,1
O15121,DEGS1,endoplasmic_reticulum;mitochondrion;nucleus;plasma_membrane;vesicle,5
P25686-2,DNAJB2,cytosol;endoplasmic_reticulum;nucleus,3
Q8TEW6,DOK4,cytosol;mitochondrion,2
P42330,AKR1C3,cytosol;extracellular;nucleus;vesicle,4
Q16829-2,DUSP7,cytosol;nucleus,2
Q13347,EIF3I,cytosol;extracellular;vesicle,3
P22087,FBL,extracellular;nucleolus;nucleus;vesicle,4
P35914,HMGCL,cytosol;mitochondrion;peroxisome,3
P09651-2,HNRNPA1,cytosol;extracellular;nucleus;vesicle,4
Q92902-2,HPS1,cytosol;lysosome;vesicle,3
Q96T55-4,KCNK16,endoplasmic_reticulum;mitochondrion;nucleus;plasma_membrane,4
P17516,AKR1C4,cytosol;extracellular;vesicle,3
O00182-2,LGALS9,cytosol;extracellular;nucleus,3
B7Z7R3,LIMS1,cell junction;cytosol;plasma_membrane,3
Q96FV0,LRRC46,plasma_membrane,1
O15479,MAGEB2,nucleus,1
Q9UBU8-2,MORF4L1,nucleus,1
Q9Y673-2,ALG5,endoplasmic_reticulum;nucleus,2
Q96S97,MYADM,cell junction;cytoskeleton;plasma_membrane,3
Q58DX5-2,NAALADL2,nucleus,1
Q8N5Y8-2,PARP16,cytosol;endoplasmic_reticulum;nucleus,3
Q96KB5,PBK,nucleus,1
O00628,PEX7,cytosol;peroxisome,2
Q96FM1-2,PGAP3,golgi;vesicle,2
Q99697-2,PITX2,nucleus,1
P36873-2,PPP1CC,cell junction;cytoskeleton;cytosol;mitochondrion;nucleolus;nucleus;plasma_membrane,7
P51665,PSMD7,cell junction;cytosol;extracellular;nucleus;synapse;vesicle,6
Q6DKI7,PVRIG,plasma_membrane,1
P08758,ANXA5,cell junction;cytosol;extracellular;plasma_membrane;vesicle,5
Q96C36,PYCR2,cytosol;mitochondrion,2
P55735,SEC13,cytosol;endoplasmic_reticulum;extracellular;golgi;lysosome;nucleus;vesicle,7
Q96NB2,SFXN2,mitochondrion,1
Q9BWM7,SFXN3,mitochondrion,1
O15374,SLC16A4,plasma_membrane,1
Q9H936,SLC25A22,mitochondrion,1
Q96G79,SLC35A4,golgi;mitochondrion,2
Q96MF2-2,STAC3,cytosol;nucleus;plasma_membrane,3
P05089-2,ARG1,cytosol;extracellular;lysosome;nucleus;vesicle,5
O75529,TAF5L,nucleus,1
Q9NUY8-2,TBC1D23,golgi;vesicle,2
Q9BXJ8-2,TMEM120A,endoplasmic_reticulum;nucleus;plasma_membrane,3
Q9NV96-2,TMEM30A,endoplasmic_reticulum;endosome;golgi;lysosome;plasma_membrane;vesicle,6
Q9BXS4,TMEM59,endosome;extracellular;golgi;lysosome;plasma_membrane;vesicle,6
Q13630,TSTA3,cytosol;extracellular;vesicle,3
Q8NA56-2,TTC29,plasma_membrane,1
Q5T124,UBXN11,cytoskeleton;cytosol,2
Q9BT76-2,UPK3B,plasma_membrane,1
Q8TER5-2,ARHGEF40,cell junction;cytoskeleton;cytosol;plasma_membrane,4
Q8NAP3,ZBTB38,extracellular;nucleus,2
P14550,AKR1A1,cytosol;extracellular;plasma_membrane;vesicle,4
Q9BXK5,BCL2L13,mitochondrion;nucleus,2
Q13895,BYSL,cytosol;nucleolus;nucleus,3
Q04828,AKR1C1,cytosol;endoplasmic_reticulum;extracellular;vesicle,4
P51946,CCNH,nucleus,1
P24387,CRHBP,cell junction;cytoskeleton;endosome;extracellular;lysosome;nucleus;plasma_membrane;synapse;vesicle,9
P08574,CYC1,mitochondrion;nucleus,2
O95154,AKR7A3,cytosol;extracellular;golgi;vesicle,4
P21860,ERBB3,extracellular;plasma_membrane,2
O00602,FCN1,extracellular;plasma_membrane;vesicle,3
O43638,FOXS1,nucleus,1
Q9BYB4,GNB1L,nucleus,1
Q14330,GPR18,plasma_membrane;vesicle,2
P46089,GPR3,plasma_membrane,1
Q6PG48,ANKRD12,nucleus,1
Q13227,GPS2,cytosol;mitochondrion;nucleus,3
O75791,GRAP2,cytosol;endosome;nucleus;plasma_membrane;vesicle,5
Q9NQ87,HEYL,nucleus,1
P48551-2,IFNAR2,extracellular;plasma_membrane,2
B9ZVT0,IL9R,extracellular;plasma_membrane,2
Q8WZ19,KCTD13,cytosol;nucleus,2
Q9BVC4,MLST8,cytosol;lysosome;nucleus,3
Q13790,APOF,extracellular,1
Q96DH6-2,MSI2,cytosol,1
Q9NXK6,PAQR5,plasma_membrane,1
Q9H300-2,PARL,mitochondrion;nucleus,2
Q9NR21-4,PARP11,nucleus,1
O00151,PDLIM1,cell junction;cytoskeleton,2
Q8N2H9-4,PELI3,cytosol,1
Q92561,PHYHIP,mitochondrion;nucleus,2
Q96BK5,PINX1,cytoskeleton;nucleolus;nucleus,3
P62136,PPP1CA,cell junction;cytosol;endoplasmic_reticulum;extracellular;nucleolus;nucleus;plasma_membrane;vesicle,8
P53611,RABGGTB,cytosol;plasma_membrane,2
Q9NWV8-3,BABAM1,cytosol;nucleus,2
Q15293,RCN1,endoplasmic_reticulum,1
Q9H4I3,TRABD,mitochondrion,1
O95900,TRUB2,mitochondrion,1
Q9Y5U2-2,TSSC4,nucleus,1
Q6PKC3-2,TXNDC11,cytosol;endoplasmic_reticulum;nucleus;plasma_membrane,4
Q9Y5K5-2,UCHL5,cytosol;nucleolus;nucleus,3
Q9H270,VPS11,endosome;lysosome;vesicle,3
Q9BZR8,BCL2L14,cytosol,1
Q96IQ7,VSIG2,plasma_membrane,1
Q9UBN1,CACNG4,cell junction;plasma_membrane;synapse;vesicle,4
Q53HC0,CCDC92,cytoskeleton;nucleus,2
Q8WTP8-2,AEN,nucleolus;nucleus,2
Q99675,CGRRF1,endoplasmic_reticulum;nucleus,2
P20849-3,COL9A1,endoplasmic_reticulum;extracellular,2
P43235,CTSK,endosome;extracellular;lysosome;nucleus;plasma_membrane;vesicle,6
O00273,DFFA,cytosol;nucleus;plasma_membrane,3
Q6UX07,DHRS13,extracellular,1
Q13011,ECH1,cytosol;extracellular;mitochondrion;peroxisome;vesicle,5
Q9H6X2,ANTXR1,endosome;plasma_membrane;vesicle,3
Q09019,DMWD,nucleus;plasma_membrane,2
Q9UDY4,DNAJB4,cytosol;nucleus;plasma_membrane,3
Q8N140,EID3,nucleolus;nucleus,2
A6NK07,EIF2S2,cytosol,1
P13804,ETFA,mitochondrion,1
P25445-6,FAS,cytosol;extracellular;nucleus;plasma_membrane;vesicle,5
P04406,GAPDH,cytoskeleton;cytosol;extracellular;nucleus;plasma_membrane;vesicle,6
P15976-2,GATA1,nucleus,1
Q9UG22,GIMAP2,endoplasmic_reticulum;nucleus,2
O76003,GLRX3,cytosol;nucleus,2
Q9UBP5,HEY2,nucleus,1
Q6NVY1-2,HIBCH,mitochondrion,1
Q9BQE5,APOL2,endoplasmic_reticulum;nucleus,2
P52564,MAP2K6,cytoskeleton;cytosol;nucleus,3
Q08431-2,MFGE8,endoplasmic_reticulum;extracellular;vesicle,3
Q9NYK5-2,MRPL39,mitochondrion,1
Q8N387,MUC15,extracellular;golgi;plasma_membrane,3
Q9NPF4,OSGEP,cytosol;nucleus;plasma_membrane,3
Q15391,P2RY14,plasma_membrane,1
Q03405,PLAUR,cell junction;endoplasmic_reticulum;extracellular;nucleus;plasma_membrane;vesicle,6
Q9NR22-2,PRMT8,plasma_membrane,1
Q96IZ7-2,RSRC1,nucleus,1
P78382,SLC35A1,golgi;plasma_membrane,2
O94766,B3GAT3,extracellular;golgi;vesicle,3
O95238,SPDEF,nucleus,1
O43295-2,SRGAP3,cell junction;cytosol;synapse,3
Q11206-2,ST3GAL4,extracellular;golgi,2
Q9BVH7,ST6GALNAC5,golgi,1
Q969X2-2,ST6GALNAC6,golgi;plasma_membrane,2
Q9P2W9,STX18,endoplasmic_reticulum;golgi;nucleus;plasma_membrane,4
O14874,BCKDK,mitochondrion,1
Q9BXA5,SUCNR1,extracellular;plasma_membrane;vesicle,3
Q96BN2,TADA1,nucleus,1
O14657,TOR1B,endoplasmic_reticulum;extracellular;nucleus;vesicle,4
Q4G0F5,VPS26B,endosome;vesicle,2
P61964,WDR5,cytoskeleton;nucleus,2
Q7KYR7,BTN2A1,plasma_membrane,1
Q13426,XRCC4,cytosol;nucleus,2
P78410,BTN3A2,plasma_membrane,1
Q9ULX7,CA14,plasma_membrane,1
Q9H9S4,CAB39L,cytosol,1
Q9H2F9,CCDC68,cytoskeleton;plasma_membrane,2
Q92905,COPS5,cell junction;cytosol;nucleus;synapse;vesicle,5
Q02930-2,CREB5,extracellular;nucleus;vesicle,3
Q9H4E7,DEF6,cytoskeleton;cytosol;nucleus;plasma_membrane,4
Q86SQ9-2,DHDDS,endoplasmic_reticulum;nucleus,2
O75173,ADAMTS4,extracellular;nucleus,2
O43827,ANGPTL7,extracellular,1
P25685,DNAJB1,cytosol;extracellular;nucleolus;nucleus;vesicle,5
Q96KC8,DNAJC1,endoplasmic_reticulum;nucleus,2
P98172,EFNB1,cell junction;extracellular;nucleus;plasma_membrane;synapse;vesicle,6
O75477,ERLIN1,endoplasmic_reticulum;nucleus,2
Q8NFG4,FLCN,cytoskeleton;cytosol;lysosome;nucleus;plasma_membrane,5
Q9H3K2,GHITM,endoplasmic_reticulum;extracellular;mitochondrion;nucleus;vesicle,5
P62879,GNB2,cell junction;cytosol;extracellular;lysosome;plasma_membrane;vesicle,6
Q13304-2,GPR17,plasma_membrane,1
P17693,HLA-G,endoplasmic_reticulum;endosome;extracellular;golgi;nucleus;plasma_membrane;vesicle,7
Q8TB92-2,HMGCLL1,cytosol;endoplasmic_reticulum;nucleus,3
P07355-2,ANXA2,cell junction;cytosol;endosome;extracellular;lysosome;nucleus;plasma_membrane;vesicle,8
Q9NYD6,HOXC10,nucleus,1
Q6YN16-2,HSDL2,mitochondrion;peroxisome,2
P33241,LSP1,cytoskeleton;extracellular;plasma_membrane;vesicle,4
Q53F39-2,MPPE1,endoplasmic_reticulum;er_golgi_intermediate;golgi;nucleus,4
P13995,MTHFD2,extracellular;mitochondrion,2
Q9UJ70,NAGK,cytosol;extracellular;vesicle,3
P42695,NCAPD3,nucleus,1
Q9GZM8-2,NDEL1,cytoskeleton;cytosol;nucleus,3
Q9ULP0-2,NDRG4,cytosol;endoplasmic_reticulum;nucleus;plasma_membrane,4
O76027,ANXA9,cytosol;nucleus;plasma_membrane;vesicle,4
Q9H649,NSUN3,mitochondrion,1
P35227,PCGF2,nucleus,1
Q8N165,PDIK1L,nucleus,1
O15160-2,POLR1C,cytosol;nucleolus;nucleus,3
Q96PU8-3,QKI,cytosol;nucleus,2
Q8N0V3-2,RBFA,mitochondrion,1
P40937,RFC5,nucleus,1
O15541,RNF113A,nucleus,1
Q9HD20-2,ATP13A1,endoplasmic_reticulum;nucleus,2
Q6P087-2,RPUSD3,mitochondrion,1
Q8TD22,SFXN5,mitochondrion,1
Q96HL8,SH3YL1,plasma_membrane,1
Q8WUT9,SLC25A43,mitochondrion,1
Q9NRS6,SNX15,cytosol;nucleolus;nucleus;plasma_membrane;vesicle,5
Q13247-3,SRSF6,nucleus,1
Q8TE77-2,SSH3,cytoskeleton;nucleus,2
Q11201,ST3GAL1,extracellular;golgi;vesicle,3
Q9Y242,TCF19,nucleus,1
Q01664,TFAP4,nucleus,1
O60513,B4GALT4,extracellular;golgi,2
Q8WVM0,TFB1M,mitochondrion,1
Q9NZQ9,TMOD4,cytoskeleton,1
P50616,TOB1,nucleus,1
Q92519,TRIB2,cytoskeleton;nucleus,2
Q86WT6-2,TRIM69,cytoskeleton;cytosol;nucleus,3
Q9UGJ1-2,TUBGCP4,cytoskeleton;cytosol;endosome;vesicle,4
Q5T4F4-2,ZFYVE27,endoplasmic_reticulum;endosome;nucleus;plasma_membrane;vesicle,5
Q96MN9,ZNF488,nucleus,1
Q9UBX8,B4GALT6,golgi,1
Q8N5R6-4,CCDC33,peroxisome,1
Q8N4S0-2,CCDC82,nucleus,1
Q96F63,CCDC97,nucleus,1
O95400,CD2BP2,cytosol;nucleolus;nucleus,3
Q9H5V8-3,CDCP1,extracellular;plasma_membrane,2
P61962,DCAF7,cytosol;nucleus,2
Q8WTS1,ABHD5,cytosol;nucleus,2
P31997,CEACAM8,extracellular;lysosome;plasma_membrane;vesicle,4
P61073-2,CXCR4,cell junction;endosome;extracellular;lysosome;plasma_membrane;vesicle,6
P14920,DAO,cell junction;cytosol;peroxisome;synapse,4
Q9UBP4,DKK3,extracellular,1
Q8TCX1-2,DYNC2LI1,cytoskeleton;cytosol;golgi;nucleus;plasma_membrane,5
P49770,EIF2B2,cytosol,1
Q96IH6,EMILIN1,extracellular;plasma_membrane;vesicle,3
Q9BPY3,FAM118B,nucleus,1
Q9UIM3,FKBPL,cytosol;extracellular,2
P55318,FOXA3,cytoskeleton;nucleus,2
P21462,FPR1,lysosome;plasma_membrane;vesicle,3
P25090,FPR2,plasma_membrane;vesicle,2
F5H792,GPD1,cytosol;extracellular;vesicle,3
Q99679,GPR21,plasma_membrane,1
P18848,ATF4,cytoskeleton;cytosol;nucleus;plasma_membrane,4
Q9NYQ3,HAO2,cytosol;peroxisome,2
Q96DB2,HDAC11,nucleus;plasma_membrane,2
Q9H583,HEATR1,mitochondrion;nucleolus;nucleus,3
Q9NWT6,HIF1AN,cytosol;nucleus,2
Q9NP66,HMG20A,nucleus,1
P58166,INHBE,extracellular,1
P14316,IRF2,cell junction;cytosol;nucleus,3
P61421,ATP6V0D1,endosome;extracellular;lysosome;plasma_membrane;vesicle,5
Q8IYV9,IZUMO1,endoplasmic_reticulum;nucleus;plasma_membrane;vesicle,4
P17275,JUNB,nucleus,1
O60938,KERA,extracellular;golgi;lysosome,3
Q5VWX1,KHDRBS2,nucleus,1
Q96LZ2,MAGEB10,nucleus,1
Q8IYA7,MKX,nucleus,1
Q96BY2,MOAP1,cytosol;mitochondrion,2
Q96DV4,MRPL38,mitochondrion,1
Q5JR59-3,MTUS2,cytoskeleton;extracellular;nucleus,3
Q9BW91-2,NUDT9,cell junction;cytosol;extracellular;mitochondrion;nucleus;vesicle,6
Q9UBL9-2,P2RX2,plasma_membrane,1
Q9BYE7,PCGF6,nucleus,1
P08567,PLEK,cytosol;extracellular;plasma_membrane,3
P22694-2,PRKACB,cytoskeleton;cytosol;extracellular;nucleus;plasma_membrane;vesicle,6
P22612,PRKACG,cytosol;nucleus;plasma_membrane,3
Q9UJV8,PURG,nucleus,1
Q96B01-2,RAD51AP1,nucleus,1
Q9H9Y2,RPF1,nucleolus;nucleus,2
Q53H47,SETMAR,nucleolus;nucleus,2
P11168,SLC2A2,plasma_membrane,1
Q16842,ST3GAL2,extracellular;golgi,2
Q9Y3F4,STRAP,cytosol;nucleus,2
Q96A49,SYAP1,cell junction;cytosol;extracellular;golgi;nucleus;plasma_membrane;synapse;vesicle,8
O95455,TGDS,endoplasmic_reticulum;golgi,2
Q96J01,THOC3,nucleus,1
Q9NYL9,TMOD3,cell junction;cytoskeleton,2
Q9C035-2,TRIM5,cytosol;nucleus,2
Q8WWH5,TRUB1,cytosol;mitochondrion;nucleus,3
Q13454-2,TUSC3,endoplasmic_reticulum;mitochondrion;nucleus;plasma_membrane,4
Q6IBS0,TWF2,cytoskeleton;extracellular;plasma_membrane;vesicle,4
O00755,WNT7A,cell junction;endoplasmic_reticulum;extracellular;golgi;plasma_membrane;synapse;vesicle,7
P21730,C5AR1,plasma_membrane;vesicle,2
Q9GZM5,YIPF3,golgi;plasma_membrane;vesicle,3
P40121,CAPG,cell junction;cytoskeleton;extracellular;nucleolus;nucleus;plasma_membrane;vesicle,7
Q9NPC4,A4GALT,golgi,1
Q6P1J9,CDC73,cytosol;nucleus,2
O15335,CHAD,plasma_membrane,1
O43529,CHST10,golgi,1
Q9BSE5,AGMAT,mitochondrion,1
O60759,CYTIP,cytosol;endosome;vesicle,3
P07585,DCN,extracellular;golgi;lysosome,3
O43602-2,DCX,cytoskeleton;cytosol;plasma_membrane,3
Q8IYX4,DND1,cytosol;nucleus,2
Q92784-2,DPF3,nucleus,1
O00303,EIF3F,cytosol,1
O15372,EIF3H,cytosol;extracellular;vesicle,3
P30556,AGTR1,plasma_membrane,1
Q7L513-2,FCRLA,plasma_membrane,1
O43427-2,FIBP,mitochondrion;nucleus,2
Q9Y231,FUT9,golgi,1
P63096,GNAI1,cytoskeleton;cytosol;extracellular;lysosome;nucleus;plasma_membrane;vesicle,7
P04899-2,GNAI2,cytoskeleton;cytosol;extracellular;plasma_membrane;vesicle,5
P19086,GNAZ,endoplasmic_reticulum;nucleus;plasma_membrane,3
Q8N9N2-2,ASCC1,nucleus,1
Q99871-2,HAUS7,cytoskeleton;cytosol;nucleolus;nucleus;plasma_membrane,5
O94992,HEXIM1,nucleus,1
Q86YM7,HOMER1,cell junction;cytosol;plasma_membrane;synapse,4
Q9UIC8-2,LCMT1,cytosol;nucleus,2
Q6DKI2,LGALS9C,cytosol;nucleus,2
Q13394,MAB21L1,nucleus,1
Q7L590-2,MCM10,nucleolus;nucleus,2
Q6IN84,MRM1,mitochondrion,1
Q9UN36-2,NDRG2,cytosol;extracellular;golgi;plasma_membrane;vesicle,5
Q8NE79,BVES,cell junction;plasma_membrane,2
O95299,NDUFA10,mitochondrion,1
Q13562,NEUROD1,nucleus,1
Q15653-2,NFKBIB,cytosol;nucleus,2
Q9BRP1,PDCD2L,cytosol;nucleolus;nucleus,3
P11177-2,PDHB,mitochondrion;nucleus,2
Q96HE9,PRR11,nucleus,1
P43088,PTGFR,extracellular;plasma_membrane,2
Q9BXR0,QTRT1,mitochondrion,1
Q9BQ04,RBM4B,nucleolus;nucleus,2
Q8NDN9,RCBTB1,nucleus,1
E7EPT8,RGL4,plasma_membrane;vesicle,2
Q9NTX7-2,RNF146,cytosol;nucleus;plasma_membrane,3
Q8WWV3,RTN4IP1,mitochondrion,1
Q9NUC0,SERTAD4,nucleus,1
Q8IXJ6-2,SIRT2,cell junction;cytoskeleton;cytosol;mitochondrion;nucleolus;nucleus;plasma_membrane,7
Q8N6T7,SIRT6,endoplasmic_reticulum;nucleus,2
Q96DI7,SNRNP40,cytosol;nucleus,2
O95149,SNUPN,cytosol;nucleus,2
O43597,SPRY2,cytoskeleton;cytosol;nucleus;plasma_membrane,4
O95210,STBD1,endoplasmic_reticulum;nucleus;plasma_membrane;vesicle,4
P28289,TMOD1,cytoskeleton;cytosol,2
Q96RU7,TRIB3,cytosol;nucleus;plasma_membrane,3
Q96J42-2,TXNDC15,plasma_membrane,1
Q6UWU4-2,C6orf89,golgi;nucleolus;nucleus;plasma_membrane,4
P32246,CCR1,plasma_membrane,1
P34810,CD68,endosome;lysosome;plasma_membrane;vesicle,4
Q9H3Q1,CDC42EP4,cell junction;cytoskeleton;cytosol;plasma_membrane,4
P00326,ADH1C,cytosol,1
O15013-4,ARHGEF10,cytoskeleton;cytosol,2
P09622,DLD,mitochondrion;nucleus;plasma_membrane;vesicle,4
Q9UQ16-2,DNM3,cell junction;cytoskeleton;extracellular;plasma_membrane;synapse;vesicle,6
Q9UKT7,FBXL3,cytosol;nucleus,2
P78334,GABRE,cell junction;plasma_membrane;synapse,3
P15104,GLUL,cytosol;extracellular;mitochondrion;nucleus;plasma_membrane;vesicle,6
Q6PKC0,GMPR2,cytosol,1
P32249,GPR183,plasma_membrane,1
Q9Y2T5,GPR52,plasma_membrane,1
Q92747,ARPC1A,cytoskeleton;cytosol;extracellular;nucleus;vesicle,5
P01889,HLA-B,endoplasmic_reticulum;endosome;extracellular;golgi;nucleus;plasma_membrane;vesicle,7
P04222,HLA-C,endoplasmic_reticulum;endosome;extracellular;golgi;nucleus;plasma_membrane;vesicle,7
Q9Y679-2,AUP1,endoplasmic_reticulum;extracellular;nucleus;vesicle,4
P50213-2,IDH3A,mitochondrion;nucleus,2
Q969P0-3,IGSF8,extracellular;plasma_membrane;vesicle,3
Q9Y234,LIPT1,mitochondrion,1
P02545-2,LMNA,cytoskeleton;cytosol;nucleus,3
P43121,MCAM,cell junction;extracellular;plasma_membrane,3
Q13201,MMRN1,endoplasmic_reticulum;extracellular;vesicle,3
P21589,NT5E,cytosol;extracellular;nucleus;plasma_membrane;vesicle,5
Q9Y2A9,B3GNT3,golgi;plasma_membrane,2
Q9UKX7-2,NUP50,nucleus,1
Q96DU9,PABPC5,cytosol;mitochondrion;nucleus,3
Q9BYG5,PARD6B,cell junction;cytosol;extracellular;nucleus;plasma_membrane;vesicle,6
Q9NVD7,PARVA,cell junction;cytoskeleton;cytosol;plasma_membrane,4
Q9UL42,PNMA2,nucleolus;nucleus,2
P02765,AHSG,endoplasmic_reticulum;extracellular;golgi;vesicle,4
Q03181-2,PPARD,nucleus,1
P31323,PRKAR2B,cell junction;cytoskeleton;cytosol;extracellular;plasma_membrane;synapse;vesicle,7
Q06330-2,RBPJ,nucleolus;nucleus,2
Q8WXG1,RSAD2,endoplasmic_reticulum;golgi;mitochondrion;nucleolus;nucleus,5
Q9BRK5,SDF4,endoplasmic_reticulum;endosome;extracellular;golgi;plasma_membrane;vesicle,6
P08185,SERPINA6,extracellular;vesicle,2
Q96A29,SLC35C1,golgi,1
Q6P5W5-2,SLC39A4,endosome;plasma_membrane;vesicle,3
P17405,SMPD1,endosome;extracellular;lysosome;plasma_membrane;vesicle,5
D6RH18,SSBP2,nucleus,1
Q15561,TEAD4,nucleus,1
O95361,TRIM16,cytosol;nucleus;plasma_membrane,3
Q6PF05-3,TTC23L,cytoskeleton,1
Q9UMW8,USP18,cytosol;nucleus,2
Q8NB14,USP38,cytosol;nucleus,2
P50552,VASP,cell junction;cytoskeleton;cytosol;extracellular;plasma_membrane;vesicle,6
Q96C28,ZNF707,nucleus,1
P15391,CD19,extracellular;plasma_membrane;vesicle,3
Q9BZW8-2,CD244,plasma_membrane,1
A5D8T8,CLEC18A,endoplasmic_reticulum;endosome;extracellular;golgi;vesicle,5
O43889-2,CREB3,cytosol;endoplasmic_reticulum;golgi;nucleus,4
Q14203-2,DCTN1,cytoskeleton;cytosol;endosome;extracellular;nucleus;plasma_membrane;vesicle,7
Q99996-2,AKAP9,cell junction;cytoskeleton;cytosol;golgi;plasma_membrane;synapse,6
Q9H672,ASB7,cytosol;nucleus,2
Q86X95-2,CIR1,cytoskeleton;nucleus,2
Q9HCH3,CPNE5,extracellular;plasma_membrane;vesicle,3
Q53TN4,CYBRD1,extracellular;lysosome;plasma_membrane;vesicle,4
Q9UK85,DKKL1,extracellular;vesicle,2
Q14232,EIF2B1,cytosol;plasma_membrane,2
Q6NXP2-2,FAM71F2,golgi,1
Q9UK22,FBXO2,cytosol,1
Q8WWP7,GIMAP1,endoplasmic_reticulum;golgi;nucleus,3
P07306,ASGR1,extracellular;plasma_membrane,2
P46926,GNPDA1,cytosol;extracellular;vesicle,3
B7Z613,GPM6B,plasma_membrane,1
Q7Z602,GPR141,plasma_membrane,1
Q9Y2Q3-4,GSTK1,cytosol;extracellular;mitochondrion;peroxisome;vesicle,5
P29084,GTF2E2,cytosol;nucleus,2
Q13889,GTF2H3,nucleus,1
Q12797,ASPH,endoplasmic_reticulum;nucleus;plasma_membrane,3
Q8N3Z3,GTPBP8,mitochondrion,1
Q8TDQ0-2,HAVCR2,cell junction;nucleus;plasma_membrane,3
Q96MH2,HEXIM2,nucleus,1
O75144-2,ICOSLG,extracellular;plasma_membrane;vesicle,3
Q9H160,ING2,nucleus;plasma_membrane,2
O75449,KATNA1,cytoskeleton,1
Q9BXY0,MAK16,nucleolus;nucleus,2
Q15014,MORF4L2,nucleolus;nucleus;plasma_membrane,3
P82914,MRPS15,mitochondrion,1
O76036-6,NCR1,nucleus;plasma_membrane,2
Q8NI38,NFKBID,nucleus,1
Q9NT62,ATG3,cytosol;plasma_membrane,2
O95047,OR2A4,cytoskeleton;endosome;plasma_membrane;vesicle,4
Q8N138-4,ORMDL3,endoplasmic_reticulum;nucleus;plasma_membrane;vesicle,4
Q6PIY2,POLM,nucleus,1
Q8NI37,PPTC7,mitochondrion,1
O43741,PRKAB2,cytosol;endoplasmic_reticulum;nucleus,3
P85299,PRR5,cytosol,1
Q8N5M1,ATPAF2,cytosol;mitochondrion;nucleus,3
Q96PM5,RCHY1,cytosol;nucleus,2
Q8NC24,RELL2,plasma_membrane,1
Q9Y4L5,RNF115,cytosol;endoplasmic_reticulum;golgi;nucleus,4
Q9H4I8,SERHL2,peroxisome,1
Q9NPC8,SIX2,nucleus,1
Q9NUM3,SLC39A9,golgi;mitochondrion;nucleus;plasma_membrane,4
Q9C004,SPRY4,cell junction;cytosol;plasma_membrane,3
O75716,STK16,cytosol;golgi;nucleus;plasma_membrane,4
P08247,SYP,cell junction;plasma_membrane;synapse;vesicle,4
Q7Z7C8-2,TAF8,nucleus,1
Q6P2H8-2,TMEM53,nucleus,1
P22415,USF1,nucleus,1
Q86V25-2,VASH2,cytoskeleton;cytosol;extracellular,3
Q9Y277-2,VDAC3,extracellular;mitochondrion;nucleus;vesicle,4
Q9UBQ0-2,VPS29,cytosol;endosome;vesicle,3
Q9Y548,YIPF1,endosome;golgi;vesicle,3
P17041,ZNF32,nucleus,1
Q9NZU7-1,CABP1,cell junction;cytoskeleton;extracellular;golgi;plasma_membrane;synapse,6
Q8IVM0-2,CCDC50,cytosol,1
E5RFK5,CCNC,nucleus,1
P24385,CCND1,cytoskeleton;cytosol;nucleus,3
Q9Y232-2,CDYL,nucleus,1
Q9UNA3,A4GNT,golgi,1
Q9UIL4-2,KIF25,cytoskeleton,1
P43657,LPAR6,plasma_membrane,1
Q6PD74,AAGAB,cytosol,1
Q9NZL9-2,MAT2B,cytosol;extracellular;nucleus;vesicle,4
P13686,ACP5,cytosol;lysosome,2
Q9NS73-2,MBIP,cytoskeleton;cytosol;nucleolus;nucleus,4
Q6UB28,METAP1D,mitochondrion,1
Q15390,MTFR1,cytosol;mitochondrion;plasma_membrane,3
Q9BXD5,NPL,cytosol,1
Q9Y5X4,NR2E3,nucleus,1
Q9P121-3,NTM,cell junction;extracellular;plasma_membrane;synapse,4
Q8NFH5,NUP35,cytosol;nucleus,2
Q9H255,OR51E2,endosome;plasma_membrane;vesicle,3
O00398,P2RY10,plasma_membrane,1
Q9H244,P2RY12,plasma_membrane,1
Q86TG7-2,PEG10,cytosol;extracellular;nucleus;vesicle,4
Q96LB9,PGLYRP3,extracellular,1
A8MW92,PHF20L1,nucleus,1
P06746,POLB,cytoskeleton;cytosol;nucleus,3
Q7Z6L0-2,PRRT2,cell junction;plasma_membrane;synapse;vesicle,4
Q7RTY5,PRSS48,extracellular,1
Q9NS23-2,RASSF1,cytoskeleton;nucleus,2
Q8TC12,RDH11,endoplasmic_reticulum;nucleus,2
P22307-2,SCP2,cytosol;endoplasmic_reticulum;mitochondrion;nucleus;peroxisome,5
Q9H9B4,SFXN1,mitochondrion,1
Q13291,SLAMF1,extracellular;plasma_membrane;vesicle,3
Q86TJ2,TADA2B,nucleus,1
Q96PL2,TECTB,extracellular;plasma_membrane,2
Q5H9I0,TFDP3,cytosol;nucleus,2
Q86YD3-2,TMEM25,endosome;extracellular;lysosome;plasma_membrane;vesicle,5
Q14CS0,UBXN2B,cytosol;endoplasmic_reticulum;golgi;nucleus,4
Q9H977,WDR54,plasma_membrane;vesicle,2
Q15417,CNN3,cell junction;cytoskeleton;cytosol,3
Q9NXF8,ZDHHC7,endoplasmic_reticulum;golgi;nucleus,3
Q96N95-3,ZNF396,nucleus,1
O95218-2,ZRANB2,nucleus,1
P43234,CTSO,extracellular;lysosome,2
Q9BPW9,DHRS9,endoplasmic_reticulum;nucleus,2
Q14565,DMC1,nucleus,1
Q9H201-2,EPN3,endosome;extracellular;nucleus;plasma_membrane;vesicle,5
Q8IZU1,FAM9A,nucleolus;nucleus,2
Q8TC84,FANK1,cytoskeleton;cytosol;nucleus;plasma_membrane,4
P15408,FOSL2,nucleus,1
O14929,HAT1,mitochondrion;nucleus,2
P28358,HOXD10,nucleus,1
P56937-3,HSD17B7,endoplasmic_reticulum;mitochondrion;nucleus,3
P20933,AGA,endoplasmic_reticulum;extracellular;lysosome;vesicle,4
Q96EV8,DTNBP1,cell junction;cytoskeleton;cytosol;endoplasmic_reticulum;endosome;nucleus;plasma_membrane;synapse;vesicle,9
Q8N9I9-2,DTX3,nucleus,1
Q9H1C3,GLT8D2,golgi,1
Q9Y5P6-2,GMPPB,cytosol,1
P08754,GNAI3,cytoskeleton;cytosol;extracellular;lysosome;plasma_membrane;vesicle,6
P19087,GNAT2,plasma_membrane,1
O14775-2,GNB5,cytosol;plasma_membrane,2
P13747,HLA-E,endoplasmic_reticulum;endosome;extracellular;golgi;nucleus;plasma_membrane;vesicle,7
Q86XG6,KCNA2,cell junction;endoplasmic_reticulum;nucleus;plasma_membrane;synapse,5
Q6P1Q0-2,LETMD1,mitochondrion;nucleolus;nucleus,3
Q12907,LMAN2,endoplasmic_reticulum;er_golgi_intermediate;extracellular;golgi;nucleus;plasma_membrane;vesicle,7
Q9NQ29-2,LUC7L,nucleus,1
Q14D68,ASB4,cytosol,1
O15480,MAGEB3,nucleus,1
O15481,MAGEB4,nucleus,1
Q16539-2,MAPK14,cytosol;extracellular;nucleus;vesicle,4
Q9UHB7-2,AFF4,nucleolus;nucleus,2
Q68DK7,MSL1,nucleus,1
Q14994-2,NR1I3,cytoskeleton;nucleus,2
Q86VZ1,P2RY8,plasma_membrane,1
P57723-2,PCBP4,cytosol;nucleus,2
Q16769-2,QPCT,extracellular;vesicle,2
Q9UN42-2,ATP1B4,nucleus;plasma_membrane,2
O75695,RP2,cytoskeleton;extracellular;nucleus;plasma_membrane;vesicle,5
Q7LG56-2,RRM2B,cytosol;nucleus,2
Q6FHJ7,SFRP4,extracellular;nucleus;plasma_membrane,3
Q86WV1-2,SKAP1,nucleus;plasma_membrane;synapse,3
Q92185,ST8SIA1,golgi,1
O75683,SURF6,nucleolus;nucleus,2
P28347,TEAD1,nucleus,1
Q9NXG2,THUMPD1,nucleus,1
O75787,ATP6AP2,cell junction;endoplasmic_reticulum;endosome;extracellular;golgi;lysosome;nucleus;plasma_membrane;synapse;vesicle,10
Q8NFB2,TMEM185A,plasma_membrane,1
Q3MIR4,TMEM30B,endoplasmic_reticulum;golgi;nucleus;plasma_membrane,4
Q9NZR1-2,TMOD2,cytoskeleton,1
P58304,VSX2,nucleus,1
Q14CW9-2,ATXN7L3,nucleus,1
Q8TD46-4,CD200R1,extracellular;plasma_membrane,2
P19784,CSNK2A2,cytosol;nucleus,2
Q9UBS4,DNAJB11,endoplasmic_reticulum,1
Q8WZ79,DNASE2B,lysosome,1
Q9H410,DSN1,cytoskeleton;cytosol;extracellular;lysosome;nucleolus;nucleus;vesicle,7
P62736,ACTA2,cytoskeleton;cytosol;extracellular;plasma_membrane;vesicle,5
P61163,ACTR1A,cytoskeleton;cytosol;extracellular;vesicle,4
Q99788-2,CMKLR1,plasma_membrane,1
Q8WUP2-2,FBLIM1,cell junction;cytoskeleton;cytosol;nucleolus;nucleus,5
Q6ZV73,FGD6,cytoskeleton;golgi;plasma_membrane,3
Q06828,FMOD,extracellular;golgi;lysosome,3
P49354,FNTA,cytosol,1
Q14344,GNA13,cell junction;cytosol;extracellular;nucleus;plasma_membrane;vesicle,6
Q8TDG2,ACTRT1,cytoskeleton;nucleus;vesicle,3
Q9NW75-2,GPATCH2,nucleolus;nucleus,2
P43304-2,GPD2,mitochondrion,1
Q9HCN4,GPN1,cytosol;mitochondrion;nucleus,3
Q70UQ0,IKBIP,endoplasmic_reticulum;nucleus,2
P78508,KCNJ10,plasma_membrane,1
Q6H2H3,KIR2DL1,plasma_membrane,1
Q71RC2-3,LARP4,cytosol,1
Q9NX58,LYAR,nucleolus;nucleus;plasma_membrane,3
Q9BV79,MECR,mitochondrion;nucleus,2
O95568,METTL18,cytosol;nucleolus;nucleus,3
Q15049,MLC1,cell junction;cytosol;endoplasmic_reticulum;endosome;lysosome;plasma_membrane;vesicle,7
Q8TDY3,ACTRT2,cytoskeleton,1
P16333,NCK1,cytosol;endoplasmic_reticulum;nucleus;plasma_membrane,4
Q16795,NDUFA9,mitochondrion;nucleus,2
Q9GZT8-2,NIF3L1,mitochondrion;nucleus,2
Q15738,NSDHL,endoplasmic_reticulum;nucleus,2
Q9BYU1,PBX4,nucleus,1
Q15198,PDGFRL,extracellular,1
Q9BRQ8,AIFM2,cytosol;extracellular;mitochondrion;nucleus;plasma_membrane,5
P56645-2,PER3,cytosol;nucleus,2
Q9UNM6-2,PSMD13,cell junction;cytosol;extracellular;nucleus;synapse;vesicle,6
P55036,PSMD4,cell junction;cytosol;nucleus;synapse;vesicle,5
Q9H7Z7,PTGES2,cytosol;extracellular;golgi;lysosome;mitochondrion;vesicle,6
Q7Z6M1-2,RABEPK,cytosol;endosome;golgi;vesicle,4
Q9Y2P8,RCL1,nucleolus;nucleus,2
P60709,ACTB,cell junction;cytoskeleton;cytosol;extracellular;nucleus;plasma_membrane;synapse;vesicle,8
P50453,SERPINB9,cytosol;extracellular;golgi;nucleus;vesicle,5
Q8IXU6-3,SLC35F2,golgi;plasma_membrane,2
Q12824-2,SMARCB1,nucleolus;nucleus,2
Q9UH62,ARMCX3,mitochondrion;nucleus,2
Q11203-15,ST3GAL3,extracellular;golgi,2
Q9P2T0,THEG,nucleus,1
O60704,TPST2,endoplasmic_reticulum;golgi,2
Q8WVN8,UBE2Q2,cytosol;nucleus,2
Q9Y5W5,WIF1,extracellular;plasma_membrane,2
Q969W1-2,ZDHHC16,endoplasmic_reticulum;golgi;nucleus,3
Q8IYD9-2,C18orf54,extracellular,1
Q9H0I3,CCDC113,cytoskeleton;plasma_membrane,2
Q14094,CCNI,golgi;nucleus,2
P51684,CCR6,plasma_membrane,1
P08571,CD14,endosome;extracellular;golgi;plasma_membrane;vesicle,5
Q9NPF8-2,ADAP2,mitochondrion;plasma_membrane,2
Q86V24,ADIPOR2,plasma_membrane,1
P08174-2,CD55,er_golgi_intermediate;extracellular;golgi;plasma_membrane;vesicle,5
P12277,CKB,cytosol;extracellular;mitochondrion;plasma_membrane;vesicle,5
P06732,CKM,cytosol;extracellular,2
Q8IU60-2,DCP2,cell junction;cytosol;nucleus,3
O94830,DDHD2,cytoskeleton;cytosol;er_golgi_intermediate;golgi;vesicle,5
P80370,DLK1,extracellular,1
P39748,FEN1,mitochondrion;nucleolus;nucleus,3
O95684-2,FGFR1OP,cytoskeleton;cytosol;nucleus;plasma_membrane,4
P48448,ALDH3B2,plasma_membrane,1
Q14254,FLOT2,cell junction;endosome;extracellular;plasma_membrane;vesicle,5
P01100,FOS,cytosol;endoplasmic_reticulum;nucleus,3
P17302,GJA1,cell junction;endoplasmic_reticulum;golgi;mitochondrion;nucleus;plasma_membrane;vesicle,7
O43837-2,IDH3B,mitochondrion;nucleus,2
P42701-3,IL12RB1,plasma_membrane,1
Q14627,IL13RA2,extracellular;plasma_membrane,2
Q9P0J7,KCMF1,cytosol;endosome;extracellular;lysosome;plasma_membrane;vesicle,6
Q13601,KRR1,nucleolus;nucleus,2
P35414,APLNR,plasma_membrane,1
Q9BYZ2,LDHAL6B,mitochondrion;nucleus,2
Q16644,MAPKAPK3,cytosol;nucleus,2
Q9NR56,MBNL1,cytosol;nucleus,2
E7EP37,MICA,extracellular;plasma_membrane,2
Q9UGC7-2,MTRF1L,mitochondrion,1
O43639,NCK2,cytosol;endoplasmic_reticulum,2
Q9Y3R4,NEU2,cytosol;lysosome,2
Q9Y466,NR2E1,nucleus,1
Q8NFH3,NUP43,cytosol;nucleus,2
Q9BWX1,PHF7,cytosol;golgi;nucleus;plasma_membrane,4
O75439,PMPCB,mitochondrion,1
Q8N490-2,PNKD,endoplasmic_reticulum;golgi;mitochondrion;plasma_membrane,4
P35813-2,PPM1A,cytosol;nucleus;plasma_membrane,3
Q9Y570,PPME1,nucleus,1
P51888,PRELP,extracellular;golgi;lysosome;vesicle,4
P10644,PRKAR1A,cytosol;plasma_membrane,2
O95084,PRSS23,endoplasmic_reticulum;extracellular;nucleus;vesicle,4
Q9UI38,PRSS50,endoplasmic_reticulum,1
P17706-2,PTPN2,cytosol;endoplasmic_reticulum;er_golgi_intermediate;nucleus;plasma_membrane,5
Q8TBN0,RAB3IL1,cytosol,1
O43251-10,RBFOX2,nucleus,1
Q8NEY4,ATP6V1C2,cytosol;extracellular;lysosome;vesicle,4
O43567,RNF13,cytosol;endoplasmic_reticulum;endosome;lysosome;nucleus;vesicle,6
Q9H4B6,SAV1,cytosol;nucleus,2
Q9BWG4,SSBP4,nucleus,1
Q96I99,SUCLG2,mitochondrion;plasma_membrane,2
O00445,SYT5,cell junction;endosome;plasma_membrane;synapse;vesicle,5
Q8IYR6,TMEFF1,plasma_membrane,1
Q5T2D2,TREML2,plasma_membrane,1
E9PBZ6,TRPV5,plasma_membrane,1
Q96S82,UBL7,cytosol,1
Q6UX41,BTNL8,plasma_membrane,1
Q96L12,CALR3,endoplasmic_reticulum;nucleus,2
Q8IU85-2,CAMK1D,nucleus,1
Q96ER9-2,CCDC51,mitochondrion;nucleus,2
Q9NNX6-2,CD209,extracellular;plasma_membrane,2
Q9NYF3,FAM53C,nucleus,1
Q53RD9-2,FBLN7,cell junction;extracellular,2
Q15011-2,HERPUD1,endoplasmic_reticulum;nucleus,2
P37059,HSD17B2,endoplasmic_reticulum;nucleus,2
P51553,IDH3G,mitochondrion;nucleolus;nucleus,3
Q12905,ILF2,cytosol;extracellular;nucleolus;nucleus;vesicle,5
Q5J1K9,ART3,extracellular;plasma_membrane;vesicle,3
O43526-3,KCNQ2,plasma_membrane,1
Q969G2,LHX4,nucleus,1
Q8NF37,LPCAT1,endoplasmic_reticulum;golgi;lysosome;nucleus;plasma_membrane;vesicle,6
Q9Y383,LUC7L2,nucleus,1
P33993,MCM7,cytosol;nucleus,2
Q9NXL9,MCM9,nucleus,1
Q9H239,MMP28,extracellular,1
P55209,NAP1L1,nucleus;vesicle,2
Q96FI4,NEIL1,cytoskeleton;cytosol;nucleus,3
Q99571,P2RX4,cell junction;extracellular;lysosome;plasma_membrane;vesicle,5
Q99447,PCYT2,endoplasmic_reticulum;nucleus,2
Q9P0Z9,PIPOX,cytosol;peroxisome,2
Q8NBL1,POGLUT1,endoplasmic_reticulum,1
P38159,RBMX,extracellular;nucleus;vesicle,3
P31350,RRM2,cytosol;nucleus,2
Q9NQC3-2,RTN4,cell junction;endoplasmic_reticulum;nucleus;plasma_membrane;synapse,5
F5GYW9,SERPINB11,extracellular,1
P29508,SERPINB3,cytosol;extracellular;lysosome;nucleus;vesicle,5
P48594,SERPINB4,cytosol;extracellular,2
Q16586,SGCA,cell junction;cytoskeleton;endoplasmic_reticulum;golgi;nucleus;plasma_membrane;synapse,7
Q9P1W8-2,SIRPG,plasma_membrane,1
Q9UNH6-2,SNX7,endosome;vesicle,2
Q9BWW4-2,SSBP3,nucleus,1
Q8N6V9,TEX9,cytoskeleton,1
P01137,TGFB1,extracellular;golgi;nucleus;plasma_membrane;vesicle,5
P04637-4,TP53,cytoskeleton;cytosol;endoplasmic_reticulum;mitochondrion;nucleolus;nucleus,6
O95801,TTC4,cytoskeleton;nucleus,2
Q9NNX1-2,TUFT1,extracellular;nucleus,2
Q9BZV1-2,UBXN6,cytoskeleton;cytosol;endosome;extracellular;lysosome;nucleus;vesicle,7
O00744,WNT10B,extracellular,1
Q6ZS27,ZNF662,nucleus,1
O60512,B4GALT3,cytosol;extracellular;golgi;vesicle,4
O75936,BBOX1,cytosol;extracellular;mitochondrion;vesicle,4
O15382-2,BCAT2,mitochondrion;nucleus,2
O95972,BMP15,endoplasmic_reticulum;extracellular,2
Q9Y2G2,CARD8,cytosol;nucleus,2
Q8N0S6,CENPL,cytosol;nucleus,2
Q9H2X3-8,CLEC4M,extracellular;plasma_membrane,2
Q6Y2X3,DNAJC14,endoplasmic_reticulum;nucleus,2
Q92785,DPF2,cytoskeleton;cytosol;nucleus,3
Q9BVC3,DSCC1,nucleus,1
Q92838-3,EDA,cytoskeleton;extracellular;plasma_membrane,3
O14639-2,ABLIM1,cytoskeleton;plasma_membrane,2
Q06547-2,GABPB1,nucleus,1
Q8NFS9,GCNT2,golgi,1
P63092-2,GNAS,cytosol;extracellular;golgi;nucleus;plasma_membrane;vesicle,6
P42765,ACAA2,mitochondrion,1
O60478,GPR137B,lysosome;plasma_membrane,2
Q9NY97-2,B3GNT2,golgi,1
O43813,LANCL1,plasma_membrane,1
Q9UJU2,LEF1,nucleus,1
Q9NQ69-2,LHX9,nucleus,1
P07098,LIPF,endosome;extracellular;golgi;plasma_membrane;vesicle,5
Q00266,MAT1A,cytosol,1
Q92665,MRPS31,mitochondrion,1
Q03426,MVK,cytosol;peroxisome,2
Q9H1Y3,OPN3,cytosol;plasma_membrane,2
Q9UQ80,PA2G4,cytosol;extracellular;lysosome;nucleolus;nucleus;vesicle,6
Q9H074-2,PAIP1,cytosol;plasma_membrane,2
P05423,POLR3D,cytosol;nucleus,2
P14314,PRKCSH,endoplasmic_reticulum,1
Q6ZNE9,RUFY4,endosome;lysosome;vesicle,3
Q15047-3,SETDB1,nucleus,1
Q8TAD8,SNIP1,cytosol;nucleus,2
Q99469,STAC,cytosol;plasma_membrane,2
Q92734,TFG,cytosol;endoplasmic_reticulum,2
Q8IUC6,TICAM1,cytosol;endosome;mitochondrion;vesicle,4
Q9BSE2,TMEM79,golgi;lysosome,2
Q9H497,TOR3A,endoplasmic_reticulum;extracellular;nucleus;vesicle,4
Q9Y3Q8,TSC22D4,cell junction;nucleus;plasma_membrane;synapse,4
Q9GZV5,WWTR1,cell junction;cytosol;nucleus;plasma_membrane,4
Q9NR11-2,ZNF302,nucleus,1
Q96NG5,ZNF558,nucleus,1
Q96KC9,CABS1,mitochondrion;plasma_membrane;vesicle,3
Q8WVQ1-2,CANT1,endoplasmic_reticulum;extracellular;golgi;nucleus;plasma_membrane;vesicle,6
Q9BRT8,CBWD1,nucleus,1
Q9GZN1,ACTR6,cytoskeleton;nucleolus;nucleus,3
P13994,CCDC130,nucleus,1
Q96AJ1,CLUAP1,cytoskeleton;nucleus;plasma_membrane,3
Q13561-2,DCTN2,cytoskeleton;cytosol;extracellular;nucleus;plasma_membrane;vesicle,6
Q6P3S1-4,DENND1B,cytosol;nucleus;vesicle,3
P31689,DNAJA1,cytoskeleton;cytosol;endoplasmic_reticulum;extracellular;mitochondrion;nucleus;vesicle,7
Q14183,DOC2A,cell junction;lysosome;nucleolus;nucleus;plasma_membrane;synapse;vesicle,7
Q9HB65,ELL3,nucleolus;nucleus,2
P55085,F2RL1,endosome;golgi;plasma_membrane;vesicle,4
P16219,ACADS,cytoskeleton;mitochondrion;nucleus,3
Q9BV87,CNPPD1,nucleus,1
P32929-2,CTH,cytosol;extracellular;vesicle,3
O60884,DNAJA2,cytosol;extracellular;vesicle,3
O60496,DOK2,cytosol;plasma_membrane,2
Q9H3H5-2,DPAGT1,endoplasmic_reticulum;nucleus,2
P16444,DPEP1,cell junction;extracellular;nucleus;plasma_membrane;vesicle,5
Q9BY76,ANGPTL4,extracellular,1
P60842,EIF4A1,cytosol;extracellular;nucleus;plasma_membrane;vesicle,5
P38919,EIF4A3,cytosol;nucleolus;nucleus,3
Q9BS26,ERP44,endoplasmic_reticulum;er_golgi_intermediate;extracellular;nucleus;plasma_membrane;vesicle,6
Q9UK97-2,FBXO9,cytosol,1
O15218,GPR182,endosome;plasma_membrane;vesicle,3
Q9NZH0,GPRC5B,cytosol;extracellular;nucleolus;nucleus;plasma_membrane;vesicle,6
Q9Y2U9-2,KLHDC2,nucleus,1
O15229-2,KMO,cytosol;mitochondrion,2
P13473-2,LAMP2,endosome;extracellular;golgi;lysosome;plasma_membrane;vesicle,6
Q8IYG6,LRRC56,plasma_membrane,1
Q6PIU2-2,NCEH1,endoplasmic_reticulum;nucleus;plasma_membrane,3
Q9NRN5,OLFML3,extracellular;vesicle,2
P32121-3,ARRB2,cytosol;nucleus;plasma_membrane;vesicle,4
Q15120,PDK3,mitochondrion,1
Q16654,PDK4,mitochondrion,1
Q9BUL5-2,PHF23,cytosol;nucleus,2
P15735,PHKG2,cytosol,1
P48426,PIP4K2A,cytosol;lysosome;nucleus;plasma_membrane,4
Q53GL0,PLEKHO1,mitochondrion;nucleus;plasma_membrane,3
P62195,PSMC5,cell junction;cytosol;extracellular;nucleus;plasma_membrane;synapse;vesicle,7
P54727,RAD23B,cytosol;nucleus,2
Q15434,RBMS2,cytosol;nucleus,2
P00797-2,REN,extracellular;plasma_membrane,2
Q06587,RING1,cytosol;nucleus,2
Q674R7,ATG9B,endoplasmic_reticulum;endosome;golgi;nucleus;vesicle,5
P39023,RPL3,cell junction;cytosol;extracellular;nucleolus;nucleus;vesicle,6
Q5VWQ0,RSBN1,nucleus,1
Q8NC51-2,SERBP1,cytosol;extracellular;nucleus;vesicle,4
P05154,SERPINA5,extracellular;plasma_membrane;vesicle,3
Q03154,ACY1,cytosol;extracellular;vesicle,3
Q13309-2,SKP2,cytosol;nucleolus;nucleus,3
Q9NY99-2,SNTG2,cytoskeleton;plasma_membrane,2
P15907,ST6GAL1,extracellular;golgi,2
Q92783-2,STAM,cytosol;endosome;vesicle,3
Q93088,BHMT,cytosol;extracellular;nucleus;vesicle,4
P48775,TDO2,cytosol,1
P12644,BMP4,endoplasmic_reticulum;extracellular,2
Q6XPS3-3,TPTE2,cytosol;endoplasmic_reticulum;golgi;nucleus,4
O60858-3,TRIM13,endoplasmic_reticulum;nucleus,2
Q96Q11-2,TRNT1,cytosol;mitochondrion;nucleus,3
Q9GZZ9-2,UBA5,cytosol;endoplasmic_reticulum;golgi;nucleus,4
Q9NYS7,WSB2,cytosol,1
Q9H8X9,ZDHHC11,endoplasmic_reticulum;endosome;golgi;nucleus;vesicle,5
Q8IYP9,ZDHHC23,endoplasmic_reticulum;golgi,2
Q5VW32,BROX,extracellular;nucleus;vesicle,3
Q9HBT8,ZNF286A,nucleus,1
P17036,ZNF3,nucleus,1
Q96H86,ZNF764,nucleus,1
Q7Z6B0-2,CCDC91,golgi;nucleus,2
P49753,ACOT2,cytosol;mitochondrion;peroxisome,3
P51878-2,CASP5,cytosol,1
Q9Y6K0,CEPT1,endoplasmic_reticulum;golgi;nucleus,3
P12532-2,CKMT1A,mitochondrion,1
P17540,CKMT2,mitochondrion,1
P48052,CPA2,extracellular,1
P48730-2,CSNK1D,cytoskeleton;cytosol;er_golgi_intermediate;golgi;nucleus;plasma_membrane,6
P49674,CSNK1E,cytosol;nucleus,2
Q2NKX8,ERCC6L,cytosol;nucleus,2
Q9UI08-2,EVL,cell junction;cytoskeleton;cytosol;plasma_membrane,4
Q96LP2,FAM81B,nucleus,1
Q8N1E6,FBXL14,cytosol,1
P37268,FDFT1,endoplasmic_reticulum;nucleus,2
P14324,FDPS,cytosol;mitochondrion;nucleus;peroxisome,4
E9PK12,FUZ,cytoskeleton;extracellular;plasma_membrane;vesicle,4
P17174,GOT1,cytosol;extracellular;nucleus;vesicle,4
Q9P1U1-2,ACTR3B,cytoskeleton;extracellular;vesicle,3
Q9Y5Z7,HCFC2,cytosol;nucleus,2
O43820-2,HYAL3,endoplasmic_reticulum;endosome;extracellular;lysosome;plasma_membrane;vesicle,6
Q8N6T3-2,ARFGAP1,cell junction;cytosol;golgi;synapse,4
Q9Y6K9-2,IKBKG,cytoskeleton;cytosol;nucleus,3
Q9H5V7,IKZF5,nucleus,1
P48544,KCNJ5,plasma_membrane,1
Q9UIH9,KLF15,nucleus,1
P11279,LAMP1,endosome;extracellular;lysosome;plasma_membrane;vesicle,5
Q9UQV4,LAMP3,endosome;lysosome;plasma_membrane;vesicle,4
Q17RB8-2,LONRF1,cytosol,1
O75030-2,MITF,cytosol;lysosome;nucleus,3
Q5VW31,NFIB,nucleolus;nucleus;plasma_membrane,3
Q5VV41,ARHGEF16,cytosol,1
Q9GZQ4,NMUR2,plasma_membrane,1
Q9NY27,PPP4R2,cytoskeleton;nucleus,2
P49642,PRIM1,nucleus,1
P11464-2,PSG1,extracellular,1
P15151-2,PVR,cell junction;extracellular;plasma_membrane,3
Q8IW75,SERPINA12,extracellular,1
P05120,SERPINB2,extracellular;plasma_membrane,2
P49407-2,ARRB1,cytosol;golgi;lysosome;nucleus;plasma_membrane;vesicle,6
P36955,SERPINF1,extracellular;vesicle,2
Q7Z698,SPRED2,cytosol;plasma_membrane;vesicle,3
Q96FJ0-2,STAMBPL1,cytosol;endosome;vesicle,3
Q9C0K7-2,STRADB,cytosol;nucleus,2
O43463,SUV39H1,nucleolus;nucleus;plasma_membrane;vesicle,4
Q96B67,ARRDC3,endosome;lysosome;plasma_membrane;vesicle,4
Q8IV01,SYT12,cell junction;plasma_membrane;synapse;vesicle,4
Q6UWJ1-2,TMCO3,golgi;plasma_membrane,2
Q86T26,TMPRSS11B,extracellular;plasma_membrane;vesicle,3
Q8NBZ7-2,UXS1,endoplasmic_reticulum;extracellular;golgi;nucleus;vesicle,5
Q5GFL6-3,VWA2,extracellular;vesicle,2
Q502W6-3,VWA3B,cytosol;nucleus,2
Q8IZQ1-2,WDFY3,cytosol;nucleus;plasma_membrane,3
P00966,ASS1,cytosol;extracellular;nucleus;vesicle,4
Q96EX3,WDR34,cytoskeleton;cytosol;nucleus;plasma_membrane,4
P57081-2,WDR4,cytosol;nucleus,2
Q9UNY5-2,ZNF232,cytosol;nucleus,2
Q14032,BAAT,cytosol;peroxisome,2
Q13515,BFSP2,cytoskeleton;plasma_membrane,2
Q9HAW0,BRF2,nucleolus;nucleus,2
O43825,B3GALT2,golgi,1
P28799,GRN,endoplasmic_reticulum;endosome;extracellular;golgi;lysosome;plasma_membrane;vesicle,7
P30511-2,HLA-F,endoplasmic_reticulum;endosome;extracellular;golgi;lysosome;nucleus;plasma_membrane;vesicle,8
Q9NWB7,IFT57,cytoskeleton;golgi;plasma_membrane,3
Q68DU8,KCTD16,cell junction;plasma_membrane;synapse,3
Q9Y664,KPTN,cell junction;cytoskeleton;lysosome;plasma_membrane;synapse,5
Q99538,LGMN,endosome;extracellular;lysosome;vesicle,4
Q9H8J5,MANSC1,golgi,1
P45983-2,MAPK8,cell junction;cytosol;nucleus;plasma_membrane;synapse,5
P55081,MFAP1,extracellular;nucleus,2
Q9BZE1,MRPL37,mitochondrion,1
E3W994,CLASP2,cell junction;cytoskeleton;cytosol;golgi;nucleus;plasma_membrane;synapse,7
Q53H76-2,PLA1A,extracellular,1
P55345,PRMT2,cytosol;nucleolus;nucleus,3
P35998,PSMC2,cell junction;cytosol;extracellular;nucleus;synapse;vesicle,6
P09543-2,CNP,cytoskeleton;extracellular;mitochondrion;plasma_membrane;vesicle,5
Q09028-3,RBBP4,cytosol;nucleus,2
Q86U06-2,RBM23,nucleus,1
P18754-2,RCC1,nucleus,1
P61201-2,COPS2,cytosol;extracellular;nucleus,3
Q969Z4,RELT,cytosol;nucleus;plasma_membrane,3
Q9GZR2,REXO4,nucleolus;nucleus,2
Q8NBX0,SCCPDH,extracellular;mitochondrion;nucleus;vesicle,4
Q9UNS2,COPS3,cytosol;nucleus,2
O14863,SLC30A4,endosome;lysosome;plasma_membrane;vesicle,4
Q9BS91,SLC35A5,golgi,1
P84022,SMAD3,cytosol;nucleus,2
O60906,SMPD2,endoplasmic_reticulum;plasma_membrane,2
Q9UQ90,SPG7,mitochondrion,1
Q8NEF9,SRFBP1,nucleus,1
Q5T7P8-2,SYT6,cell junction;cytosol;endoplasmic_reticulum;plasma_membrane;synapse;vesicle,6
Q8WW24,TEKT4,cytoskeleton;nucleus;plasma_membrane,3
P05549,TFAP2A,nucleus,1
Q9HAW8,UGT1A10,endoplasmic_reticulum;nucleus,2
Q9UN37,VPS4A,cytoskeleton;cytosol;endosome;extracellular;lysosome;nucleus;plasma_membrane;vesicle,8
Q9BV38,WDR18,nucleolus;nucleus,2
Q6ZSS3-2,ZNF621,nucleus,1
Q9HCP0-2,CSNK1G1,cytosol;nucleus;plasma_membrane,3
Q8TAV3,CYP2W1,endoplasmic_reticulum;nucleus;plasma_membrane,3
Q92466,DDB2,cell junction;nucleus,2
O00148,DDX39A,nucleus,1
O14640-2,DVL1,cell junction;cytosol;plasma_membrane;synapse;vesicle,5
Q9BQ95,ECSIT,cytosol;mitochondrion;nucleus,3
P25101,EDNRA,plasma_membrane,1
Q96A84-2,EMID1,endoplasmic_reticulum,1
Q6UWR7,ENPP6,extracellular;plasma_membrane;vesicle,3
Q9BZS1,FOXP3,cytosol;nucleus,2
Q12802-2,AKAP13,cytosol;nucleus,2
Q8NBU5,ATAD1,cell junction;cytosol;mitochondrion;peroxisome;plasma_membrane;synapse,6
Q15884,FAM189A2,endosome;plasma_membrane;vesicle,3
Q9UN86-2,G3BP2,cytosol,1
Q8WXI9,GATAD2B,nucleus,1
Q13439-3,GOLGA4,cytosol;extracellular;golgi;nucleus;plasma_membrane;vesicle,6
P55795,HNRNPH2,cytosol;nucleus,2
Q13315,ATM,cytoskeleton;cytosol;nucleolus;nucleus;peroxisome;vesicle,6
P17658,KCNA6,plasma_membrane,1
P43629,KIR3DL1,plasma_membrane,1
P61326,MAGOH,cytosol;nucleus,2
P08254,MMP3,extracellular;nucleus,2
O14977,AZIN1,nucleus,1
Q13635-2,PTCH1,plasma_membrane;vesicle,2
Q15262-2,PTPRK,cell junction;plasma_membrane,2
Q13636,RAB31,cytosol;endosome;golgi;plasma_membrane;vesicle,5
Q92737-2,RASL10A,nucleolus;nucleus;plasma_membrane,3
Q9Y572-2,RIPK3,cytosol;nucleus,2
P26373,RPL13,cytosol;endoplasmic_reticulum;nucleolus;nucleus,4
Q9UL15-2,BAG5,cytosol;mitochondrion;nucleus,3
Q8N488,RYBP,nucleus,1
Q7Z3H4,SAMD7,nucleus,1
P14672,SLC2A4,golgi;plasma_membrane;vesicle,3
O43521-12,BCL2L11,cytosol;mitochondrion,2
P04179,SOD2,extracellular;mitochondrion;vesicle,3
P17735,TAT,cytosol,1
Q15170-2,TCEAL1,nucleus,1
Q6NT04,TIGD7,cytosol;nucleus;plasma_membrane,3
Q13885,TUBB2A,cytoskeleton;extracellular;nucleus;plasma_membrane;vesicle,5
Q9BVA1,TUBB2B,cytoskeleton;extracellular;nucleus;plasma_membrane,4
P49765-2,VEGFB,extracellular;vesicle,2
Q9UNX4,WDR3,nucleolus;nucleus,2
Q9H3J6,C12orf65,mitochondrion,1
Q8NBB4-2,ZSCAN1,nucleus,1
Q8WVX3,C4orf3,endoplasmic_reticulum;nucleus,2
Q05901,CHRNB3,cell junction;plasma_membrane;synapse,3
P31146,CORO1A,cytoskeleton;cytosol;extracellular;plasma_membrane;synapse;vesicle,6
Q9NP73-3,ALG13,endoplasmic_reticulum;nucleus,2
Q9UKG9,CROT,cytosol;peroxisome,2
P33260,CYP2C18,endoplasmic_reticulum;nucleus,2
Q86YN1,DOLPP1,endoplasmic_reticulum;nucleus,2
P41212,ETV6,cytosol;nucleolus;nucleus;plasma_membrane,4
P42025,ACTR1B,cytoskeleton;cytosol;extracellular;vesicle,4
P13928,ANXA8,cytosol;endosome;extracellular;plasma_membrane;vesicle,5
Q9HA64,FN3KRP,cytosol,1
Q9H4A6,GOLPH3,cytosol;endosome;golgi;mitochondrion;plasma_membrane;vesicle,6
Q9NS66,GPR173,plasma_membrane,1
P52655,GTF2A1,nucleus,1
Q86UP8-5,GTF2IRD2,nucleus,1
B0V056,HLA-DPB1,cell junction;endoplasmic_reticulum;endosome;golgi;lysosome;nucleus;plasma_membrane;vesicle,8
P31785,IL2RG,cytosol;endosome;plasma_membrane;vesicle,4
Q96MG2,JSRP1,endoplasmic_reticulum;nucleus,2
Q9NS61-2,KCNIP2,plasma_membrane,1
Q96BZ8,LENG1,nucleus,1
Q9UPM6-3,LHX6,nucleus,1
Q96GD4,AURKB,cytoskeleton;cytosol;nucleus,3
Q9Y586,MAB21L2,nucleus,1
P53778,MAPK12,cytosol;mitochondrion;nucleus,3
Q5VZF2-2,MBNL2,nucleus,1
Q07820-2,MCL1,cytosol;mitochondrion;nucleus,3
P34949-2,MPI,cytosol;extracellular;vesicle,3
Q9H2M3,BHMT2,cytosol;extracellular;vesicle,3
O00459,PIK3R2,cytosol;nucleus,2
P11309-2,PIM1,cytosol;nucleolus;nucleus;plasma_membrane,4
Q02833-2,RASSF7,cytoskeleton,1
Q9H477,RBKS,cytosol;nucleus,2
Q9NQW1-2,SEC31B,cytosol;endoplasmic_reticulum;golgi;nucleus;vesicle,5
Q16533,SNAPC1,nucleolus;nucleus,2
O15466,ST8SIA5,golgi,1
Q96CA5,BIRC7,cytoskeleton;cytosol;golgi;nucleus,4
O94768,STK17B,er_golgi_intermediate;nucleus;plasma_membrane,3
Q96EK4,THAP11,nucleus,1
Q9C037-2,TRIM4,cytosol;plasma_membrane,2
Q8TAG5-2,VSTM2A,extracellular,1
Q8N0Y2-2,ZNF444,nucleolus;nucleus,2
Q96C55,ZNF524,nucleus,1
Q14012,CAMK1,cell junction;cytosol;nucleus;synapse,4
Q9BZP6-2,CHIA,extracellular,1
Q9Y240,CLEC11A,extracellular,1
P09972,ALDOC,cytoskeleton;cytosol;extracellular;vesicle,4
Q9BU89,DOHH,cytosol,1
Q9H4A9-2,DPEP2,plasma_membrane,1
Q9Y4J8-2,DTNA,cell junction;cytoskeleton;nucleus;plasma_membrane;synapse,5
Q7L2H7,EIF3M,cytosol,1
P48023,FASLG,extracellular;lysosome;nucleus;plasma_membrane;vesicle,5
Q13685,AAMP,cytoskeleton;cytosol;extracellular;plasma_membrane,4
Q9Y282-3,ERGIC3,endoplasmic_reticulum;er_golgi_intermediate;golgi;nucleus;vesicle,5
Q16186,ADRM1,cell junction;cytosol;nucleus;plasma_membrane;synapse;vesicle,6
Q9NXC2,GFOD1,extracellular,1
Q9NQS5,GPR84,plasma_membrane;vesicle,2
O43448,KCNAB3,plasma_membrane,1
Q14654,KCNJ11,plasma_membrane,1
Q9P2G3,KLHL14,cytosol;endoplasmic_reticulum;nucleus;plasma_membrane,4
Q0VG99,MESP2,nucleus,1
Q5TGY3,AHDC1,nucleus,1
Q5M9Q1,NKAPL,nucleus,1
O15547,P2RX6,cell junction;nucleus;plasma_membrane,3
Q92643,PIGK,endoplasmic_reticulum;nucleus,2
Q8NBT0,POC1A,cytoskeleton;plasma_membrane,2
Q13362-2,PPP2R5C,cytosol;nucleus,2
Q9H871,RMND5A,cytosol;nucleus,2
Q8N122,RPTOR,cytosol;lysosome;nucleus,3
Q96CM3,RPUSD4,mitochondrion;nucleus,2
P21453,S1PR1,endosome;nucleus;plasma_membrane;vesicle,4
Q9NP31-2,SH2D2A,cytosol,1
Q969G3-2,SMARCE1,nucleus,1
Q3SY56,SP6,nucleus,1
P16150,SPN,extracellular;nucleus;plasma_membrane;vesicle,4
Q14188-2,TFDP2,nucleus,1
Q5T4D3-3,TMTC4,endoplasmic_reticulum,1
Q8IWR1,TRIM59,endoplasmic_reticulum;nucleus,2
Q96P53,WDFY2,endosome;vesicle,2
P56704,WNT3A,cell junction;endoplasmic_reticulum;endosome;extracellular;golgi;plasma_membrane;synapse;vesicle,8
Q9H2G9,BLZF1,golgi;nucleus,2
Q9Y426-2,C2CD2,cytosol;nucleus,2
O14958,CASQ2,endoplasmic_reticulum;nucleus,2
A5D8V7,CCDC151,cytoskeleton;plasma_membrane,2
Q8WUE2,CD96,plasma_membrane,1
F5H1M0,CFI,extracellular;vesicle,2
P51398,DAP3,mitochondrion;nucleus,2
Q3SXM0,DCAF4L1,cytosol,1
O96019-2,ACTL6A,nucleus;plasma_membrane,2
O14498,ISLR,extracellular;vesicle,2
P01042-2,KNG1,endoplasmic_reticulum;extracellular;plasma_membrane;vesicle,4
Q9Y546,LRRC42,nucleus,1
P45984-2,MAPK9,cytosol;nucleus;plasma_membrane,3
P82675,MRPS5,mitochondrion,1
O96009,NAPSA,endosome;extracellular;lysosome;vesicle,4
Q9UKS6,PACSIN3,cytosol;endosome;extracellular;plasma_membrane;vesicle,5
O15530-3,PDPK1,cell junction;cytosol;nucleus;plasma_membrane,4
Q9H3S5,PIGM,endoplasmic_reticulum;nucleus,2
Q86YW0-2,PLCZ1,cytosol;nucleus,2
Q9Y2T4,PPP2R2C,cytosol,1
Q16557,PSG3,extracellular,1
Q00887,PSG9,extracellular;plasma_membrane,2
Q147X8,PTGER3,nucleus;plasma_membrane,2
Q15256-3,PTPRR,cell junction;cytosol;extracellular;plasma_membrane,4
Q16576,RBBP7,cytosol;nucleus,2
P42696,RBM34,nucleolus;nucleus,2
P36578,RPL4,cell junction;cytosol;endoplasmic_reticulum;extracellular;nucleolus;nucleus;vesicle,7
P29622,SERPINA4,extracellular;vesicle,2
Q96NU7,AMDHD1,cytosol,1
P05543,SERPINA7,extracellular;vesicle,2
O15198-2,SMAD9,cytosol;nucleus,2
Q9H7B4,SMYD3,nucleus,1
Q9BXG8,SPZ1,nucleus,1
Q9Y6Q5-2,AP1M2,cytosol;golgi;lysosome;vesicle,4
Q15532-2,SS18,nucleus,1
O00506,STK25,extracellular;golgi;vesicle,3
Q8N9I0,SYT2,cell junction;plasma_membrane;synapse;vesicle,4
P09110,ACAA1,cytosol;extracellular;peroxisome;vesicle,4
P54274-2,TERF1,cytoskeleton;nucleolus;nucleus,3
Q6ZMR5-2,TMPRSS11A,plasma_membrane,1
Q9H3S3,TMPRSS5,plasma_membrane,1
O95922,TTLL1,cytoskeleton;plasma_membrane,2
Q401N2,ZACN,plasma_membrane,1
Q3SXY8-2,ARL13B,cytoskeleton;cytosol;extracellular;plasma_membrane,4
Q8NC26,ZNF114,extracellular;nucleus;vesicle,3
Q6V9R5,ZNF562,nucleus,1
Q96LX8,ZNF597,nucleus,1
Q9BSU1,C16orf70,cell junction;golgi;plasma_membrane;synapse;vesicle,5
Q9H2A9,CHST8,golgi,1
E9PP49,COL8A2,endoplasmic_reticulum;extracellular,2
P28330,ACADL,mitochondrion,1
Q9UI42,CPA4,extracellular,1
Q13363,CTBP1,nucleus,1
Q96DZ1,ERLEC1,endoplasmic_reticulum,1
Q96BN6-2,FAM149B1,plasma_membrane,1
Q3SYB3,FOXD4L6,nucleus,1
Q99999,GAL3ST1,golgi;plasma_membrane,2
O75600,GCAT,mitochondrion;nucleus,2
Q14642,INPP5A,plasma_membrane,1
P09104,ENO2,cytosol;extracellular;plasma_membrane;vesicle,4
O75616,ERAL1,cytosol;mitochondrion,2
Q92685,ALG3,endoplasmic_reticulum;nucleus,2
P49327,FASN,cytosol;extracellular;golgi;plasma_membrane;vesicle,5
Q8NCQ5,FBXO15,cytosol,1
Q14314,FGL2,extracellular;vesicle,2
Q96CW1-2,AP2M1,cell junction;cytosol;endosome;extracellular;golgi;lysosome;plasma_membrane;synapse;vesicle,9
P49356,FNTB,cytosol,1
Q86YR5-4,GPSM1,cytosol;endoplasmic_reticulum;golgi;nucleus;plasma_membrane,5
Q8WYA0,IFT81,cytoskeleton;plasma_membrane,2
P26012,ITGB8,cell junction;extracellular;plasma_membrane;vesicle,4
Q9H9P8-2,L2HGDH,mitochondrion,1
P36941,LTBR,golgi;plasma_membrane,2
Q9NP92,MRPS30,mitochondrion,1
Q8N5I2,ARRDC1,extracellular;plasma_membrane;vesicle,3
O94832,MYO1D,cytoskeleton;endosome;extracellular;plasma_membrane;vesicle,5
Q9BPX3,NCAPG,cytosol;nucleus,2
O43929,ORC4,cytosol;nucleolus;nucleus,3
P23526,AHCY,cytosol;endoplasmic_reticulum;extracellular;nucleus;vesicle,5
Q15084-2,PDIA6,cytosol;endoplasmic_reticulum;er_golgi_intermediate;extracellular;nucleus;plasma_membrane;vesicle,7
P55347-2,PKNOX1,cytosol;nucleus,2
P00749-2,PLAU,cell junction;extracellular;plasma_membrane;vesicle,4
Q8TD55,PLEKHO2,extracellular;vesicle,2
O60664-3,PLIN3,cytosol;endosome;golgi;vesicle,4
P55058-2,PLTP,extracellular;nucleus,2
P62191,PSMC1,cell junction;cytosol;nucleus;synapse;vesicle,5
Q6HA08,ASTL,extracellular;plasma_membrane;vesicle,3
P17980,PSMC3,cell junction;cytosol;extracellular;nucleus;synapse;vesicle,6
O75783,RHBDL1,plasma_membrane,1
Q9BY78,RNF26,endoplasmic_reticulum;nucleus,2
O00141,SGK1,cytosol;endoplasmic_reticulum;mitochondrion;nucleus;plasma_membrane,5
Q9Y336,SIGLEC9,plasma_membrane;vesicle,2
Q8N2I9-4,STK40,cytosol;nucleus,2
Q9BT88,SYT11,cell junction;endosome;golgi;lysosome;plasma_membrane;synapse;vesicle,7
P18075,BMP7,extracellular,1
O75528-2,TADA3,cytoskeleton;nucleus,2
Q8WUA7,TBC1D22A,golgi,1
Q9UIF3,TEKT2,cytoskeleton;nucleus;plasma_membrane,3
O43493-2,TGOLN2,endoplasmic_reticulum;endosome;golgi;plasma_membrane;vesicle,5
O14763-2,TNFRSF10B,plasma_membrane,1
Q9Y4R7-5,TTLL3,cytoskeleton;cytosol;plasma_membrane,3
Q8IWV8-4,UBR2,cytosol;nucleus,2
P41587,VIPR2,plasma_membrane,1
Q9Y4P8,WIPI2,cytosol;nucleus,2
Q3KNS6,ZNF829,nucleus,1
P17040-3,ZSCAN20,nucleus,1
Q7L1S5,CHST9,extracellular;golgi,2
Q8NFT6-2,DBF4B,nucleus,1
Q9UJU6-2,DBNL,cell junction;cytoskeleton;cytosol;endosome;extracellular;golgi;plasma_membrane;synapse;vesicle,9
Q0VDD8-2,DNAH14,cytoskeleton;plasma_membrane,2
P26641,EEF1G,cytosol;extracellular;nucleus;vesicle,4
P14416-3,DRD2,cell junction;golgi;plasma_membrane;synapse,4
P24530-3,EDNRB,plasma_membrane,1
P60228,EIF3E,cytosol;extracellular;nucleus;vesicle,4
O60427,FADS1,endoplasmic_reticulum;mitochondrion;nucleus,3
Q9Y5Q0,FADS3,endoplasmic_reticulum;nucleus,2
Q9UKT4-2,FBXO5,cytoskeleton;cytosol;nucleus,3
Q9NP70-2,AMBN,endoplasmic_reticulum;extracellular,2
Q8TAK5,GABPB2,nucleus,1
O14764,GABRD,cell junction;plasma_membrane;synapse,3
Q7Z4T8,GALNTL5,endosome;golgi;vesicle,3
P31150,GDI1,cytosol;endoplasmic_reticulum;golgi,3
P50395,GDI2,cell junction;cytosol;extracellular;golgi;lysosome;vesicle,6
Q9NQ84-2,GPRC5C,extracellular;plasma_membrane;vesicle,3
Q12894,IFRD2,nucleus,1
Q9BT40-2,INPP5K,cytosol;endoplasmic_reticulum;golgi;nucleus;plasma_membrane,5
Q14653,IRF3,cytosol;mitochondrion;nucleus,3
Q969R8,ITFG2,lysosome,1
Q8IV38,ANKMY2,plasma_membrane,1
Q8NHJ6-2,LILRB4,extracellular;plasma_membrane;vesicle,3
Q6NSJ5,LRRC8E,endoplasmic_reticulum;lysosome;nucleus;plasma_membrane,4
Q9H7H0-2,METTL17,mitochondrion;nucleus,2
Q9H8K7,C10orf88,mitochondrion,1
Q8WY64,MYLIP,cytosol;plasma_membrane,2
O95544,NADK,cytosol,1
Q9BY11,PACSIN1,cell junction;cytosol;endosome;plasma_membrane;synapse;vesicle,6
P78364,PHC1,nucleus,1
Q96PV4,PNMA5,nucleus,1
Q00005-2,PPP2R2B,cytoskeleton;cytosol;mitochondrion,3
P49810,PSEN2,cytoskeleton;endoplasmic_reticulum;endosome;golgi;lysosome;mitochondrion;nucleus;plasma_membrane;vesicle,9
Q92565-2,RAPGEF5,nucleus;plasma_membrane,2
Q9UK55,SERPINA10,endoplasmic_reticulum;extracellular;vesicle,3
Q13137,CALCOCO2,cytoskeleton;cytosol;nucleus;vesicle,4
O95219,SNX4,cytoskeleton;endosome;plasma_membrane;vesicle,4
Q14849,STARD3,cytosol;endoplasmic_reticulum;endosome;lysosome;nucleus;vesicle,6
Q15562,TEAD2,cytosol;nucleus,2
Q9BSI4-2,TINF2,nucleus,1
Q7Z403-3,TMC6,endoplasmic_reticulum;extracellular;golgi;nucleus;plasma_membrane;vesicle,6
P17752,TPH1,cytosol;plasma_membrane,2
Q96BQ3,TRIM43,cytoskeleton,1
P32239,CCKBR,plasma_membrane,1
Q71U36,TUBA1A,cytoskeleton;cytosol;endosome;extracellular;nucleus;plasma_membrane;vesicle,7
P68363,TUBA1B,cytoskeleton;plasma_membrane,2
Q9BQE3,TUBA1C,cytoskeleton;nucleus;plasma_membrane;vesicle,4
P68366,TUBA4A,cytoskeleton;cytosol;extracellular;plasma_membrane;vesicle,5
P07437,TUBB,cytoskeleton;cytosol;extracellular;lysosome;nucleus;plasma_membrane;vesicle,7
Q9H4B7,TUBB1,cytoskeleton;extracellular;plasma_membrane;vesicle,4
Q13509,TUBB3,cytoskeleton;extracellular;nucleus;plasma_membrane;vesicle,5
Q9BSQ5,CCM2,mitochondrion,1
Q9NRH3,TUBG2,cytoskeleton;cytosol;nucleus,3
O75386,TULP3,extracellular;nucleolus;nucleus;plasma_membrane,4
Q86UV5,USP48,cytosol;mitochondrion;nucleus;plasma_membrane,4
Q86T13,CLEC14A,endoplasmic_reticulum;extracellular;plasma_membrane,3
P10909-2,CLU,cytosol;endoplasmic_reticulum;extracellular;golgi;mitochondrion;nucleus;plasma_membrane;vesicle,8
Q12887,COX10,cytosol;mitochondrion;nucleolus;nucleus,4
P14384,CPM,extracellular;plasma_membrane;vesicle,3
Q9NQ79-2,CRTAC1,extracellular;vesicle,2
P30838,ALDH3A1,cytosol;endoplasmic_reticulum;extracellular;plasma_membrane,4
P04066,FUCA1,extracellular;lysosome;vesicle,3
Q16445,GABRA6,cell junction;plasma_membrane;synapse,3
Q01415,GALK2,cytosol,1
O60383,GDF9,extracellular,1
Q9Y5C1,ANGPTL3,extracellular;plasma_membrane,2
Q9HD26-2,GOPC,cell junction;golgi;lysosome;plasma_membrane;synapse;vesicle,6
Q9H8Y8-2,GORASP2,endoplasmic_reticulum;golgi;nucleus,3
E7EN14,IL16,cell junction;cytosol;extracellular;nucleus;plasma_membrane,5
A4FU63,IL1RL2,extracellular;plasma_membrane,2
Q13418,ILK,cell junction;cytoskeleton;cytosol;nucleus;plasma_membrane,5
Q96CB8,INTS12,nucleus,1
Q8N734,KIR3DL2,plasma_membrane,1
P55198,MLLT6,nucleus,1
O95396,MOCS3,cytosol,1
Q6IBW4-2,NCAPH2,cell junction;extracellular;nucleus,3
Q13867,BLMH,cytosol;extracellular;nucleus;vesicle,4
O95897,OLFM2,cell junction;extracellular;nucleus;plasma_membrane;synapse,5
Q96PB7-3,OLFM3,cell junction;extracellular;synapse,3
Q9NR12,PDLIM7,cell junction;cytoskeleton;cytosol,3
Q92569,PIK3R3,cytosol,1
Q66LE6,PPP2R2D,cytosol,1
P04070,PROC,endoplasmic_reticulum;extracellular;golgi,3
O00232,PSMD12,cell junction;cytosol;extracellular;nucleus;synapse;vesicle,6
P10276-2,RARA,cytoskeleton;cytosol;nucleolus;nucleus;plasma_membrane,5
Q9Y265,RUVBL1,cytoskeleton;cytosol;extracellular;nucleus;plasma_membrane;vesicle,6
Q9NRX5,SERINC1,endoplasmic_reticulum;nucleus;plasma_membrane,3
P22003,BMP5,extracellular;vesicle,2
Q9H173,SIL1,endoplasmic_reticulum;extracellular,2
Q99808,SLC29A1,plasma_membrane,1
Q9NVC3,SLC38A7,lysosome;plasma_membrane,2
Q9C0K1-2,SLC39A8,lysosome;plasma_membrane,2
Q9NX95-3,SYBU,cytoskeleton;golgi;mitochondrion;vesicle,4
Q9Y6J9,TAF6L,extracellular;nucleus;vesicle,3
P10828,THRB,nucleus,1
O43615,TIMM44,mitochondrion;nucleolus;nucleus,3
Q3ZCQ8-2,TIMM50,endoplasmic_reticulum;golgi;mitochondrion;nucleus,4
P29401,TKT,cytosol;extracellular;nucleus;peroxisome;vesicle,5
P19438-2,TNFRSF1A,extracellular;golgi;plasma_membrane,3
Q5JTV8,TOR1AIP1,nucleus,1
P49411,TUFM,extracellular;mitochondrion;vesicle,3
Q495M9,USH1G,cytoskeleton;cytosol;nucleus;plasma_membrane,4
Q9HAH1,ZNF556,nucleus,1
Q8IWY8,ZSCAN29,nucleus,1
P01730,CD4,endoplasmic_reticulum;endosome;extracellular;nucleus;plasma_membrane;vesicle,6
C9J3G1,CHN1,cytosol,1
P15169,CPN1,extracellular,1
Q13616,CUL1,cytosol;nucleus;plasma_membrane,3
P68104,EEF1A1,cytoskeleton;cytosol;extracellular;lysosome;nucleolus;nucleus;plasma_membrane;vesicle,8
P07099,EPHX1,endoplasmic_reticulum;nucleus,2
P00740,F9,endoplasmic_reticulum;extracellular;golgi;plasma_membrane;vesicle,5
Q02790,FKBP4,cytoskeleton;cytosol;extracellular;mitochondrion;nucleus;plasma_membrane;vesicle,7
Q8N6G6-6,ADAMTSL1,endoplasmic_reticulum;extracellular,2
Q9Y243-2,AKT3,cytosol;nucleus,2
O15488-2,GYG2,cytosol;nucleus,2
Q16649,NFIL3,nucleus,1
P49005,POLD2,nucleus,1
P43353,ALDH3B1,extracellular;plasma_membrane;vesicle,3
P49758-10,RGS6,cytosol;nucleolus;nucleus;plasma_membrane,4
Q9Y230,RUVBL2,cytosol;extracellular;nucleus;vesicle,4
P48443,RXRG,nucleus,1
Q9Y226-2,SLC22A13,endoplasmic_reticulum;extracellular;golgi;plasma_membrane;vesicle,5
Q6KCM7-2,SLC25A25,mitochondrion,1
Q9Y5X2,SNX8,endosome;vesicle,2
Q9NSC7,ST6GALNAC1,golgi,1
Q9Y2H1,STK38L,cytoskeleton;cytosol,2
P24557,TBXAS1,cytosol;endoplasmic_reticulum;nucleus,3
Q8NFQ8,TOR1AIP2,endoplasmic_reticulum;nucleus,2
Q96NM4-2,TOX2,nucleus,1
Q8WXI3-2,ASB10,cytosol;nucleus,2
Q8NCE0-2,TSEN2,cytoskeleton;cytosol;nucleolus;nucleus,4
P08670,VIM,cell junction;cytoskeleton;cytosol;extracellular;nucleus;peroxisome;plasma_membrane;vesicle,8
Q96G97-3,BSCL2,endoplasmic_reticulum;nucleus,2
P27918,CFP,endoplasmic_reticulum;extracellular;golgi;vesicle,4
Q9NYL5,CYP39A1,endoplasmic_reticulum;nucleus,2
Q05639,EEF1A2,endoplasmic_reticulum;lysosome;nucleus,3
Q99518,FMO2,endoplasmic_reticulum;nucleus,2
Q9BTY2,FUCA2,endoplasmic_reticulum;extracellular;lysosome;vesicle,4
P20073-2,ANXA7,endoplasmic_reticulum;extracellular;nucleus;plasma_membrane;vesicle,5
Q9NQX6,ZNF331,nucleus,1
Q96NX9-2,DACH2,nucleus,1
Q96QB1-3,DLC1,cell junction;cytoskeleton;cytosol;nucleus;plasma_membrane,5
O00409-2,FOXN3,nucleus,1
Q00013,MPP1,cell junction;cytoskeleton;plasma_membrane,3
Q15233,NONO,nucleolus;nucleus,2
Q0VAM2-2,RASGEF1B,endosome;plasma_membrane;vesicle,3
O00220,TNFRSF10A,cytosol;golgi;plasma_membrane,3
Q9NYB9-2,ABI2,cell junction;cytoskeleton;cytosol;nucleus;plasma_membrane;synapse,6
Q86WP2-2,GPBP1,cytosol;nucleus;plasma_membrane,3
Q9HC44,GPBP1L1,nucleus,1
Q92917,GPKOW,nucleus,1
P55084,HADHB,endoplasmic_reticulum;mitochondrion,2
P46098-2,HTR3A,cell junction;plasma_membrane;synapse,3
P31749,AKT1,cytoskeleton;cytosol;mitochondrion;nucleus;plasma_membrane;vesicle,6
Q13422-3,IKZF1,cytosol;nucleus,2
Q53QZ3,ARHGAP15,cytosol;plasma_membrane,2
P09238,MMP10,extracellular,1
Q96RI1-1,NR1H4,nucleus,1
Q9H1P3-2,OSBPL2,cell junction;cytosol;endoplasmic_reticulum;plasma_membrane;synapse,5
Q6UX71,PLXDC2,nucleus,1
Q8TC44,POC1B,cytoskeleton;plasma_membrane,2
P37231-2,PPARG,cytosol;nucleus,2
P48651,PTDSS1,endoplasmic_reticulum;nucleus,2
Q9UBD6,RHCG,extracellular;plasma_membrane;vesicle,3
Q9UBS8,RNF14,cytosol;nucleus,2
Q92834-2,RPGR,cytoskeleton;golgi;plasma_membrane,3
Q96NX5,CAMK1G,golgi;plasma_membrane,2
Q9BZR6,RTN4R,endoplasmic_reticulum;extracellular;plasma_membrane;vesicle,4
Q14108,SCARB2,cell junction;endoplasmic_reticulum;endosome;extracellular;golgi;lysosome;nucleus;plasma_membrane;vesicle,9
P29353-2,SHC1,cell junction;cytosol;mitochondrion;plasma_membrane,4
Q9UHJ6,SHPK,cytosol,1
P19484,TFEB,cytosol;lysosome;nucleus,3
Q9BTF0,THUMPD2,nucleus,1
Q9Y577,TRIM17,lysosome,1
Q9BVS5,TRMT61B,mitochondrion,1
Q13557-10,CAMK2D,cell junction;cytosol;endoplasmic_reticulum;nucleus;plasma_membrane;synapse;vesicle,7
Q9UJT0,TUBE1,cytoskeleton,1
P11172-2,UMPS,cytosol;nucleus,2
P04004,VTN,endoplasmic_reticulum;extracellular;plasma_membrane;vesicle,4
Q9Y2Z4,YARS2,cytosol;mitochondrion,2
Q96C00,ZBTB9,nucleus,1
Q9H0M4-2,ZCWPW1,nucleus,1
Q16566,CAMK4,extracellular;nucleolus;nucleus;vesicle,4
Q8TA94,ZNF563,nucleus,1
Q01518-2,CAP1,cell junction;extracellular;lysosome;plasma_membrane;vesicle,5
P40123,CAP2,plasma_membrane,1
Q4G0X9-2,CCDC40,cytoskeleton;plasma_membrane,2
Q969K4,ABTB1,cytosol,1
P16671,CD36,extracellular;golgi;plasma_membrane;vesicle,4
P30307-2,CDC25C,cytosol;nucleus,2
Q9ULV4,CORO1C,cell junction;cytoskeleton;endosome;plasma_membrane;synapse;vesicle,6
Q9UQ03-2,CORO2B,cell junction;cytoskeleton;plasma_membrane,3
Q9UMR2-2,DDX19B,extracellular;nucleus;vesicle,3
Q9ULA0,DNPEP,cytosol;extracellular;nucleus,3
Q96PL5,ERMAP,cytosol;golgi;plasma_membrane,3
P47870-1,GABRB2,cell junction;extracellular;plasma_membrane;synapse;vesicle,5
P23769-2,GATA2,nucleus,1
D6RAK8,GC,cytosol;extracellular;lysosome;vesicle,4
O95081,AGFG2,vesicle,1
P01019,AGT,extracellular;vesicle,2
Q9Y6W6,DUSP10,cytosol;nucleus,2
Q12805-2,EFEMP1,extracellular;mitochondrion;vesicle,3
Q96CU9-3,FOXRED1,mitochondrion,1
P06241-2,FYN,cell junction;cytosol;endoplasmic_reticulum;endosome;mitochondrion;nucleus;plasma_membrane;synapse;vesicle,9
Q9UM11-2,FZR1,cytosol;nucleus,2
P34903,GABRA3,cell junction;plasma_membrane;synapse,3
Q86YP4-2,GATAD2A,nucleus,1
P14317,HCLS1,cytosol;mitochondrion;nucleus;plasma_membrane;vesicle,5
Q13547,HDAC1,cytosol;nucleus,2
Q9UKU9,ANGPTL2,extracellular;vesicle,2
Q14774,HLX,nucleus,1
P09913,IFIT2,cytosol;endoplasmic_reticulum,2
Q13325,IFIT5,cytoskeleton;cytosol;plasma_membrane,3
P15260,IFNGR1,plasma_membrane,1
Q9BQ31,KCNS3,cytosol;plasma_membrane,2
O95704,APBB3,cytoskeleton;cytosol;nucleus,3
P51608-2,MECP2,cytoskeleton;extracellular;nucleus,3
Q9UNW1,MINPP1,endoplasmic_reticulum;extracellular;plasma_membrane;vesicle,4
P19338,NCL,extracellular;nucleolus;nucleus;plasma_membrane;vesicle,5
Q8NG66-2,NEK11,nucleolus;nucleus,2
Q7Z3B4-2,NUP54,nucleus,1
P37287,PIGA,endoplasmic_reticulum;nucleus,2
Q96T60,PNKP,nucleolus;nucleus,2
Q9UHN1,POLG2,mitochondrion,1
E7EQL6,PRODH,mitochondrion;nucleus,2
Q9UJ41-2,RABGEF1,cytosol;endosome;nucleolus;nucleus;vesicle,5
P34896-2,SHMT1,cytosol;extracellular;mitochondrion;nucleus;vesicle,5
E9PDJ5,SLC18A1,cell junction;endoplasmic_reticulum;nucleus;plasma_membrane;synapse;vesicle,6
Q8NCC5-2,SLC37A3,endoplasmic_reticulum;lysosome;nucleus,3
Q14CB8-2,ARHGAP19,cytosol;nucleus;plasma_membrane,3
Q08170,SRSF4,nucleus,1
Q6ZMP0,THSD4,extracellular;vesicle,2
Q9UK11,ZNF223,nucleus,1
Q9NQZ8,ZNF71,nucleus,1
Q9H0C5,BTBD1,cytosol;nucleus,2
Q16581,C3AR1,lysosome;plasma_membrane;vesicle,3
Q8N6W0,CELF5,nucleus,1
P49761-1,CLK3,cytoskeleton;nucleus;vesicle,3
P11509,CYP2A6,cytoskeleton;endoplasmic_reticulum;nucleus,3
P11712,CYP2C9,endoplasmic_reticulum;nucleus;plasma_membrane,3
Q8WYQ5-3,DGCR8,nucleolus;nucleus,2
Q99615,DNAJC7,cytoskeleton;cytosol;extracellular;nucleus;vesicle,5
Q9BTE6-2,AARSD1,nucleus,1
Q07866-2,KLC1,cytoskeleton;cytosol;plasma_membrane;vesicle,4
Q9BRR6-2,ADPGK,endoplasmic_reticulum;extracellular;nucleus,3
P19878,NCF2,cytosol;lysosome;plasma_membrane;vesicle,4
P49116,NR2C2,nucleus,1
Q99755-2,PIP5K1A,cell junction;cytosol;nucleus;plasma_membrane,4
O43660,PLRG1,nucleolus;nucleus,2
Q9GZV8,PRDM14,nucleus,1
P55895,RAG2,nucleus,1
Q9HBD1-4,RC3H2,plasma_membrane,1
P05546,SERPIND1,endoplasmic_reticulum;extracellular;vesicle,3
Q15758,SLC1A5,extracellular;plasma_membrane;vesicle,3
Q8J025-2,APCDD1,plasma_membrane,1
Q96S53-2,TESK2,nucleus,1
Q8IWU9-2,TPH2,cytosol;plasma_membrane,2
O60656,UGT1A9,endoplasmic_reticulum;nucleus,2
Q6PJI9-2,WDR59,lysosome,1
Q8N5A5-2,ZGPAT,nucleus;plasma_membrane,2
Q9UDV6,ZNF212,nucleus,1
P02748,C9,extracellular;plasma_membrane;vesicle,3
Q96JB5,CDK5RAP3,cytoskeleton;cytosol;endoplasmic_reticulum;nucleolus;nucleus,5
P32297-1,CHRNA3,cell junction;endoplasmic_reticulum;golgi;plasma_membrane;synapse,5
Q9UBG3,CRNN,extracellular;vesicle,2
P11511,CYP19A1,endoplasmic_reticulum;nucleus,2
Q8WV16,DCAF4,nucleus,1
P29322,EPHA8,endosome;plasma_membrane;vesicle,3
Q9NQT6,FSCN3,cytoskeleton;plasma_membrane,2
Q9UJY5,GGA1,endosome;golgi;vesicle,3
Q9Y251,HPSE,extracellular;lysosome;nucleus;plasma_membrane;vesicle,5
Q9NP78-2,ABCB9,endoplasmic_reticulum;lysosome;nucleus,3
P62330,ARF6,cell junction;cytosol;endosome;extracellular;golgi;plasma_membrane;vesicle,7
P63211,GNGT1,plasma_membrane,1
P51654,GPC3,endoplasmic_reticulum;golgi;lysosome;plasma_membrane,4
Q9UBK5,HCST,plasma_membrane,1
Q9UPZ3,HPS5,cytosol;endosome;vesicle,3
O95235,KIF20A,cytoskeleton;extracellular;golgi;nucleus,4
Q9NVC6,MED17,nucleus,1
Q9Y2R5,MRPS17,mitochondrion,1
A8MWH4,MT1F,nucleus,1
Q9UHB4-2,NDOR1,cytosol,1
P69849,NOMO3,endoplasmic_reticulum;nucleus,2
O60237-2,PPP1R12B,cytoskeleton;cytosol;nucleus,3
O75556,SCGB2A1,extracellular,1
Q6NX70,SCGB2A2,extracellular,1
Q8IZE3-2,SCYL3,cytosol;golgi;plasma_membrane,3
Q96JI7,SPG11,cell junction;cytosol;endosome;lysosome;nucleolus;nucleus;plasma_membrane;synapse;vesicle,9
Q5JUX0,SPIN3,cytosol;nucleus,2
Q9Y5Y6,ST14,plasma_membrane,1
Q8N2H4,SYS1,golgi,1
P62072,TIMM10,mitochondrion,1
Q9UPV9,TRAK1,cytosol;endosome;mitochondrion;nucleus;plasma_membrane;vesicle,6
Q12931,TRAP1,mitochondrion;nucleus,2
Q9UQR1,ZNF148,nucleus,1
Q96CK0,ZNF653,nucleus,1
Q5TYW1-2,ZNF658,nucleus,1
P17655,CAPN2,cell junction;cytoskeleton;cytosol;endoplasmic_reticulum;extracellular;golgi;plasma_membrane;vesicle,8
Q9NXV6,CDKN2AIP,nucleolus;nucleus,2
Q9P218-3,COL20A1,endoplasmic_reticulum;extracellular,2
P13073,COX4I1,mitochondrion;nucleus,2
Q8NDI1-2,EHBP1,cytosol;endosome;nucleus;plasma_membrane;vesicle,5
Q9Y2J2-2,EPB41L3,cell junction;cytoskeleton;cytosol;plasma_membrane,4
Q9NSD9,FARSB,cytosol;nucleus,2
Q96GX9,APIP,cytosol,1
Q86Y33-5,CDC20B,nucleus,1
P02511,CRYAB,cytosol;extracellular;lysosome;nucleus;plasma_membrane;vesicle,6
Q92556,ELMO1,cytosol;plasma_membrane,2
O94905,ERLIN2,cytosol;endoplasmic_reticulum;nucleus;plasma_membrane,4
Q9Y603,ETV7,nucleus,1
Q9H6D8,FNDC4,endoplasmic_reticulum;extracellular;plasma_membrane,3
Q14353,GAMT,cytosol;nucleus,2
P46439,GSTM5,cytosol;extracellular,2
Q9Y6W8,ICOS,extracellular;plasma_membrane,2
Q8N6M8,IQCF1,vesicle,1
A0JLT2,MED19,nucleus,1
O96007,MOCS2,cytosol;nucleus,2
Q8N565-2,MREG,endosome;lysosome;plasma_membrane;vesicle,4
Q9HD33-2,MRPL47,mitochondrion,1
Q9H0Y0,ATG10,cytosol,1
P82912-2,MRPS11,mitochondrion,1
Q02083-2,NAAA,extracellular;lysosome;vesicle,3
Q9HCD5,NCOA5,cytoskeleton;extracellular;nucleus,3
Q9HBI0,PARVG,cell junction;cytoskeleton;plasma_membrane,3
Q15365,PCBP1,cytosol;extracellular;nucleus;vesicle,4
P22061-2,PCMT1,cytosol;extracellular;vesicle,3
Q9BY49,PECR,cytosol;peroxisome,2
Q8ND90,PNMA1,nucleolus;nucleus,2
P28065-2,PSMB9,cytosol;extracellular;nucleus;vesicle,4
Q9UKA8,RCAN3,cytosol;nucleus,2
Q7Z3Z2,RD3,endosome;nucleus;plasma_membrane;vesicle,4
Q8IXN7,RIMKLA,cytosol,1
Q9BUL9,RPP25,nucleolus;nucleus,2
O60939,SCN2B,plasma_membrane,1
Q9NY26,SLC39A1,endoplasmic_reticulum;nucleus;plasma_membrane,3
A6NHR9-2,SMCHD1,nucleus,1
Q9H6F2,TMEM38A,endoplasmic_reticulum;extracellular;nucleus;vesicle,4
P01375,TNF,endosome;extracellular;plasma_membrane;vesicle,4
Q7Z624,CAMKMT,cytosol;golgi;nucleolus;nucleus,4
Q9UK41,VPS28,cytosol;endosome;extracellular;plasma_membrane;vesicle,5
P56705,WNT4,endoplasmic_reticulum;extracellular;golgi;plasma_membrane;vesicle,5
E7EPC3,WNT9B,extracellular,1
Q96L46,CAPNS2,cytosol;plasma_membrane,2
Q8IWD4,CCDC117,cytoskeleton;nucleus,2
Q96S94-3,CCNL2,nucleus,1
O00421-2,CCRL2,plasma_membrane,1
P40259-2,CD79B,extracellular;plasma_membrane;vesicle,3
P04217-2,A1BG,extracellular;plasma_membrane;vesicle,3
P61158,ACTR3,cell junction;cytoskeleton;cytosol;extracellular;nucleus;plasma_membrane;vesicle,7
P04075,ALDOA,cytoskeleton;cytosol;extracellular;nucleus;vesicle,5
Q86XD5-2,FAM131B,cytosol;nucleus,2
Q9Y2T2,AP3M1,endosome;golgi;lysosome;vesicle,4
O75063,FAM20B,golgi;nucleus,2
Q8N9W8-2,FAM71D,plasma_membrane,1
Q9UKT5,FBXO4,cytosol,1
Q99689,FEZ1,cytoskeleton;golgi;plasma_membrane,3
P32314,FOXN2,nucleus,1
Q15034,HERC3,cytosol;vesicle,2
Q8IVU3-2,HERC6,cytosol,1
Q96LI6,HSFY1,cytosol;nucleus,2
P27930,IL1R2,extracellular;plasma_membrane,2
Q9UHH9,IP6K2,cell junction;nucleolus;nucleus,3
Q6ZRI8-3,ARHGAP36,cytoskeleton,1
Q00978,IRF9,cytosol;nucleus,2
Q6NYC1-2,JMJD6,nucleolus;nucleus,2
Q14722-2,KCNAB1,cytosol;plasma_membrane,2
Q96JN0-2,LCOR,nucleus,1
O75610,LEFTY1,extracellular,1
Q92552,MRPS27,mitochondrion;nucleolus;nucleus,3
Q9ULD2-2,MTUS1,cytoskeleton;extracellular;golgi;mitochondrion;nucleolus;nucleus;plasma_membrane,7
Q9ULX3,NOB1,cytosol;nucleus,2
Q13133,NR1H3,cytosol;nucleus,2
P51575,P2RX1,plasma_membrane;vesicle,2
Q93086-4,P2RX5,cytosol;plasma_membrane,2
P07205,PGK2,cytosol;extracellular;nucleus;plasma_membrane;vesicle,5
Q9HB21,PLEKHA1,cytosol;extracellular;nucleus;plasma_membrane;vesicle,5
P27540-2,ARNT,nucleus,1
Q96I25,RBM17,nucleus,1
Q8N443,RIBC1,plasma_membrane,1
Q8WXA3-2,RUFY2,endosome;nucleus;vesicle,3
Q12765,SCRN1,nucleus,1
Q8IX90,SKA3,cytoskeleton;nucleus,2
Q86XE0,SNX32,endosome;golgi;plasma_membrane;vesicle,4
O95630,STAMBP,cytosol;endosome;extracellular;nucleus;plasma_membrane;vesicle,6
Q9NWX5,ASB6,cytosol,1
P21579,SYT1,cell junction;plasma_membrane;synapse;vesicle,4
Q8N0Z6,TTC5,cytosol;mitochondrion;nucleus;vesicle,4
Q8IWB7,WDFY1,cell junction;cytosol;endosome;golgi;nucleolus;nucleus;vesicle,7
P41221-2,WNT5A,cell junction;endoplasmic_reticulum;extracellular;golgi;plasma_membrane;synapse;vesicle,7
Q6PEW1,ZCCHC12,nucleus,1
P17028,ZNF24,nucleus,1
Q8N9Z0-2,ZNF610,nucleus,1
A8K8V0-2,ZNF785,nucleus,1
P21953,BCKDHB,mitochondrion;nucleolus;nucleus,3
Q8NA57,C12orf50,nucleus,1
Q8N998,CCDC89,nucleus,1
Q5T5M9-2,CCNJ,cytoskeleton;nucleus,2
Q8NCH0,CHST14,extracellular;golgi;vesicle,3
Q8WXQ8,CPA5,extracellular,1
P78368,CSNK1G2,cytosol;nucleus;plasma_membrane,3
P14091-1,CTSE,endosome;vesicle,2
Q3SY69,ALDH1L2,extracellular;mitochondrion;nucleus;vesicle,4
Q9H2A2,ALDH8A1,cytosol;extracellular;vesicle,3
Q96CS3,FAF2,endoplasmic_reticulum;extracellular;lysosome;nucleus;vesicle,5
P42331-2,ARHGAP25,plasma_membrane,1
P23416-2,GLRA2,cell junction;plasma_membrane;synapse,3
Q49A26-2,GLYR1,cytosol;nucleus,2
Q5T3I0-3,GPATCH4,nucleolus;nucleus,2
A8MVW5-2,HEPACAM2,cytoskeleton;golgi;nucleus,3
Q8NCD3,HJURP,mitochondrion;nucleolus;nucleus,3
Q8WXA8,HTR3C,cell junction;plasma_membrane;synapse,3
Q8WWY8,LIPH,extracellular;plasma_membrane,2
O15232,MATN3,endoplasmic_reticulum;extracellular,2
Q5JRA6-2,MIA3,endoplasmic_reticulum;nucleus,2
Q8N143,BCL6B,nucleus,1
Q9BQG2,NUDT12,nucleus;peroxisome,2
Q9GZU5,NYX,cell junction;extracellular;plasma_membrane;synapse,4
F5H810,OLFM1,cell junction;endoplasmic_reticulum;extracellular;plasma_membrane;synapse,5
Q9UHM6-2,OPN4,plasma_membrane,1
Q9UNF0-2,PACSIN2,cell junction;cytoskeleton;cytosol;endosome;extracellular;nucleus;plasma_membrane;vesicle,8
Q13093,PLA2G7,extracellular,1
Q00G26,PLIN5,cytosol;mitochondrion,2
Q9BX97,PLVAP,extracellular;plasma_membrane;vesicle,3
Q9NST1-2,PNPLA3,endoplasmic_reticulum;nucleus,2
Q6K0P9-2,PYHIN1,cytosol;nucleolus;nucleus,3
Q9H9A7,RMI1,nucleus,1
P23443-2,RPS6KB1,cytosol;mitochondrion;nucleus;plasma_membrane,4
Q6AZY7-2,SCARA3,endoplasmic_reticulum;golgi;nucleus,3
Q9H788,SH2D4A,cytosol,1
Q8IZM9-2,SLC38A6,cell junction;plasma_membrane;synapse,3
Q9UMX9-3,SLC45A2,vesicle,1
A2RRD2,SLC5A2,extracellular;plasma_membrane;vesicle,3
Q05519,SRSF11,nucleus,1
Q9BSW7,SYT17,cell junction;plasma_membrane;synapse;vesicle,4
P49746,THBS3,extracellular,1
Q9GZM7-2,TINAGL1,extracellular;lysosome;vesicle,3
Q15654,TRIP6,cell junction;cytoskeleton;cytosol;nucleus,4
Q13748,TUBA3C,cytoskeleton;nucleus;plasma_membrane,3
Q6PEY2,TUBA3E,cytoskeleton;nucleus,2
Q9NQZ2,UTP3,nucleolus;nucleus,2
Q7RTX7,CATSPER4,plasma_membrane;vesicle,2
O75351,VPS4B,cytoskeleton;cytosol;endosome;extracellular;nucleus;plasma_membrane;vesicle,7
Q5MNZ9-2,WIPI1,cytoskeleton;cytosol;endosome;golgi;vesicle,5
P17023-2,ZNF19,nucleus,1
Q8TF68,ZNF384,nucleus,1
O15519,CFLAR,cytosol;nucleus;plasma_membrane,3
Q15696,ZRSR2,nucleus,1
Q9UGM1,CHRNA9,cell junction;plasma_membrane;synapse,3
Q96JB2,COG3,cytosol;golgi;plasma_membrane;vesicle,4
Q9H3G5,CPVL,extracellular;vesicle,2
Q9NUU7,DDX19A,nucleus,1
P26196,DDX6,cytosol;nucleus,2
Q9H6A0,DENND2D,cytosol;nucleus,2
P50549-2,ETV1,nucleus,1
P37023,ACVRL1,plasma_membrane,1
Q9HCM4-3,EPB41L5,cell junction;cytoskeleton;cytosol;plasma_membrane,4
Q8N441,FGFRL1,cell junction;golgi;plasma_membrane;vesicle,4
Q68DA7-3,FMN1,cell junction;cytosol;endoplasmic_reticulum;nucleus;plasma_membrane,5
O14926,FSCN2,cytoskeleton;plasma_membrane,2
P43026,GDF5,extracellular;plasma_membrane,2
P49590,HARS2,mitochondrion,1
Q96HW7-2,INTS4,nucleolus;nucleus,2
O75891,ALDH1L1,cytosol;extracellular;mitochondrion;vesicle,4
P11150,LIPC,endoplasmic_reticulum;extracellular,2
Q9Y5X9,LIPG,endosome;extracellular;golgi;plasma_membrane;vesicle,5
Q8WWR8-2,NEU4,endoplasmic_reticulum;lysosome;mitochondrion;nucleus;plasma_membrane,5
P35240-2,NF2,cell junction;cytoskeleton;cytosol;endosome;nucleolus;nucleus;plasma_membrane;vesicle,8
Q96D46,NMD3,nucleolus;nucleus,2
O00330,PDHX,mitochondrion,1
Q6P1J6-2,PLB1,plasma_membrane,1
Q96AD5,PNPLA2,endoplasmic_reticulum;nucleus;plasma_membrane,3
Q92733,PRCC,nucleus,1
Q9UGI9,PRKAG3,cytosol;endoplasmic_reticulum;extracellular;nucleus,4
Q9UMS4,PRPF19,cytoskeleton;nucleus,2
O15123,ANGPT2,extracellular,1
Q8WWY3,PRPF31,nucleus,1
Q16401,PSMD5,cytosol,1
Q52LD8,RFTN2,plasma_membrane,1
O76021,RSL1D1,nucleolus;nucleus,2
Q6UVJ0,SASS6,cytoskeleton,1
P34897,SHMT2,cytoskeleton;extracellular;mitochondrion;nucleus;vesicle,5
Q71RS6,SLC24A5,golgi;vesicle,2
P22732,SLC2A5,extracellular;plasma_membrane;vesicle,3
Q9UGQ3-2,SLC2A6,lysosome;plasma_membrane,2
Q8NB12,SMYD1,nucleus,1
Q9NU19,TBC1D22B,golgi,1
Q9BXF9,TEKT3,cytoskeleton;extracellular;nucleus;plasma_membrane;vesicle,5
Q12800-2,TFCP2,cytosol;nucleus,2
Q9BV44,THUMPD3,cytosol;nucleolus;nucleus,3
Q12933-2,TRAF2,cytosol;endoplasmic_reticulum;nucleus;plasma_membrane,4
Q9ULT0,TTC7A,plasma_membrane,1
P15336,ATF2,mitochondrion;nucleus,2
Q9NNW7-2,TXNRD2,cytosol;mitochondrion,2
Q9NZ09-2,UBAP1,cytosol;endosome;vesicle,3
P54578,USP14,cytosol;extracellular;plasma_membrane;vesicle,4
O00401,WASL,cytoskeleton;cytosol;endoplasmic_reticulum;extracellular;nucleus;plasma_membrane;vesicle,7
Q86WB0,ZC3HC1,nucleus,1
Q96ME7,ZNF512,nucleus,1
Q6ZMY9,ZNF517,nucleus,1
P10073,ZSCAN22,nucleus,1
Q9BUG6,ZSCAN5A,nucleus,1
Q8NCB2-2,CAMKV,cell junction;plasma_membrane;synapse;vesicle,4
Q9P219,CCDC88C,cell junction;cytoskeleton,2
Q12834,CDC20,cytoskeleton;cytosol;nucleus,3
Q96S66-2,CLCC1,endoplasmic_reticulum;mitochondrion;nucleus,3
P05181,CYP2E1,endoplasmic_reticulum;mitochondrion;nucleus,3
Q96SQ9-2,CYP2S1,endoplasmic_reticulum;nucleus,2
P20815,CYP3A5,endoplasmic_reticulum;nucleus,2
Q7L2E3-2,DHX30,cytosol;mitochondrion;nucleus,3
Q04771,ACVR1,plasma_membrane,1
P30837,ALDH1B1,cytosol;mitochondrion;nucleus,3
Q96F86,EDC3,cytosol,1
P41161,ETV5,nucleus,1
P05091,ALDH2,extracellular;mitochondrion;vesicle,3
P07954-2,FH,cytosol;extracellular;mitochondrion;nucleus;vesicle,5
P51648-2,ALDH3A2,cytosol;endoplasmic_reticulum;nucleus;peroxisome,4
Q96IK5,GMCL1,nucleus,1
Q9UKT9-14,IKZF3,cytosol;nucleus,2
P12268,IMPDH2,cytosol;extracellular;nucleus;peroxisome;vesicle,5
Q92993-3,KAT5,cytoskeleton;cytosol;nucleolus;nucleus,4
O43300,LRRTM2,cell junction;er_golgi_intermediate;extracellular;plasma_membrane;synapse,5
Q8N344,MIER2,nucleus,1
Q8IW19,APLF,cytosol;nucleus,2
Q15646,OASL,cytosol;nucleolus;nucleus,3
Q6UX06,OLFM4,cytosol;extracellular;mitochondrion;nucleus;plasma_membrane;vesicle,6
Q9BYC2,OXCT2,mitochondrion;plasma_membrane,2
P07237,P4HB,cell junction;cytoskeleton;cytosol;endoplasmic_reticulum;er_golgi_intermediate;extracellular;plasma_membrane;vesicle,8
Q06203,PPAT,cytosol,1
Q08209-2,PPP3CA,cell junction;cytosol;nucleus;plasma_membrane;synapse,5
P48454,PPP3CC,cytosol;mitochondrion,2
P78395,PRAME,golgi;nucleus;plasma_membrane,3
Q05940,SLC18A2,cell junction;plasma_membrane;synapse;vesicle,4
Q96GM5-2,SMARCD1,nucleus,1
Q2TAY7,SMU1,nucleus,1
Q8WXA9-2,SREK1,nucleus,1
Q8IY51,TIGD4,nucleus,1
P14373,TRIM27,cytosol;endosome;mitochondrion;nucleolus;nucleus;vesicle,6
E5RG83,TSNARE1,cell junction;synapse;vesicle,3
Q92575,UBXN4,endoplasmic_reticulum;nucleus,2
P52739-2,ZNF131,cytoskeleton;nucleus,2
P15622-2,ZNF250,nucleus,1
Q96HQ0,ZNF419,nucleus,1
Q96NG8,ZNF582,nucleus,1
P15289,ARSA,endoplasmic_reticulum;extracellular;lysosome;vesicle,4
P15313,ATP6V1B1,cytosol;extracellular;plasma_membrane;vesicle,4
Q96KN2,CNDP1,cytosol;extracellular,2
Q66K79-2,CPZ,extracellular,1
P04798,CYP1A1,endoplasmic_reticulum;mitochondrion;nucleus,3
Q8N118,CYP4X1,endoplasmic_reticulum;nucleus,2
Q16850-2,CYP51A1,endoplasmic_reticulum;nucleus,2
Q9UI36-2,DACH1,nucleus,1
Q15392,DHCR24,endoplasmic_reticulum;golgi;nucleus,3
O60832,DKC1,nucleolus;nucleus,2
P09923,ALPI,extracellular;plasma_membrane,2
Q6ZWL3,CYP4V2,endoplasmic_reticulum;nucleus,2
P40126,DCT,cytosol;plasma_membrane;vesicle,3
Q5TB30,DEPDC1,nucleolus;nucleus,2
Q14117,DPYS,cytosol;extracellular;vesicle,3
Q9Y6G9,DYNC1LI1,cytoskeleton;cytosol;endosome;nucleus;plasma_membrane;vesicle,6
Q8NCA5-2,FAM98A,nucleus,1
Q9Y3I1,FBXO7,cytosol;mitochondrion;nucleus;plasma_membrane,4
Q9UKB1-2,FBXW11,cytoskeleton;cytosol;nucleus;plasma_membrane,4
P05186,ALPL,extracellular;mitochondrion;plasma_membrane;vesicle,4
Q9UPI3,FLVCR2,endoplasmic_reticulum;mitochondrion;nucleus;plasma_membrane,4
Q8N6U8-3,GPR161,endosome;plasma_membrane;vesicle,3
P06865,HEXA,cytosol;extracellular;lysosome;vesicle,4
Q86UE6,LRRTM1,cell junction;endoplasmic_reticulum;er_golgi_intermediate;plasma_membrane;synapse,5
Q9UBZ4,APEX2,mitochondrion;nucleolus;nucleus,3
P21397,MAOA,cytosol;mitochondrion,2
Q9UEW3,MARCO,plasma_membrane;vesicle,2
Q9NQ76,MEPE,endoplasmic_reticulum;extracellular,2
Q8NHS3,MFSD8,endosome;lysosome;vesicle,3
Q15742,NAB2,nucleus,1
Q16625,OCLN,cell junction;lysosome;plasma_membrane;vesicle,4
Q96E52,OMA1,mitochondrion,1
P55809,OXCT1,mitochondrion,1
Q08499-12,PDE4D,cytoskeleton;cytosol;plasma_membrane,3
A8MUH7,PDZK1,extracellular;plasma_membrane;vesicle,3
Q16875,PFKFB3,cytosol;nucleus,2
Q9HCM2,PLXNA4,plasma_membrane,1
Q8NA58-2,PNLDC1,endoplasmic_reticulum;nucleus,2
P56282,POLE2,nucleus,1
O43172-2,PRPF4,nucleus,1
Q9H0R6,QRSL1,mitochondrion,1
Q9HAT2,SIAE,extracellular;lysosome;vesicle,3
P43005,SLC1A1,cell junction;endosome;extracellular;plasma_membrane;synapse;vesicle,6
Q96EG1,ARSG,endoplasmic_reticulum;extracellular;lysosome,3
Q13596-2,SNX1,endosome;golgi;lysosome;plasma_membrane;vesicle,5
O60506-2,SYNCRIP,cytosol;endoplasmic_reticulum;nucleus,3
Q9BQ87,TBL1Y,nucleus,1
Q9Y458,TBX22,nucleus,1
Q8N4U5,TCP11L2,cytoskeleton;nucleus,2
Q17RP2,TIGD6,nucleus,1
Q96SK2-2,TMEM209,golgi;nucleus,2
Q07912-2,TNK2,cell junction;cytosol;endosome;nucleus;plasma_membrane;vesicle,6
O00295,TULP2,extracellular;plasma_membrane,2
Q9Y6I4,USP3,nucleus,1
Q8TAA9-2,VANGL1,plasma_membrane,1
Q9ULK5,VANGL2,cell junction;plasma_membrane,2
O95498,VNN2,extracellular;plasma_membrane,2
Q9Y575-2,ASB3,cytosol,1
Q9ULM2,ZNF490,nucleus,1
Q9H5H4,ZNF768,nucleus,1
Q7Z3C6-2,ATG9A,endoplasmic_reticulum;endosome;golgi;mitochondrion;nucleus;vesicle,6
Q9UQB8-2,BAIAP2,cell junction;cytoskeleton;cytosol;extracellular;nucleus;plasma_membrane;vesicle,7
Q8N5S9-2,CAMKK1,cytosol;nucleus,2
Q13042-2,CDC16,cytoskeleton;cytosol;nucleus,3
P30304-2,CDC25A,cytosol;nucleus,2
Q00537,CDK17,nucleus,1
Q92828,CORO2A,cytoskeleton;plasma_membrane,2
Q96BA8,CREB3L1,endoplasmic_reticulum;nucleus,2
Q9HCS2,CYP4F12,endoplasmic_reticulum;nucleus;plasma_membrane,3
O43865,AHCYL1,cytosol;endoplasmic_reticulum;extracellular;mitochondrion;nucleus;plasma_membrane;vesicle,7
Q9Y3X0,CCDC9,nucleus,1
Q9NZ53,PODXL2,golgi;plasma_membrane,2
Q8TBY0,RBM46,nucleus,1
O43353-2,RIPK2,cytoskeleton;cytosol;endoplasmic_reticulum;plasma_membrane;vesicle,5
Q9P2F8-2,SIPA1L2,cell junction;synapse,2
Q9BXP2,SLC12A9,extracellular;lysosome;plasma_membrane;vesicle,4
P78371,CCT2,cytoskeleton;cytosol;extracellular;lysosome;vesicle,5
Q8NDX2-2,SLC17A8,cell junction;plasma_membrane;synapse;vesicle,4
Q8IZD6,SLC22A15,plasma_membrane,1
O95528,SLC2A10,cytosol;plasma_membrane,2
Q9NRM0-2,SLC2A9,plasma_membrane,1
P48643,CCT5,cytoskeleton;cytosol;extracellular;vesicle,4
Q13573,SNW1,nucleus,1
P22310,UGT1A4,endoplasmic_reticulum;nucleus,2
Q8N141,ZFP82,nucleus,1
P52737,ZNF136,nucleus,1
Q9GZX5,ZNF350,nucleus,1
Q9H9E3,COG4,cytosol;golgi;vesicle,3
Q6UWY0,ARSK,endoplasmic_reticulum;extracellular;lysosome,3
Q13117-2,DAZ2,nucleus,1
Q96F81,DISP1,plasma_membrane,1
Q6ZNL6-2,FGD5,cytoskeleton;cytosol;endoplasmic_reticulum;endosome;golgi;plasma_membrane;vesicle,7
Q01740,FMO1,endoplasmic_reticulum;nucleus,2
P31513,FMO3,endoplasmic_reticulum;nucleus,2
P32189-1,GK,cytosol;extracellular;mitochondrion;nucleus;vesicle,5
Q14449,GRB14,cytosol;endosome;plasma_membrane;vesicle,4
Q9H4D5,NXF3,nucleus,1
O15460-2,P4HA2,endoplasmic_reticulum,1
Q9Y6F1-2,PARP3,cytoskeleton;extracellular;nucleolus;nucleus,4
P05166,PCCB,cytosol;mitochondrion,2
Q9P0J1,PDP1,mitochondrion,1
Q96BY6,DOCK10,cell junction;cytosol;extracellular;nucleus;plasma_membrane;synapse;vesicle,7
Q96AP0,ACD,nucleus,1
Q8IUX8-2,EGFL6,extracellular,1
P18146,EGR1,nucleus,1
Q14161-10,GIT2,cell junction;nucleus;synapse,3
Q14409,GK3P,mitochondrion,1
P15586,GNS,extracellular;lysosome;vesicle,3
O75487,GPC4,cell junction;extracellular;golgi;lysosome;nucleus;plasma_membrane;synapse;vesicle,8
Q5VW38-2,GPR107,golgi;nucleus;plasma_membrane;vesicle,4
P43251,BTD,extracellular;mitochondrion;vesicle,3
Q8TE85-2,GRHL3,nucleus,1
Q9UHF4,IL20RA,plasma_membrane,1
Q8TDN2,KCNV2,plasma_membrane,1
Q15648,MED1,nucleolus;nucleus,2
E5RI47,MPP2,cell junction;cytoskeleton;plasma_membrane;synapse,4
Q8N307,MUC20,extracellular;golgi;plasma_membrane,3
Q96NY9,MUS81,nucleolus;nucleus,2
Q7Z4N8,P4HA3,endoplasmic_reticulum,1
Q8NA72-2,POC5,cytoskeleton;cytosol;nucleus;plasma_membrane,4
Q96EY7,PTCD3,mitochondrion,1
P49190,PTH2R,plasma_membrane,1
O95199-2,RCBTB2,vesicle,1
Q6ZMZ0-2,RNF19B,cytosol;endoplasmic_reticulum;lysosome;nucleus,4
O15389,SIGLEC5,plasma_membrane;vesicle,2
Q96S37-2,SLC22A12,extracellular;plasma_membrane;vesicle,3
O76082,SLC22A5,cytosol;endoplasmic_reticulum;extracellular;plasma_membrane;vesicle,5
Q4U2R8-2,SLC22A6,extracellular;plasma_membrane;vesicle,3
Q8IVM8,SLC22A9,plasma_membrane,1
P49368,CCT3,cytoskeleton;cytosol;extracellular;vesicle,4
P35610,SOAT1,endoplasmic_reticulum;nucleus,2
P31948,STIP1,cytosol;golgi;nucleus,3
O43280-2,TREH,extracellular;plasma_membrane;vesicle,3
Q8WV44,TRIM41,cytosol;nucleolus;nucleus,3
Q99832,CCT7,cytoskeleton;cytosol;extracellular;vesicle,4
Q6ZT98-2,TTLL7,cytoskeleton;cytosol;plasma_membrane,3
Q96RL1-2,UIMC1,nucleus,1
P07947,YES1,cell junction;cytoskeleton;cytosol;extracellular;golgi;plasma_membrane;vesicle,7
Q8N3Z6,ZCCHC7,cytosol;nucleolus;nucleus,3
Q969J2,ZKSCAN4,nucleus,1
P17022,ZNF18,nucleus,1
Q6P9H4,CNKSR3,cytosol;plasma_membrane,2
Q14584,ZNF266,nucleus,1
P59817,ZNF280A,nucleus,1
Q96FN4,CPNE2,extracellular;nucleus;plasma_membrane;vesicle,4
Q96A23-2,CPNE4,extracellular;plasma_membrane;vesicle,3
Q9UBL6-2,CPNE7,extracellular;nucleus;plasma_membrane;vesicle,4
Q8N6G5-2,CSGALNACT2,golgi,1
Q9UK59,DBR1,nucleus,1
Q7L5Y6,DET1,nucleus,1
Q16671,AMHR2,plasma_membrane,1
Q00597,FANCC,cytosol;nucleus,2
O75426,FBXO24,mitochondrion;nucleus,2
Q7Z6J6-2,FRMD5,cell junction;cytoskeleton,2
O75084,FZD7,endosome;plasma_membrane;vesicle,3
Q10471,GALNT2,endoplasmic_reticulum;extracellular;golgi;nucleus,4
P78333,GPC5,extracellular;golgi;lysosome;plasma_membrane,4
P32298-2,GRK4,cytosol;plasma_membrane,2
O00425,IGF2BP3,cytosol;nucleus,2
Q8N6P7,IL22RA1,plasma_membrane,1
Q6H9L7,ISM2,extracellular,1
Q15345,LRRC41,cytosol;nucleus,2
Q86VH5-2,LRRTM3,cell junction;plasma_membrane;synapse,3
Q8IUX2,MAP2,cytoskeleton;cytosol;plasma_membrane,3
O15534,PER1,cytosol;nucleus,2
O43189,PHF1,cytoskeleton;nucleus,2
Q494U1-3,PLEKHN1,cytoskeleton;mitochondrion;plasma_membrane,3
P24928,POLR2A,nucleus,1
Q13131-2,PRKAA1,cytosol;endoplasmic_reticulum;nucleus;plasma_membrane,4
Q14190-2,SIM2,nucleus,1
O14975,SLC27A2,cytosol;endoplasmic_reticulum;extracellular;nucleus;peroxisome;plasma_membrane;vesicle,7
Q96FL8-3,SLC47A1,plasma_membrane,1
A0PJK1-3,SLC5A10,extracellular;plasma_membrane;vesicle,3
O14994,SYN3,cell junction;synapse;vesicle,3
Q9Y2W6,TDRKH,mitochondrion,1
Q15650,TRIP4,cell junction;cytoskeleton;cytosol;nucleus;synapse,5
Q8N841-2,TTLL6,cytoskeleton;cytosol;plasma_membrane,3
Q8NDW4,ZNF248,nucleus,1
P17098,ZNF8,nucleus,1
O75419,CDC45,cytoskeleton;cytosol;nucleus;plasma_membrane,4
Q13112,CHAF1B,nucleus,1
A4QPA5,CLEC4F,plasma_membrane,1
Q8IV77,CNGA4,golgi;plasma_membrane;vesicle,3
P04839,CYBB,endoplasmic_reticulum;nucleus;plasma_membrane;vesicle,4
Q9UFH2-4,DNAH17,cytoskeleton;plasma_membrane,2
Q8NCV1-2,ADAD2,nucleolus;nucleus,2
Q8NEM8-2,AGBL3,cytoskeleton;cytosol,2
P03952,KLKB1,extracellular;plasma_membrane;vesicle,3
O95831,AIFM1,cytosol;mitochondrion;nucleus,3
Q8TF66-2,LRRC15,extracellular;plasma_membrane;vesicle,3
P20916,MAG,plasma_membrane,1
P31152,MAPK4,cytosol;nucleus,2
Q96PC5-2,MIA2,endoplasmic_reticulum;nucleus,2
P50281,MMP14,cell junction;endosome;extracellular;golgi;nucleus;plasma_membrane;vesicle,7
Q9Y6F6-2,MRVI1,endoplasmic_reticulum;nucleus,2
O95340-2,PAPSS2,cytosol;nucleus,2
P30153,PPP2R1A,cytoskeleton;cytosol;extracellular;mitochondrion;nucleus;plasma_membrane;vesicle,7
A0AV96-2,RBM47,nucleus,1
Q9NYV6,RRN3,nucleolus;nucleus,2
Q5TD94-3,RSPH4A,cytoskeleton;plasma_membrane,2
Q2NKQ1-4,SGSM1,cytosol;golgi;vesicle,3
P30531,SLC6A1,cell junction;plasma_membrane;synapse,3
Q9NP91,SLC6A20,plasma_membrane,1
O95935,TBX18,nucleus,1
Q6NUS6,TCTN3,nucleus;plasma_membrane,2
Q05086-2,UBE3A,cytosol;nucleus,2
Q96RU2-2,USP28,cytosol;nucleus,2
O00478,BTN3A3,plasma_membrane,1
Q6P2D8-2,XRRA1,nucleus,1
P07357,C8A,extracellular;plasma_membrane;vesicle,3
P07358,C8B,extracellular;plasma_membrane;vesicle,3
Q8IY22-2,CMIP,cytosol;nucleus,2
O60716-10,CTNND1,cell junction;cytosol;extracellular;nucleus;plasma_membrane;vesicle,6
P09172,DBH,extracellular;vesicle,2
Q96M86-4,DNHD1,cytoskeleton;extracellular;plasma_membrane;vesicle,4
Q92630-2,DYRK2,cytoskeleton;cytosol;nucleus,3
P23588,EIF4B,cytosol;nucleus,2
Q8IYW4,ENTHD1,endosome;plasma_membrane;vesicle,3
Q8TE68-3,EPS8L1,cytosol;extracellular;plasma_membrane;vesicle,4
P15311,EZR,cell junction;cytoskeleton;cytosol;endosome;extracellular;plasma_membrane;synapse;vesicle,8
Q96JK4-2,HHIPL1,extracellular,1
Q8WWQ2,HPSE2,extracellular;plasma_membrane,2
Q9Y487,ATP6V0A2,cell junction;endosome;golgi;lysosome;plasma_membrane;vesicle,6
P01350,GAST,extracellular,1
Q6ZYL4,GTF2H5,nucleolus;nucleus,2
Q9NYZ3,GTSE1,cytoskeleton;cytosol;nucleus;plasma_membrane,4
Q14764,MVP,cytoskeleton;cytosol;extracellular;nucleus;vesicle,5
Q9H0X9,OSBPL5,cytosol;endoplasmic_reticulum;nucleus,3
Q9NRJ7,PCDHB16,plasma_membrane,1
Q5VU43-2,PDE4DIP,cytoskeleton;golgi;nucleus,3
Q9HD89,RETN,extracellular;lysosome;vesicle,3
P49796-4,RGS3,cytosol;nucleus;plasma_membrane,3
P62888,RPL30,cell junction;cytosol;extracellular;nucleus;synapse;vesicle,6
O75815,BCAR3,cell junction,1
Q6PCB5,RSBN1L,nucleus,1
Q8TAQ2-2,SMARCC2,nucleus,1
A8MT71,SPANXA1,nucleus,1
P36956-2,SREBF1,cytosol;endoplasmic_reticulum;golgi;nucleus;vesicle,5
Q9HCN2-3,TP53AIP1,mitochondrion,1
Q16627,CCL14,extracellular,1
Q8NEX5,WFDC9,extracellular,1
O75437,ZNF254,nucleus,1
Q8N3C0,ASCC3,cytosol;nucleus,2
Q13618-2,CUL3,cytoskeleton;cytosol;extracellular;golgi;nucleus;plasma_membrane;vesicle,7
Q01523,DEFA5,extracellular;golgi;vesicle,3
Q01524,DEFA6,extracellular;golgi;vesicle,3
Q9NQ94-2,A1CF,endoplasmic_reticulum;nucleus,2
P78536,ADAM17,cytoskeleton;cytosol;endoplasmic_reticulum;golgi;plasma_membrane,5
P43268,ETV4,nucleolus;nucleus,2
Q96MS3-3,GLT1D1,cytosol;extracellular,2
Q9ULK0,GRID1,cell junction;extracellular;plasma_membrane;synapse;vesicle,5
P31751,AKT2,cytosol;endosome;nucleus;plasma_membrane;vesicle,5
Q9GZZ8,LACRT,extracellular;vesicle,2
Q9UHV8,LGALS13,extracellular;nucleus,2
Q8IXM3,MRPL41,mitochondrion,1
O75380,NDUFS6,mitochondrion,1
Q14511,NEDD9,cell junction;cytoskeleton;cytosol;golgi;nucleus;plasma_membrane;synapse,7
Q9NPG2,NGB,cytosol;mitochondrion,2
O95428-3,PAPLN,extracellular,1
P54315-2,PNLIPRP1,extracellular,1
Q5VTL8-2,PRPF38B,nucleus,1
Q13610,PWP1,golgi;nucleolus;nucleus,3
Q06141,REG3A,extracellular,1
P08134,RHOC,cytosol;endoplasmic_reticulum;extracellular;nucleus;plasma_membrane;vesicle,6
Q86WX3,RPS19BP1,cytosol;nucleolus;nucleus,3
Q9UIL1-2,SCOC,cytosol;golgi;nucleus,3
Q7Z614-3,SNX20,endosome;nucleus;plasma_membrane;vesicle,4
Q9Y343-2,SNX24,vesicle,1
Q9UJW2-2,TINAG,extracellular;lysosome,2
Q6PI78,TMEM65,cell junction;mitochondrion;plasma_membrane,3
P01222,TSHB,extracellular,1
P11441,UBL4A,cytosol;nucleus,2
Q86XT2,VPS37D,endosome;extracellular;vesicle,3
Q14508,WFDC2,extracellular;vesicle,2
Q9Y294,ASF1A,nucleus,1
P61769,B2M,cell junction;cytosol;endoplasmic_reticulum;endosome;extracellular;golgi;lysosome;nucleus;plasma_membrane;vesicle,10
Q9Y3E2,BOLA1,mitochondrion,1
P32320,CDA,cytosol;extracellular;vesicle,3
P42773,CDKN2C,cytosol;nucleus,2
Q9NX08,COMMD8,cytosol;endosome;nucleus;vesicle,4
Q9Y6B2-2,EID1,nucleus,1
Q8NER5-4,ACVR1C,plasma_membrane,1
Q13705,ACVR2B,plasma_membrane,1
Q5T4B2-2,CERCAM,endoplasmic_reticulum;plasma_membrane,2
P11230,CHRNB1,cell junction;plasma_membrane;synapse,3
Q14247,CTTN,cell junction;cytoskeleton;cytosol;endoplasmic_reticulum;plasma_membrane;synapse;vesicle,7
Q7L1T6,CYB5R4,endoplasmic_reticulum;nucleus,2
Q9NR63,CYP26B1,endoplasmic_reticulum;nucleus,2
O15528,CYP27B1,mitochondrion,1
P51589,CYP2J2,endoplasmic_reticulum;extracellular;nucleus;vesicle,4
P24462,CYP3A7,endoplasmic_reticulum;nucleus,2
Q5TDH0-2,DDI2,cytosol;nucleus,2
Q9H6R0,DHX33,cytosol;nucleolus;nucleus,3
Q13217,DNAJC3,cytosol;endoplasmic_reticulum;extracellular;lysosome;vesicle,5
Q9Y2E6-2,DTX4,cytoskeleton;cytosol;nucleus,3
Q6PEJ6,ADAM7,plasma_membrane,1
O43854-2,EDIL3,extracellular;vesicle,2
P29323-2,EPHB2,cell junction;cytosol;extracellular;nucleus;plasma_membrane;synapse,6
P00742,F10,endoplasmic_reticulum;extracellular;golgi;plasma_membrane,4
Q9UK99-2,FBXO3,cytosol;nucleus,2
Q16658,FSCN1,cell junction;cytoskeleton;cytosol;extracellular;plasma_membrane;vesicle,6
Q0VDF9,HSPA14,cytosol;nucleus;plasma_membrane,3
Q05084,ICA1,cell junction;cytosol;golgi;synapse;vesicle,5
P16871,IL7R,extracellular;plasma_membrane;vesicle,3
Q8TDN1,KCNG4,nucleus;plasma_membrane,2
Q86WU2-2,LDHD,mitochondrion,1
Q9H944,MED20,nucleus,1
O14770-2,MEIS2,nucleus,1
P45452,MMP13,extracellular,1
Q99542,MMP19,extracellular,1
Q9UBE8,NLK,cytosol;nucleus,2
Q8N349,OR2L13,plasma_membrane,1
Q8IVF2-3,AHNAK2,cytosol;nucleus;plasma_membrane,3
Q9BTD8-2,RBM42,nucleus,1
Q9H4P4,RNF41,cytosol;endoplasmic_reticulum,2
P13489,RNH1,cytosol;extracellular;nucleus;plasma_membrane;vesicle,5
Q9HB40-2,SCPEP1,extracellular;vesicle,2
Q86WK6,AMIGO1,plasma_membrane,1
P51688,SGSH,extracellular;lysosome;vesicle,3
O15244-3,SLC22A2,extracellular;plasma_membrane;vesicle,3
Q96GZ6-5,SLC41A3,mitochondrion;plasma_membrane,2
Q15796-2,SMAD2,cytosol;nucleolus;nucleus,3
P57768,SNX16,endosome;lysosome;vesicle,3
Q8N0S2,SYCE1,nucleus,1
Q86SS6,SYT9,cell junction;plasma_membrane;synapse;vesicle,4
Q15750,TAB1,cytosol;endoplasmic_reticulum;endosome;nucleus;vesicle,5
P98066,TNFAIP6,extracellular;vesicle,2
P20333,TNFRSF1B,extracellular;plasma_membrane;vesicle,3
P50591,TNFSF10,extracellular;plasma_membrane;vesicle,3
P04746,AMY2A,extracellular;vesicle,2
O60784,TOM1,cytosol;endosome;extracellular;lysosome;plasma_membrane;vesicle,6
Q9UJA5,TRMT6,nucleus,1
O14771,ZNF213,nucleus,1
Q9C0F3,ZNF436,nucleus,1
Q9BSK1,ZNF577,nucleolus;nucleus,2
Q9Y5A6,ZSCAN21,nucleus,1
Q9Y5K8,ATP6V1D,cytoskeleton;cytosol;endosome;extracellular;golgi;lysosome;plasma_membrane;vesicle,8
O00481,BTN3A1,plasma_membrane,1
Q96LT7,C9orf72,cell junction;cytosol;endosome;extracellular;lysosome;nucleus;plasma_membrane;synapse;vesicle,9
Q9NRG9,AAAS,cytoskeleton;cytosol;nucleus,3
O94929-2,ABLIM3,cytoskeleton;plasma_membrane,2
Q9BVP2-2,GNL3,extracellular;nucleolus;nucleus,3
P07686,HEXB,extracellular;lysosome;vesicle,3
Q9BW71,HIRIP3,nucleolus;nucleus,2
Q03933-2,HSF2,nucleus,1
Q7L5N7,LPCAT2,endoplasmic_reticulum;golgi;nucleus;plasma_membrane,4
Q86VH4-2,LRRTM4,cell junction;plasma_membrane;synapse,3
Q12934,BFSP1,cytoskeleton;cytosol;plasma_membrane,3
Q8N653,LZTR1,endosome;golgi;vesicle,3
Q14703,MBTPS1,endoplasmic_reticulum;extracellular;golgi;mitochondrion;nucleus,5
Q96QG7,MTMR9,cytosol;endoplasmic_reticulum;plasma_membrane,3
Q969V3-2,NCLN,endoplasmic_reticulum;nucleus,2
Q9UHY1,NRBP1,cytosol;nucleus;plasma_membrane,3
P37198,NUP62,cytoskeleton;nucleus,2
Q8N7H5-2,PAF1,cell junction;nucleolus;nucleus,3
Q15154-2,PCM1,cytoskeleton;cytosol;nucleus;plasma_membrane,4
Q5JRX3-2,PITRM1,mitochondrion,1
Q13356,PPIL2,golgi;nucleus;plasma_membrane,3
Q9UHX1-2,PUF60,cell junction;nucleus,2
P52756,RBM5,nucleus,1
O95072,REC8,nucleus,1
Q9NPQ8-2,RIC8A,plasma_membrane,1
O75676-2,RPS6KA4,cytosol;nucleus,2
E7ET02,SEMA6C,plasma_membrane,1
Q9UK58,CCNL1,nucleus,1
P08195-2,SLC3A2,cell junction;extracellular;lysosome;nucleus;plasma_membrane;vesicle,6
Q13485,SMAD4,cytoskeleton;cytosol;nucleus,3
Q9UM82,SPATA2,cytosol;nucleus,2
Q6ZWJ1,STXBP4,extracellular;vesicle,2
P21980-2,TGM2,cell junction;cytosol;extracellular;mitochondrion;nucleus;plasma_membrane;vesicle,7
P40222,TXLNA,cytosol;extracellular,2
O94941,UBOX5,nucleus,1
Q9H269-2,VPS16,endosome;lysosome;vesicle,3
Q9BUR4,WRAP53,cytosol;nucleus,2
Q8N554-2,ZNF276,nucleus,1
Q8IZ26,ZNF34,cytosol;nucleus,2
Q9BUY5,ZNF426,nucleus,1
Q86TJ5,ZNF554,nucleolus;nucleus,2
P43155-2,CRAT,cytosol;endoplasmic_reticulum;mitochondrion;peroxisome,4
P09603,CSF1,endoplasmic_reticulum;extracellular;plasma_membrane,3
Q6H8Q1-2,ABLIM2,cytoskeleton,1
P35221-2,CTNNA1,cell junction;cytoskeleton;cytosol;nucleus;plasma_membrane,5
Q9H816,DCLRE1B,cytoskeleton;nucleus,2
O60941-2,DTNB,cell junction;nucleus;plasma_membrane;synapse,4
O15371,EIF3D,cytosol,1
Q6PCT2-2,FBXL19,cytosol;nucleus,2
Q9ULV1,FZD4,plasma_membrane;vesicle,2
P34059,GALNS,extracellular;lysosome;vesicle,3
O96018,APBA3,cell junction;plasma_membrane;synapse,3
Q5FYB1,ARSI,endoplasmic_reticulum;extracellular,2
Q96PP8,GBP5,golgi;vesicle,2
Q6GMP0,GGT5,plasma_membrane,1
Q9Y692,GMEB1,nucleus,1
Q8WUA4-2,GTF3C2,nucleus,1
Q9UJ83,HACL1,cytosol;peroxisome,2
P10809,HSPD1,cytosol;endosome;extracellular;mitochondrion;plasma_membrane;vesicle,6
P14778,IL1R1,extracellular;plasma_membrane,2
Q96Q27,ASB2,cytoskeleton;cytosol;nucleus,3
O60333-3,KIF1B,cell junction;cytoskeleton;mitochondrion;plasma_membrane;synapse;vesicle,6
Q08380,LGALS3BP,extracellular;vesicle,2
O95460-2,MATN4,extracellular,1
O60291-2,MGRN1,cytosol;endoplasmic_reticulum;endosome;extracellular;nucleus;plasma_membrane;vesicle,7
Q86UE4,MTDH,cell junction;endoplasmic_reticulum;nucleolus;nucleus;plasma_membrane,5
Q0ZGT2-2,NEXN,cell junction;cytoskeleton;plasma_membrane,3
Q08J23,NSUN2,cytoskeleton;extracellular;mitochondrion;nucleolus;nucleus;vesicle,6
Q9UBW5,BIN2,cytoskeleton;extracellular;plasma_membrane;vesicle,4
O00541-2,PES1,cytosol;nucleolus;nucleus,3
Q5T6S3,PHF19,nucleus,1
Q96T49,PPP1R16B,nucleus;plasma_membrane,2
O43663,PRC1,cytoskeleton;cytosol;extracellular;nucleus;plasma_membrane,5
Q9BWN1,PRR14,nucleus,1
Q92696,RABGGTA,cytosol;plasma_membrane,2
Q8NDT2,RBM15B,nucleus,1
Q9BWE0,REPIN1,cytosol;nucleus,2
Q14699,RFTN1,endosome;extracellular;plasma_membrane;vesicle,4
Q96DX4,RSPRY1,extracellular,1
Q86VW1,SLC22A16,cytosol;plasma_membrane,2
O95793-2,STAU1,cytosol;endoplasmic_reticulum;extracellular;plasma_membrane;vesicle,5
Q6UXF1,TMEM108,cell junction;endosome;plasma_membrane;synapse;vesicle,5
E9PHM4,TMPRSS13,extracellular;plasma_membrane,2
O14773-2,TPP1,endosome;extracellular;golgi;lysosome;vesicle,5
O14545,TRAFD1,mitochondrion,1
P36406,TRIM23,golgi;lysosome;plasma_membrane,3
Q9NRW7,VPS45,endosome;golgi;vesicle,3
Q8TBZ3-2,WDR20,nucleus;plasma_membrane,2
Q7Z739,YTHDF3,cytosol,1
Q53GI3,ZNF394,nucleus,1
Q15942,ZYX,cell junction;cytoskeleton;cytosol;nucleus;plasma_membrane,5
Q96SZ6-2,CDK5RAP1,cytosol;mitochondrion;nucleus,3
Q5VV42,CDKAL1,endoplasmic_reticulum;nucleus,2
Q9BZB8-3,CPEB1,cell junction;cytosol;nucleus;plasma_membrane;synapse,5
Q16526,CRY1,nucleus,1
Q9NRF8,CTPS2,cytosol;mitochondrion;nucleus,3
Q9BPU6,DPYSL5,cytosol,1
Q9BV94-2,EDEM2,endoplasmic_reticulum,1
Q9Y262,EIF3L,cytosol,1
Q9Y227-2,ENTPD4,golgi;lysosome;vesicle,3
A2A2Y4-2,FRMD3,cytoskeleton,1
Q8IUC8,GALNT13,golgi,1
P43652,AFM,extracellular;vesicle,2
Q8WYA1-2,ARNTL2,nucleolus;nucleus,2
P03372,ESR1,cytosol;golgi;nucleus;plasma_membrane,4
Q99502,EYA1,nucleus,1
Q99259,GAD1,cell junction;plasma_membrane;synapse;vesicle,4
Q8NFJ9-2,BBS1,cytoskeleton;cytosol;plasma_membrane,3
Q9H2C0,GAN,cytoskeleton;cytosol,2
P32455,GBP1,cytoskeleton;cytosol;extracellular;golgi;plasma_membrane;vesicle,6
P32456,GBP2,cytosol;golgi;nucleus;vesicle,4
Q8WTR4-2,GDPD5,plasma_membrane,1
O95256,IL18RAP,plasma_membrane,1
Q9NVR2,INTS10,nucleus,1
Q96M94,KLHL15,nucleus,1
D6R9G5,KLHL2,cytoskeleton;cytosol;plasma_membrane,3
P06276,BCHE,extracellular;plasma_membrane,2
Q9UNF1,MAGED2,cytosol;extracellular;nucleolus;nucleus;vesicle,5
Q13496,MTM1,cytosol;endosome;plasma_membrane;vesicle,4
Q9H1R3,MYLK2,endoplasmic_reticulum;nucleus,2
P22736,NR4A1,cytosol;mitochondrion;nucleolus;nucleus,4
O96013-2,PAK4,cell junction;cytosol;golgi;plasma_membrane,4
Q96HC4,PDLIM5,cell junction;cytoskeleton;cytosol;synapse,4
P53350,PLK1,cytoskeleton;cytosol;nucleus,3
Q8WVV4-1,POF1B,cell junction;cytoskeleton;golgi,3
Q9NQX1-2,PRDM5,nucleolus;nucleus,2
Q05513,PRKCZ,cell junction;cytosol;endosome;extracellular;plasma_membrane;vesicle,6
P29350-3,PTPN6,cytosol;extracellular;nucleolus;nucleus;plasma_membrane;vesicle,6
P43378,PTPN9,nucleus;plasma_membrane,2
Q16849,PTPRN,cell junction;endosome;golgi;nucleus;plasma_membrane;synapse;vesicle,7
Q5R372-5,RABGAP1L,endosome;golgi;nucleus;plasma_membrane;vesicle,5
Q96EP0,RNF31,cytosol;plasma_membrane,2
O60942,RNGTT,nucleus,1
Q96T51,RUFY1,cytosol;endosome;nucleus;vesicle,4
Q9Y297-2,BTRC,cytosol;nucleus,2
Q96GD3-2,SCMH1,nucleus,1
Q9HC62,SENP2,cytosol;nucleus,2
Q96PQ1,SIGLEC12,plasma_membrane,1
Q13183,SLC13A2,extracellular;plasma_membrane;vesicle,3
Q9Y5X1,SNX9,cytosol;extracellular;golgi;plasma_membrane;vesicle,5
O00186,STXBP3,cytosol;extracellular;plasma_membrane;vesicle,4
Q9BQG1,SYT3,endosome;plasma_membrane;vesicle,3
P51854,TKTL1,cytosol,1
Q9BWV7,TTLL2,cytoskeleton;plasma_membrane,2
Q9NYH9,UTP6,nucleolus;nucleus,2
O75083,WDR1,cell junction;cytoskeleton;cytosol;extracellular;plasma_membrane;vesicle,6
Q14929,ZNF169,nucleus,1
Q96NN9-2,AIFM3,cytosol;endoplasmic_reticulum;mitochondrion,3
Q96PQ6-2,ZNF317,nucleus,1
Q9BWM5,ZNF416,nucleus,1
O43309,ZSCAN12,nucleus,1
Q8N865,C7orf31,cytoskeleton,1
Q02641,CACNB1,plasma_membrane,1
P20309,CHRM3,cell junction;endoplasmic_reticulum;nucleus;plasma_membrane;synapse,5
Q99856,ARID3A,cytosol;nucleus,2
Q5TAQ9,DCAF8,cytosol;mitochondrion;nucleus,3
Q9GZS0-2,DNAI2,cytoskeleton;plasma_membrane,2
O14682,ENC1,cytoskeleton;nucleus,2
Q9NQZ7,ENTPD7,golgi;vesicle,2
Q9UG63,ABCF2,cytosol;plasma_membrane,2
Q9H845,ACAD9,mitochondrion;nucleus;plasma_membrane,3
O15287,FANCG,cytosol;mitochondrion;nucleolus;nucleus;plasma_membrane,5
B4DLD9,FOXP2,nucleus,1
O15254-2,ACOX3,cytosol;peroxisome,2
Q96NE9-2,FRMD6,cell junction;plasma_membrane,2
Q8NCL4,GALNT6,golgi,1
Q9UJY4,GGA2,endosome;golgi;vesicle,3
O43292,GPAA1,cytoskeleton;cytosol;endoplasmic_reticulum;mitochondrion;nucleus,5
O15354,GPR37,cell junction;endoplasmic_reticulum;nucleus;plasma_membrane;synapse,5
Q8NI17-12,IL31RA,cell junction;plasma_membrane;synapse,3
Q08881,ITK,cytosol;nucleus;plasma_membrane,3
P22460,KCNA5,cell junction;golgi;plasma_membrane,3
Q14739,LBR,endoplasmic_reticulum;nucleus,2
Q96FE5-2,LINGO1,plasma_membrane,1
P58215,LOXL3,extracellular;nucleus,2
Q6UVY6-2,MOXD1,endoplasmic_reticulum;extracellular;nucleus;vesicle,4
Q9BYT8,NLN,cytosol;extracellular;mitochondrion,3
Q16288-2,NTRK3,nucleolus;nucleus;plasma_membrane,3
Q9UBU9,NXF1,cytosol;nucleus,2
Q13490,BIRC2,cytosol;nucleus;plasma_membrane,3
O43252,PAPSS1,cytosol;nucleus,2
O43900,PRICKLE3,mitochondrion;plasma_membrane,2
P52306,RAP1GDS1,cytosol;endoplasmic_reticulum;extracellular;mitochondrion;nucleus;vesicle,6
P48382,RFX5,nucleus,1
O94955,RHOBTB3,extracellular;golgi;vesicle,3
Q8IXI1,RHOT2,mitochondrion,1
Q9NVW2,RLIM,cytosol;nucleus,2
P16581,SELE,cytoskeleton;extracellular;plasma_membrane,3
O95754,SEMA4F,endoplasmic_reticulum;plasma_membrane,2
Q9Y2P4,SLC27A6,endoplasmic_reticulum;nucleus;plasma_membrane,3
Q8TD20,SLC2A12,cell junction;plasma_membrane,2
Q8WWX8-2,SLC5A11,plasma_membrane,1
Q8N695,SLC5A8,extracellular;plasma_membrane;vesicle,3
Q8N5C6,SRBD1,nucleolus;nucleus,2
Q9BSJ5-2,C17orf80,extracellular;mitochondrion;vesicle,3
Q6N021,TET2,nucleus,1
O94842,TOX4,nucleus,1
O15042-2,U2SURP,nucleus,1
Q5JSH3-2,WDR44,cytosol;endosome;golgi;vesicle,4
O15213,WDR46,nucleolus;nucleus,2
P12956,XRCC6,cytosol;extracellular;nucleolus;nucleus;vesicle,5
Q7Z3V5,ZNF571,nucleus,1
Q8IYX3-2,CCDC116,cytoskeleton,1
O14967,CLGN,endoplasmic_reticulum;nucleus,2
Q14677,CLINT1,cytosol;endosome;golgi;nucleus;plasma_membrane;vesicle,6
Q9H0L4,CSTF2T,nucleus,1
Q9UJV9,DDX41,cytosol;nucleus,2
Q5T1V6,DDX59,nucleus,1
Q13409-2,DYNC1I2,cytoskeleton;cytosol;nucleus;vesicle,4
Q9P2K8-2,EIF2AK4,cytosol;nucleus,2
O75843,AP1G2,endosome;golgi;vesicle,3
O00327-8,ARNTL,nucleus,1
O43491,EPB41L2,cell junction;cytoskeleton;cytosol;extracellular;nucleus;plasma_membrane;vesicle,7
P03951,F11,extracellular;plasma_membrane;vesicle,3
Q6ZN66,GBP6,extracellular;vesicle,2
P48506,GCLC,cytosol,1
Q6ISB3,GRHL2,cell junction;nucleus,2
Q8IYD1,GSPT2,cytosol,1
Q8WY36-2,BBX,cytosol;nucleus,2
O43390,HNRNPR,nucleus,1
P54652,HSPA2,cytoskeleton;cytosol;extracellular;nucleus;plasma_membrane;vesicle,6
Q14164,IKBKE,cytosol;mitochondrion;nucleus,3
Q6UWB1,IL27RA,plasma_membrane,1
A1L0T0,ILVBL,endoplasmic_reticulum;nucleus,2
O43187,IRAK2,cytosol;endosome;nucleus;plasma_membrane;vesicle,5
E9PDS3,ITGA9,plasma_membrane,1
Q9NZV8,KCND2,cell junction;plasma_membrane;synapse,3
Q53GT1,KLHL22,cytoskeleton;cytosol;extracellular;lysosome;nucleus,5
P50895,BCAM,extracellular;plasma_membrane;vesicle,3
P13796,LCP1,cell junction;cytoskeleton;cytosol;extracellular;plasma_membrane;vesicle,6
Q6PJG9,LRFN4,cell junction;plasma_membrane;synapse,3
Q9HCJ2,LRRC4C,cell junction;extracellular;plasma_membrane;synapse,4
Q9H093,NUAK2,nucleus,1
Q0VDD7,C19orf57,nucleus,1
Q86TB9-2,PATL1,cytosol;nucleus,2
Q16822,PCK2,mitochondrion,1
Q14123-2,PDE1C,cytosol;lysosome,2
Q9UMS5-2,PHTF1,endoplasmic_reticulum;golgi;nucleus,3
P13797,PLS3,cytoskeleton;cytosol;plasma_membrane,3
Q9NUX5,POT1,nucleus,1
Q86UA1,PRPF39,nucleus,1
Q9H0H5,RACGAP1,cytoskeleton;cytosol;extracellular;mitochondrion;nucleus;plasma_membrane;vesicle,7
O60216,RAD21,cytoskeleton;cytosol;nucleus,3
P04844,RPN2,endoplasmic_reticulum;nucleus,2
Q9UPU9-3,SAMD4A,cell junction;cytosol;nucleolus;nucleus;plasma_membrane;synapse,6
Q96JE7-2,SEC16B,cytosol;endoplasmic_reticulum;golgi;nucleus;vesicle,5
F5H5M1,SHC4,cell junction;plasma_membrane;synapse,3
P30825,SLC7A1,plasma_membrane,1
Q969Z0,TBRG4,mitochondrion,1
O15484,CAPN5,cell junction;extracellular;plasma_membrane;vesicle,4
Q9H0I9,TKTL2,cytosol,1
Q15025-2,TNIP1,cytosol;nucleus,2
Q8IZ69-2,TRMT2A,cytosol,1
Q9UBT2,UBA2,nucleus,1
Q9Y2W2,WBP11,cytosol;nucleus,2
Q9H967,WDR76,nucleus,1
Q9UBH6-2,XPR1,plasma_membrane,1
O43296,ZNF264,nucleus,1
Q9Y6Q1,CAPN6,cytoskeleton,1
Q8N7K0-2,ZNF433,nucleus,1
Q6P9A3-2,ZNF549,nucleus,1
Q8NEP9-2,ZNF555,nucleus,1
Q96HB5,CCDC120,cytoskeleton;endosome;plasma_membrane;vesicle,4
O60826,CCDC22,cytoskeleton;cytosol;endosome;nucleus;vesicle,5
P43681,CHRNA4,cell junction;plasma_membrane;synapse,3
P11532-2,DMD,cell junction;cytoskeleton;cytosol;nucleus;plasma_membrane;synapse,6
O14576-3,DYNC1I1,cytoskeleton;cytosol;endosome;nucleus;vesicle,5
Q5JVL4,EFHC1,cytoskeleton;plasma_membrane,2
Q86SF2,GALNT7,extracellular;golgi;vesicle,3
P08236-2,GUSB,extracellular;lysosome;vesicle,3
O75330-2,HMMR,cytoskeleton;cytosol;plasma_membrane,3
P11142,HSPA8,cell junction;cytosol;extracellular;lysosome;nucleolus;nucleus;plasma_membrane;vesicle,8
Q9BVA0,KATNB1,cytoskeleton;cytosol;nucleus;plasma_membrane,4
Q8NEU8,APPL2,endosome;extracellular;nucleus;plasma_membrane;vesicle,5
Q96L93-4,KIF16B,cytoskeleton;endosome;vesicle,3
Q8N239,KLHL34,extracellular,1
Q14392,LRRC32,nucleus;plasma_membrane,2
Q9UIF8-2,BAZ2B,nucleus,1
P08253,MMP2,extracellular;mitochondrion;nucleus,3
Q8NCE2-2,MTMR14,cytosol;plasma_membrane,2
Q9Y216,MTMR7,cytosol,1
P20591,MX1,cell junction;cytoskeleton;cytosol;endoplasmic_reticulum;nucleus;plasma_membrane;synapse,7
O14786-2,NRP1,cell junction;cytosol;endosome;extracellular;mitochondrion;plasma_membrane;vesicle,7
O15381-2,NVL,nucleolus;nucleus,2
Q9NZT2-2,OGFR,nucleus,1
Q9ULC6,PADI1,cytosol;nucleus,2
Q9ULW8,PADI3,cytosol;nucleus,2
Q9UM07,PADI4,cytosol;nucleus,2
P13667,PDIA4,endoplasmic_reticulum;extracellular;plasma_membrane;vesicle,4
Q06187,BTK,cytosol;nucleus;plasma_membrane,3
P40967-2,PMEL,endoplasmic_reticulum;endosome;extracellular;golgi;nucleus;plasma_membrane;vesicle,7
Q7Z5L7-2,PODN,extracellular,1
O75170-2,PPP6R2,cytosol;nucleus,2
Q15311,RALBP1,cytoskeleton;cytosol;mitochondrion;nucleus;plasma_membrane,5
P31040,SDHA,mitochondrion;nucleolus;nucleus,3
Q86UG4-2,SLCO6A1,plasma_membrane,1
Q9NY59,SMPD3,endoplasmic_reticulum;golgi;plasma_membrane,3
P35711-2,SOX5,nucleus,1
Q96N96,SPATA13,cytoskeleton;cytosol;nucleus;plasma_membrane,4
Q96SB4,SRPK1,cytosol;nucleus;plasma_membrane,3
Q8N1K5-2,THEMIS,nucleus,1
Q96FV9,THOC1,nucleus,1
Q13049,TRIM32,cytoskeleton;cytosol;endoplasmic_reticulum;mitochondrion;nucleus,5
Q86WT1,TTC30A,cytoskeleton;plasma_membrane,2
Q8N4P2,TTC30B,cytoskeleton;plasma_membrane,2
E9PF47,VIT,extracellular,1
Q9BTA9-5,WAC,nucleus,1
Q9C0B5-2,ZDHHC5,golgi;plasma_membrane;vesicle,3
P52736-2,ZNF133,nucleus,1
O95125,ZNF202,nucleolus;nucleus,2
Q8N9H9-2,C1orf127,extracellular,1
Q96GC6-2,ZNF274,nucleolus;nucleus,2
Q8TD17,ZNF398,nucleus,1
Q2TB10,ZNF800,nucleolus;nucleus,2
Q0VGE8,ZNF816,nucleus,1
Q9NPY3,CD93,plasma_membrane;vesicle,2
Q9P209,CEP72,cytoskeleton;cytosol,2
Q8TAP6,CEP76,cytoskeleton;cytosol,2
Q9P0U4-2,CXXC1,cytosol;nucleus,2
Q6PI48,DARS2,mitochondrion;nucleus,2
Q16643-2,DBN1,cytoskeleton;plasma_membrane,2
Q92841-2,DDX17,cytosol;nucleolus;nucleus,3
Q66K89,E4F1,nucleus,1
O95905,ECD,cytosol;nucleus,2
P29692-2,EEF1D,cytosol;nucleolus;nucleus,3
O94887-2,FARP2,cytosol,1
Q86UX7-2,FERMT3,cell junction;cytoskeleton;extracellular;vesicle,4
Q9H221-2,ABCG8,plasma_membrane,1
Q99424,ACOX2,cytosol;peroxisome,2
Q9H8H2,DDX31,nucleolus;nucleus,2
P51530,DNA2,mitochondrion;nucleus,2
Q14195,DPYSL3,cytosol;extracellular;plasma_membrane,3
Q6NXG1-3,ESRP1,nucleus,1
P81408-2,FAM189B,nucleus,1
Q8IYD8-2,FANCM,cytosol;nucleus,2
Q9UKA1,FBXL5,cytosol;nucleus,2
Q8TB52,FBXO30,cytosol,1
Q5FVE4-2,ACSBG2,cytosol;mitochondrion,2
Q96AC1-2,FERMT2,cell junction;cytoskeleton;cytosol;nucleus;plasma_membrane,5
Q9NZU1,FLRT1,cell junction;endoplasmic_reticulum;extracellular;nucleus;plasma_membrane;vesicle,6
O94808,GFPT2,cytosol,1
Q8ND71,GIMAP8,cytosol;endoplasmic_reticulum;golgi;mitochondrion,4
P16278-2,GLB1,extracellular;golgi;lysosome;vesicle,4
Q9Y450-4,HBS1L,cytosol;extracellular;vesicle,3
P38646,HSPA9,cell junction;extracellular;mitochondrion;nucleolus;nucleus;vesicle,6
Q8WVZ9,KBTBD7,cytosol;nucleus,2
Q14807,KIF22,cytoskeleton;cytosol;nucleus,3
O00139-1,KIF2A,cytoskeleton;cytosol;nucleus;plasma_membrane,4
Q8N4N8,KIF2B,cytoskeleton;cytosol;extracellular;nucleolus;nucleus,5
O95447,LCA5L,cytoskeleton;plasma_membrane,2
P53671-2,LIMK2,cytoskeleton;cytosol;nucleus,3
O15296-2,ALOX15B,cell junction;cytoskeleton;cytosol;extracellular;nucleus;plasma_membrane;vesicle,7
Q96CN5,LRRC45,cytoskeleton;plasma_membrane,2
Q9BRK4,LZTS2,cytoskeleton;cytosol;vesicle,3
Q8N3R9-2,MPP5,cell junction;er_golgi_intermediate;extracellular;golgi;plasma_membrane;vesicle,6
Q92542-2,NCSTN,cell junction;endoplasmic_reticulum;endosome;extracellular;golgi;lysosome;nucleus;plasma_membrane;vesicle,9
P29728-2,OAS2,cytosol;nucleus,2
Q9NQU5,PAK6,cell junction;cytosol;nucleolus;nucleus,4
Q9Y5I2-3,PCDHA10,extracellular;plasma_membrane,2
P09917,ALOX5,cytosol;extracellular;nucleus;vesicle,4
Q9NVU0-2,POLR3E,cytosol;nucleus,2
O75626-2,PRDM1,nucleolus;nucleus,2
P17252,PRKCA,cytoskeleton;cytosol;endoplasmic_reticulum;extracellular;mitochondrion;nucleus;plasma_membrane;vesicle,8
Q13976-2,PRKG1,cytosol;plasma_membrane,2
O75943-2,RAD17,nucleolus;nucleus,2
Q8TCX5-2,RHPN1,cytosol,1
Q9Y252,RNF6,nucleus;plasma_membrane,2
Q9Y2J0-2,RPH3A,cell junction;plasma_membrane;synapse;vesicle,4
Q96B97,SH3KBP1,cell junction;cytoskeleton;cytosol;plasma_membrane;vesicle,5
Q8WUM9,SLC20A1,plasma_membrane,1
Q9UJS0,SLC25A13,mitochondrion;plasma_membrane,2
Q504Y0-3,SLC39A12,extracellular;plasma_membrane;vesicle,3
P08133,ANXA6,cell junction;endosome;extracellular;lysosome;nucleus;plasma_membrane;vesicle,7
Q6ZW31-2,SYDE1,cell junction;plasma_membrane;synapse,3
Q9P2M4,TBC1D14,endosome;golgi;vesicle,3
P49221,TGM4,extracellular;golgi;vesicle,3
P22105-2,TNXB,extracellular;vesicle,2
Q9H3D4,TP63,nucleus,1
Q7Z2W7,TRPM8,endoplasmic_reticulum;nucleus;plasma_membrane,3
Q6EMK4,VASN,extracellular;lysosome;plasma_membrane;vesicle,4
O43313-2,ATMIN,nucleus,1
Q8N5D0-4,WDTC1,nucleus,1
Q8IWZ6-2,BBS7,cytoskeleton;cytosol;plasma_membrane,3
P51813,BMX,cytosol;plasma_membrane,2
P30203-5,CD6,extracellular;plasma_membrane;synapse,3
Q9UBU7,DBF4,nucleus,1
P49418,AMPH,cell junction;cytoskeleton;cytosol;plasma_membrane;synapse;vesicle,6
Q9UH90,FBXO40,cytosol,1
Q04446,GBE1,cytosol;extracellular;vesicle,3
P50747,HLCS,cytosol;mitochondrion;nucleus,3
Q9NSE4,IARS2,mitochondrion,1
Q9UNA1-2,ARHGAP26,cell junction;cytoskeleton;cytosol;endosome;mitochondrion;vesicle,6
Q9Y496,KIF3A,cytoskeleton;cytosol;extracellular;plasma_membrane;vesicle,5
Q9Y468-1,L3MBTL1,nucleus,1
Q969R5-2,L3MBTL2,nucleus,1
Q96JM7-2,L3MBTL3,nucleolus;nucleus,2
Q86VQ0,LCA5,cytoskeleton;plasma_membrane,2
Q8WXE1-2,ATRIP,nucleus,1
O75325,LRRN2,plasma_membrane,1
Q16853,AOC3,endoplasmic_reticulum;endosome;golgi;plasma_membrane;vesicle,5
Q9H3W5,LRRN3,plasma_membrane,1
Q8IWA4-3,MFN1,mitochondrion,1
Q99797,MIPEP,mitochondrion,1
P14780,MMP9,extracellular;vesicle,2
Q9C0I1-2,MTMR12,cytosol;endoplasmic_reticulum,2
P10243,MYBL1,nucleus,1
Q5SY16,NOL9,nucleolus;nucleus,2
Q7Z417,NUFIP2,cytosol;nucleus,2
Q8IZ21-2,PHACTR4,plasma_membrane,1
O14867,BACH1,cytosol;nucleus,2
O94844,RHOBTB1,cytoskeleton;endosome;plasma_membrane;vesicle,4
Q96T68-2,SETDB2,cytosol;nucleus,2
Q96HU1-2,SGSM3,cytosol;golgi,2
Q8NCS7-2,SLC44A5,plasma_membrane,1
P38398-2,BRCA1,cytoskeleton;nucleus;plasma_membrane,3
Q2Y0W8-6,SLC4A8,cell junction;plasma_membrane;synapse;vesicle,4
Q9H2J7,SLC6A15,plasma_membrane,1
Q5JPP8,SLC9A6,endoplasmic_reticulum;endosome;nucleus;plasma_membrane;vesicle,5
Q08945,SSRP1,nucleolus;nucleus,2
O75410-2,TACC1,cytoskeleton;cytosol;nucleus,3
Q8TC07-2,TBC1D15,cytosol;mitochondrion,2
Q96GX1,TCTN2,plasma_membrane,1
Q04726-2,TLE3,nucleus,1
Q86UE8-2,TLK2,cytoskeleton;nucleolus;nucleus,3
Q7Z2T5,TRMT1L,nucleolus;nucleus,2
Q9C0C9,UBE2O,nucleus,1
Q9H0E7,USP44,cytoskeleton;nucleolus;nucleus,3
Q8IV35,WDR49,plasma_membrane,1
Q9H869-2,YY1AP1,nucleolus;nucleus,2
Q9NZL3,ZNF224,nucleus,1
Q96JN2-2,CCDC136,vesicle,1
P55290,CDH13,cell junction;extracellular;plasma_membrane;vesicle,4
Q8N3C7,CLIP4,cytoskeleton;nucleus,2
Q5KU26,COLEC12,extracellular;plasma_membrane;vesicle,3
Q9UKG1,APPL1,cell junction;cytosol;endosome;extracellular;nucleus;plasma_membrane;synapse;vesicle,8
Q7L7V1-2,DHX32,mitochondrion;nucleus,2
Q8TDB6,DTX3L,cytosol;endosome;lysosome;nucleus;vesicle,5
Q9NYY8-2,FASTKD2,mitochondrion,1
Q8NEE6-2,FBXL13,cytoskeleton;cytosol;plasma_membrane,3
Q8TE60,ADAMTS18,extracellular,1
Q14155-1,ARHGEF7,cell junction;cytoskeleton;cytosol;plasma_membrane;synapse,5
P52630,STAT2,cytosol;nucleus;plasma_membrane,3
Q9H3U1-2,UNC45A,cytosol;golgi;nucleus,3
O94782,USP1,cytosol;nucleus,2
Q9UHP3-1,USP25,cytosol;endoplasmic_reticulum;nucleus,3
Q96JC1-2,VPS39,endosome;lysosome;vesicle,3
Q86VM9-2,ZC3H18,nucleus,1
Q9HBF4,ZFYVE1,endoplasmic_reticulum;golgi;mitochondrion;nucleus,4
Q86WZ6,ZNF227,nucleus,1
Q96JM2-2,ZNF462,nucleus,1
Q8TDY4-3,ASAP3,cell junction;cytosol;nucleus;plasma_membrane,4
Q93034,CUL5,cytosol;nucleus,2
Q9Y6K1,DNMT3A,nucleus,1
Q08379,GOLGA2,cytoskeleton;er_golgi_intermediate;golgi;vesicle,4
Q9UL03-3,INTS6,cytoskeleton;nucleus,2
Q9UPW5,AGTPBP1,cytoskeleton;cytosol;mitochondrion;nucleolus;nucleus,5
O00160,MYO1F,cytoskeleton;cytosol;plasma_membrane,3
Q9NZ94-2,NLGN3,cell junction;er_golgi_intermediate;plasma_membrane;synapse;vesicle,5
Q8N6Y1,PCDH20,plasma_membrane,1
Q68EM7,ARHGAP17,cell junction;cytosol;plasma_membrane,3
Q68CR1-2,SEL1L3,nucleus,1
Q8IW52,SLITRK4,cell junction;plasma_membrane;synapse,3
Q8N0Z3,SPICE1,cytoskeleton;plasma_membrane,2
P55056,APOC4,extracellular,1
Q9NWQ9,C14orf119,mitochondrion,1
Q16661,GUCA2B,extracellular;vesicle,2
P49773,HINT1,cytoskeleton;cytosol;extracellular;nucleus;plasma_membrane;vesicle,6
Q969E1,LEAP2,extracellular,1
Q96LL3-2,C16orf92,plasma_membrane,1
Q5U5X0,LYRM7,mitochondrion,1
Q9BTT4,MED10,nucleus,1
Q86TS9,MRPL52,mitochondrion,1
O15235,MRPS12,mitochondrion,1
Q6UY27,PATE2,extracellular,1
P02776,PF4,extracellular;vesicle,2
P60673,PFN3,cytoskeleton;nucleus,2
P10082-2,PYY,extracellular,1
P61927,RPL37,cytosol,1
A6NFY7,SDHAF1,mitochondrion,1
Q6PDA7,SPAG11A,extracellular,1
A6NNF4-2,ZNF726,nucleus,1
P10147,CCL3,cytosol;extracellular,2
P16619,CCL3L1,extracellular,1
Q8TDM0-3,BCAS4,cytosol,1
P55773,CCL23,extracellular,1
Q6UWJ8-2,CD164L2,vesicle,1
Q5W186,CST9,extracellular,1
Q8TBM8-2,DNAJB14,endoplasmic_reticulum;nucleus,2
Q96D98,EID2B,nucleus,1
Q8N5X7-2,EIF4E3,cytosol,1
O14944,EREG,extracellular;plasma_membrane;vesicle,3
Q96T91,GPHA2,extracellular,1
O14558,HSPB6,cytosol;extracellular;golgi;nucleolus;nucleus,5
Q9BQS6,HSPB9,cytosol;nucleus,2
P51460,INSL3,extracellular,1
Q4KN05,KLRF1,plasma_membrane,1
Q6UWW0,LCN15,extracellular,1
Q8N9F0,NAT8L,endoplasmic_reticulum;mitochondrion;nucleus,3
O14561,NDUFAB1,mitochondrion,1
P62487,POLR2G,nucleus,1
Q5GAN3,RNASE13,extracellular,1
P61254,RPL26,cytosol;extracellular;nucleolus;nucleus;vesicle,5
Q99954,SMR3A,extracellular,1
Q8TDM5,SPACA4,extracellular;plasma_membrane;vesicle,3
Q9H7L9,SUDS3,nucleus,1
A2RUT3,TMEM89,nucleus,1
Q2NL98,VMAC,cytoskeleton,1
Q9H1P6,C20orf85,plasma_membrane,1
P18509,ADCYAP1,extracellular;plasma_membrane,2
P35318,ADM,extracellular;vesicle,2
Q49AH0-2,CDNF,endoplasmic_reticulum;extracellular,2
Q86UN6,AKAP14,cytoskeleton;plasma_membrane,2
Q9NY25,CLEC5A,cytosol;plasma_membrane;vesicle,3
Q96F85-2,CNRIP1,plasma_membrane,1
Q9UBI1,COMMD3,endosome;extracellular;nucleus;vesicle,4
Q9H0A8,COMMD4,cytosol;endosome;nucleus;plasma_membrane;vesicle,5
A6NMK7,CPSF4L,nucleus,1
P07315,CRYGC,nucleus,1
Q2TAP0,GOLGA7B,golgi;plasma_membrane,2
Q16774,GUK1,cytosol;mitochondrion,2
P01570,IFNA14,extracellular,1
P01563,IFNA2,extracellular,1
P01569,IFNA5,extracellular,1
P32881,IFNA8,extracellular,1
Q8TAC2,JOSD2,cytosol,1
P31025,LCN1,extracellular,1
Q9NUP9,LIN7C,cell junction;plasma_membrane;synapse,3
Q96E66,LRTOMT,cytoskeleton;endoplasmic_reticulum;plasma_membrane,3
Q86Y78,LYPD6,cell junction;extracellular;plasma_membrane;synapse,4
Q9ULX9,MAFF,mitochondrion;nucleus,2
Q9BXW4,MAP1LC3C,cytoskeleton;cytosol;vesicle,3
Q8WWY6,MBD3L1,nucleus,1
Q96NT1,NAP1L5,nucleus,1
P51970,NDUFA8,mitochondrion,1
Q9UMX5,NENF,endoplasmic_reticulum;extracellular;mitochondrion,3
Q9NY56,OBP2A,extracellular,1
O75594,PGLYRP1,extracellular;vesicle,2
Q9BX93,PLA2G12B,extracellular,1
O95997,PTTG1,cytosol;nucleus,2
Q9NP90,RAB9B,cytosol;endosome;lysosome;plasma_membrane;vesicle,5
Q96H35,RBM18,cytosol;nucleus,2
Q9BX46,RBM24,cytosol;nucleus,2
Q9H1E1,RNASE7,extracellular,1
Q8NBT2,SPC24,cytosol;nucleolus;nucleus,3
Q9UBC9,SPRR3,cytosol;extracellular;golgi;plasma_membrane;vesicle,5
P84103,SRSF3,nucleus,1
Q5BJF2,TMEM97,endoplasmic_reticulum;lysosome;nucleus;plasma_membrane,4
Q6P589,TNFAIP8L2,lysosome;nucleus,2
Q6UXN7,TOMM20L,mitochondrion,1
P62837,UBE2D2,cytosol;extracellular;nucleus;vesicle,4
Q8N8Y5,ZFP41,nucleus,1
P56750,CLDN17,cell junction;plasma_membrane,2
Q8N6F1-2,CLDN19,cell junction;plasma_membrane,2
Q9HD36,BCL2L10,cytoskeleton;cytosol;endoplasmic_reticulum;mitochondrion;nucleus,5
Q8WTT0-2,CLEC4C,plasma_membrane;vesicle,2
P67870,CSNK2B,cytosol;extracellular;nucleolus;nucleus;vesicle,5
Q19T08,ECSCR,cytosol;plasma_membrane,2
P52803,EFNA5,plasma_membrane,1
A8MTA8-2,FAM166B,cytoskeleton;plasma_membrane,2
P01567,IFNA7,extracellular,1
Q6ZUX7,LHFPL2,plasma_membrane;vesicle,2
Q6ZN17,LIN28B,cytosol;nucleolus;nucleus,3
Q9HAP6,LIN7B,cell junction;plasma_membrane;synapse,3
Q70IA6,MOB2,cytosol;nucleolus;nucleus,3
Q9NPE2,NGRN,extracellular;mitochondrion;nucleus,3
Q9UKK9,NUDT5,cytosol;extracellular;nucleus;vesicle,4
Q5SGD2,PPM1L,endoplasmic_reticulum;extracellular;nucleus;vesicle,4
Q9ULW5,RAB26,cell junction;endosome;golgi;plasma_membrane;synapse;vesicle,6
Q9H082,RAB33B,endosome;golgi;vesicle,3
Q86YS6,RAB43,endoplasmic_reticulum;er_golgi_intermediate;extracellular;golgi;nucleus;vesicle,6
Q06609,RAD51,cell junction;cytoskeleton;cytosol;mitochondrion;nucleolus;nucleus;synapse,7
P11233,RALA,cell junction;extracellular;mitochondrion;plasma_membrane;vesicle,5
Q5GAN6,RNASE10,extracellular,1
Q8N8N0,RNF152,lysosome,1
Q5H9L2,TCEAL5,nucleus,1
Q7RTU1,TCF23,nucleus,1
Q5JR98,TCTEX1D4,cytoskeleton;nucleus;plasma_membrane;vesicle,4
Q8NEA5,C19orf18,extracellular;vesicle,2
Q13938,CAPS,cytosol;vesicle,2
P10747,CD28,cytosol;plasma_membrane,2
Q5VXU3-2,CHIC1,plasma_membrane;vesicle,2
P30040,ERP29,endoplasmic_reticulum;plasma_membrane;vesicle,3
P38117,ETFB,mitochondrion,1
P55107,GDF10,extracellular,1
Q5TC63,GRTP1,plasma_membrane,1
P56915,GSC,nucleus,1
P0CG30,GSTT2B,cytosol;extracellular;nucleus;vesicle,4
P09016,HOXD4,nucleus,1
Q8NHY5,HUS1B,nucleus,1
O60725,ICMT,endoplasmic_reticulum;nucleus,2
P08833,IGFBP1,endoplasmic_reticulum;extracellular;golgi,3
P29459,IL12A,endoplasmic_reticulum;endosome;extracellular;vesicle,4
P56270,MAZ,nucleus,1
A4D2B0,MBLAC1,cytosol;nucleus,2
Q9GZY8-2,MFF,cell junction;mitochondrion;peroxisome;synapse;vesicle,5
Q9NRE1,MMP26,extracellular,1
Q15116,PDCD1,plasma_membrane,1
P01189,POMC,extracellular;vesicle,2
Q8NF86,PRSS33,extracellular,1
Q86Z23,C1QL4,cell junction;extracellular;synapse,3
A4D1T9,PRSS37,extracellular;nucleus;vesicle,3
Q5HYI8,RABL3,cytoskeleton;golgi,2
Q8IUW5,RELL1,plasma_membrane,1
Q8TC41,RNF217,cytosol,1
P18124,RPL7,cell junction;cytosol;nucleolus;nucleus;synapse,5
P21912,SDHB,mitochondrion,1
Q8IZU3,SYCP3,nucleus,1
Q5T1C6,THEM4,cytosol;mitochondrion;plasma_membrane,3
Q9BUB7-2,TMEM70,mitochondrion,1
Q5H913,ARL13A,plasma_membrane,1
P32971,TNFSF8,extracellular;plasma_membrane,2
Q96A56,TP53INP1,cytosol;nucleus;vesicle,3
A1L157,TSPAN11,plasma_membrane,1
P68543,UBXN2A,cytosol;endoplasmic_reticulum;golgi;nucleus;plasma_membrane,5
Q9BZX2,UCK2,cytosol,1
Q9BZM6,ULBP1,endoplasmic_reticulum;extracellular;plasma_membrane,3
O00322-2,UPK1A,endoplasmic_reticulum;extracellular;plasma_membrane;vesicle,4
Q9NZC7-2,WWOX,cytosol;golgi;lysosome;mitochondrion;nucleus,5
Q9UF02,CACNG5,cell junction;plasma_membrane;synapse,3
Q8ND76-2,CCNY,nucleolus;nucleus;plasma_membrane,3
Q8N7R7-3,CCNYL1,plasma_membrane,1
P56856-2,CLDN18,cell junction;plasma_membrane,2
Q2HXU8-2,CLEC12B,plasma_membrane,1
Q9UHY7,ENOPH1,cytosol;nucleus,2
Q6X9E4,FBXW12,cytosol,1
O60812,HNRNPCL1,nucleus,1
Q9UK53-2,ING1,nucleus,1
Q9ULR0-1,ISY1,nucleus,1
Q96MP8-2,KCTD7,cytosol;plasma_membrane,2
Q5BKY1,LRRC10,cytoskeleton;nucleus,2
Q5SQ64,LY6G6F,plasma_membrane;vesicle,2
Q96PG2,MS4A10,plasma_membrane,1
Q96DP5,MTFMT,mitochondrion,1
P22392-2,NME1-NME2,cytosol,1
P53384-2,NUBP1,cytoskeleton;cytosol;nucleus;plasma_membrane,4
Q8NHC4,OR10J5,plasma_membrane,1
Q8NGF9,OR4X2,plasma_membrane,1
Q96RB7,OR5M11,plasma_membrane,1
Q8NGP4,OR5M3,plasma_membrane,1
Q8NGP6,OR5M8,plasma_membrane,1
Q8NGE1,OR6C4,plasma_membrane,1
Q8NGM8,OR6M1,plasma_membrane,1
P57721-2,PCBP3,cytosol;extracellular;nucleus;vesicle,4
Q5T2R2-3,PDSS1,mitochondrion,1
P28062-2,PSMB8,cytosol;extracellular;nucleus;vesicle,4
Q96S21,RAB40C,cell junction;cytosol;endosome;golgi;plasma_membrane;synapse;vesicle,7
Q9UKM9-2,RALY,nucleus,1
Q495C1-4,RNF212,nucleus,1
Q8WYR4,RSPH1,cytoskeleton;cytosol;nucleus;plasma_membrane,4
Q8N3Y7,SDR16C5,endoplasmic_reticulum;nucleus,2
Q9H6Q3,SLA2,cytosol;endosome;plasma_membrane;vesicle,4
Q96A28,SLAMF9,plasma_membrane,1
Q3KQZ1,SLC25A35,mitochondrion,1
Q6Q0C1,SLC25A47,mitochondrion,1
Q5MJ68,SPDYC,nucleus,1
Q9H4F1,ST6GALNAC4,golgi,1
Q6IMI4,SULT6B1,cytosol,1
P59542,TAS2R19,plasma_membrane,1
P59544,TAS2R50,plasma_membrane,1
E2QRJ2,TBXA2R,nucleus;plasma_membrane,2
P0CV98,TSPY3,nucleus,1
Q6GPH4-2,XAF1,cytosol;mitochondrion;nucleus,3
P33681,CD80,plasma_membrane,1
Q6UXB4,CLEC4G,plasma_membrane,1
Q8IUH2,CREG2,extracellular,1
O94760,DDAH1,cytosol;extracellular;vesicle,3
P08246,ELANE,cytosol;extracellular;lysosome;nucleus;plasma_membrane;vesicle,6
Q6P2I3,FAHD2B,mitochondrion,1
Q6ZTR7,FAM92B,cytoskeleton;plasma_membrane,2
Q93070,ART4,extracellular;plasma_membrane,2
Q9H1A3,METTL9,endoplasmic_reticulum;mitochondrion,2
Q3SYC2,MOGAT2,endoplasmic_reticulum;nucleus,2
Q9H209,OR10A4,plasma_membrane,1
Q9UGF7,OR12D3,plasma_membrane,1
Q8NGS8,OR13C5,plasma_membrane,1
Q8NGT2,OR13J1,plasma_membrane,1
Q9Y585,OR1A2,plasma_membrane,1
Q6IF42,OR2A2,plasma_membrane,1
A4D2G3,OR2A25,plasma_membrane,1
Q9Y2C3,B3GALT5,endoplasmic_reticulum;golgi,2
Q5TZ20,OR2G6,plasma_membrane,1
Q8NGZ9,OR2T10,plasma_membrane,1
Q8NGJ1,OR4D6,plasma_membrane,1
Q8TCB6,OR51E1,plasma_membrane,1
Q8NH76,OR56B4,plasma_membrane,1
O95222,OR6A2,plasma_membrane,1
O95007,OR6B1,plasma_membrane,1
Q10588,BST1,extracellular;plasma_membrane;vesicle,3
Q8NGY5,OR6N1,plasma_membrane,1
Q15622,OR7A5,plasma_membrane,1
Q9Y6M0-2,PRSS21,extracellular;plasma_membrane,2
Q9Y388,RBMX2,nucleolus;nucleus,2
Q86VD7,SLC25A42,mitochondrion;nucleus,2
Q9GZV3,SLC5A7,cell junction;endosome;plasma_membrane;synapse;vesicle,5
O15370,SOX12,nucleus,1
Q5HYK3,COQ5,mitochondrion,1
P05062,ALDOB,cytoskeleton;cytosol;extracellular;vesicle,4
Q6UUV7-3,CRTC3,cytosol;nucleus,2
Q08257,CRYZ,cytosol;extracellular;mitochondrion;vesicle,4
Q1HG44,DUOXA2,cytosol;endoplasmic_reticulum;nucleus;plasma_membrane,4
Q6ZQY3,GADL1,cytosol,1
A0PJZ3,GXYLT2,plasma_membrane,1
Q8N7C0,LRRC52,plasma_membrane,1
Q96I13,ABHD8,extracellular;vesicle,2
Q11130,FUT7,golgi,1
P52951,GBX2,nucleus,1
Q6B0J5,HFE,endosome;extracellular;nucleus;plasma_membrane;vesicle,5
Q9Y662,HS3ST3B1,golgi;plasma_membrane,2
P14061,HSD17B1,cytosol,1
Q01344-2,IL5RA,extracellular;plasma_membrane,2
Q9NX62,IMPAD1,cytosol;golgi;nucleus,3
Q96CX2,KCTD12,cell junction;plasma_membrane;synapse,3
P18627,LAG3,extracellular;plasma_membrane,2
Q6JVE5,LCN12,extracellular,1
P52961,ART1,endoplasmic_reticulum;nucleus;plasma_membrane,3
Q6ZSA7,LRRC55,plasma_membrane,1
P33908,MAN1A1,endoplasmic_reticulum;er_golgi_intermediate;extracellular;golgi;vesicle,5
F5H7Q8,MICB,extracellular;plasma_membrane,2
Q147X3-2,NAA30,cytosol;nucleus,2
Q8NFA2-3,NOXO1,plasma_membrane,1
Q8NGN2,OR10S1,plasma_membrane,1
Q8NGR1,OR13A1,plasma_membrane,1
Q6IF00,OR2T2,plasma_membrane,1
Q8NH56,OR52N5,plasma_membrane,1
Q8NGR4,OR5C1,plasma_membrane,1
Q86WC4,OSTM1,cytosol;lysosome,2
Q9H999,PANK3,cytosol;nucleus,2
Q13761,RUNX3,cytosol;nucleolus;nucleus,3
O00767,SCD,endoplasmic_reticulum;nucleus,2
Q9H0F6-2,SHARPIN,cell junction;cytosol;synapse,3
Q13336,SLC14A1,plasma_membrane,1
Q96QE2,SLC2A13,golgi;plasma_membrane,2
Q9H425,C1orf198,cytosol,1
Q15599-2,SLC9A3R2,cell junction;extracellular;nucleus;plasma_membrane;vesicle,5
Q92485-2,SMPDL3B,extracellular;plasma_membrane;vesicle,3
Q5JUK2-2,SOHLH1,nucleus,1
Q6PJ21,SPSB3,cytosol;nucleus,2
B2RNN3,C1QTNF9B,extracellular,1
P59533,TAS2R38,plasma_membrane,1
Q8IYX1,TBC1D21,cytoskeleton;extracellular;plasma_membrane;vesicle,4
Q2TAL6,VWC2,extracellular;plasma_membrane,2
Q9Y2T7,YBX2,nucleus,1
Q8NCA9,ZNF784,nucleus,1
Q15762,CD226,plasma_membrane,1
Q8NET6,CHST13,golgi,1
O95864,FADS2,endoplasmic_reticulum;nucleus;plasma_membrane,3
Q9BR61,ACBD6,cytosol;nucleus,2
Q96EY9,ADAT3,nucleus,1
Q16663,CCL15,extracellular,1
P19397,CD53,cell junction;extracellular;plasma_membrane;synapse;vesicle,5
Q9BT30,ALKBH7,mitochondrion,1
Q92989,CLP1,cytosol;nucleus,2
Q9GZQ3,COMMD5,cytosol;endosome;nucleus;vesicle,4
P09919-2,CSF3,extracellular;lysosome;vesicle,3
Q9H3Z4-2,DNAJC5,cell junction;cytosol;lysosome;mitochondrion;plasma_membrane;synapse;vesicle,7
O75937,DNAJC8,nucleus,1
Q5VUJ9-2,EFCAB2,cytoskeleton;plasma_membrane,2
Q92914,FGF11,nucleus,1
Q14691,GINS1,nucleus,1
P47775,GPR12,plasma_membrane,1
Q5SZJ8-3,BEND6,nucleus,1
Q96HZ4,HES6,nucleus,1
P31273,HOXC8,nucleus,1
P01112,HRAS,cell junction;cytosol;endoplasmic_reticulum;golgi;nucleus;plasma_membrane;synapse,7
P80188-2,LCN2,endoplasmic_reticulum;extracellular;vesicle,3
A1Z1Q3-4,MACROD2,nucleolus;nucleus,2
P49137,MAPKAPK2,cytosol;extracellular;nucleus;vesicle,4
A2RUP7,MCCD1,mitochondrion,1
Q9NX70,MED29,nucleus,1
Q5JS37,NHLRC3,extracellular;lysosome;vesicle,3
A0PG75,PLSCR5,plasma_membrane,1
Q6BDI9,REP15,endosome;vesicle,2
Q8NDY6,BHLHE23,nucleus,1
P35268,RPL22,cell junction;cytosol;extracellular;nucleus;vesicle,5
O14745,SLC9A3R1,cytoskeleton;extracellular;plasma_membrane;vesicle,4
Q9Y5K1-2,SPO11,nucleus,1
P43308,SSR2,endoplasmic_reticulum;nucleus,2
Q8TC36,SUN5,cytoskeleton;golgi;nucleus,3
Q7Z7N9,TMEM179B,lysosome;nucleus;plasma_membrane;vesicle,4
B2RUY7,VWC2L,cell junction;extracellular;plasma_membrane;synapse,4
Q8NCK3,ZNF485,nucleus,1
Q6UXQ4,C2orf66,extracellular,1
Q96N11-2,C7orf26,nucleus,1
P57796-2,CABP4,cell junction;cytosol;extracellular;plasma_membrane;synapse,5
O95076,ALX3,nucleus,1
P48729,CSNK1A1,cytoskeleton;cytosol;nucleus;plasma_membrane,4
Q8N8Y2,ATP6V0D2,endosome;extracellular;lysosome;plasma_membrane;vesicle,5
O76075,DFFB,cytosol;nucleolus;nucleus,3
O00115,DNASE2,extracellular;lysosome;vesicle,3
Q15768,EFNB3,cell junction;plasma_membrane;synapse,3
P19526,FUT1,golgi;plasma_membrane,2
P21217,FUT3,extracellular;golgi;vesicle,3
P11488,GNAT1,cytosol;plasma_membrane,2
P30550,GRPR,plasma_membrane,1
Q96MB7,HARBI1,cytosol;nucleus;plasma_membrane,3
Q9Y278,HS3ST2,golgi,1
P08887-2,IL6R,extracellular;plasma_membrane,2
Q13303-2,KCNAB2,cell junction;cytoskeleton;cytosol;plasma_membrane;synapse;vesicle,6
P30533,LRPAP1,endoplasmic_reticulum;endosome;er_golgi_intermediate;extracellular;golgi;plasma_membrane;vesicle,7
Q8N987,NECAB1,cytosol;nucleus,2
E9PF96,NFYC,nucleus,1
Q96S42,NODAL,extracellular,1
P49146,NPY2R,plasma_membrane,1
Q6IF63,OR52W1,plasma_membrane,1
P00480,OTC,mitochondrion,1
P47900,P2RY1,cell junction;plasma_membrane;synapse,3
P27169,PON1,endoplasmic_reticulum;extracellular;nucleus;vesicle,4
P22891-2,PROZ,endoplasmic_reticulum;extracellular;golgi;vesicle,4
Q8TDU9,RXFP4,plasma_membrane,1
Q6ZMJ2-2,SCARA5,plasma_membrane,1
Q9UIV8,SERPINB13,cytosol;extracellular;lysosome;nucleus;vesicle,5
Q1EHB4-2,SLC5A12,extracellular;nucleus;plasma_membrane;vesicle,4
Q8TDR2,STK35,nucleolus;nucleus,2
P53597,SUCLG1,mitochondrion,1
P25103,TACR1,endosome;plasma_membrane;vesicle,3
Q4KMQ1,TPRN,nucleus;plasma_membrane,2
Q9Y228-3,TRAF3IP3,endoplasmic_reticulum;golgi;lysosome;mitochondrion;nucleus;plasma_membrane,6
Q96RU8,TRIB1,cytosol;nucleus,2
P43897,TSFM,mitochondrion;nucleus,2
Q9H3M7,TXNIP,cytosol;nucleus,2
Q2T9J0,TYSND1,cytosol;peroxisome,2
Q9Y2C2,UST,golgi,1
Q86VN1-2,VPS36,cytosol;endosome;extracellular;lysosome;nucleus;plasma_membrane;vesicle,7
Q86VZ2,WDR5B,nucleus,1
P04628,WNT1,endoplasmic_reticulum;extracellular;golgi;plasma_membrane;vesicle,5
Q9UBV4,WNT16,extracellular,1
O95159,ZFPL1,golgi;nucleus,2
P35218,CA5A,mitochondrion,1
Q00532,CDKL1,extracellular;nucleus;plasma_membrane;vesicle,4
Q9GZX3,CHST6,golgi,1
Q562R1,ACTBL2,cell junction;cytoskeleton;extracellular;nucleus;plasma_membrane;synapse;vesicle,7
Q12950,FOXD4,nucleus,1
Q96KE9-2,BTBD6,cytosol,1
Q92949,FOXJ1,nucleus,1
Q02742,GCNT1,golgi;nucleus,2
Q8NHS2,GOT1L1,cytosol,1
P41235-2,HNF4A,nucleus,1
O14920,IKBKB,cytosol;nucleus;plasma_membrane,3
Q96PC2,IP6K3,cytosol;nucleus,2
Q8WWN9-2,IPCEF1,plasma_membrane,1
P48051,KCNJ6,golgi;plasma_membrane,2
Q13477,MADCAM1,plasma_membrane,1
P36507,MAP2K2,cell junction;cytoskeleton;cytosol;endoplasmic_reticulum;endosome;extracellular;golgi;mitochondrion;nucleus;peroxisome;plasma_membrane;vesicle,12
Q05BQ5,MBTD1,nucleus,1
Q8IVS2,MCAT,mitochondrion,1
Q6NVV3,NIPAL1,golgi,1
Q99983,OMD,extracellular;golgi;lysosome;vesicle,4
P35372-10,OPRM1,endoplasmic_reticulum;endosome;golgi;plasma_membrane;vesicle,5
Q8IYS1,PM20D2,nucleus,1
Q7Z6Z6,PNPLA5,cytosol,1
Q9UQ74,PSG8,extracellular,1
P13631,RARG,nucleus,1
A6NED2,RCCD1,cytosol;nucleus;plasma_membrane,3
Q5TGW6,RCSD1,cytoskeleton;endosome;vesicle,3
Q9UDX4,SEC14L3,extracellular;vesicle,2
Q86WD7-5,SERPINA9,extracellular,1
O00624-2,SLC17A2,plasma_membrane,1
Q5M8T2,SLC35D3,cell junction;endoplasmic_reticulum;endosome;golgi;nucleus;synapse;vesicle,7
P08621,SNRNP70,lysosome;nucleus,2
O43173,ST8SIA3,golgi,1
Q9NS68-2,TNFRSF19,plasma_membrane,1
Q6ZVM7,TOM1L2,endosome;extracellular;vesicle,3
Q9H0U9,TSPYL1,nucleolus;nucleus,2
Q8N831,TSPYL6,nucleus,1
Q9H1J1-2,UPF3A,cytosol;nucleolus;nucleus,3
Q99986,VRK1,cytosol;golgi;nucleolus;nucleus,4
Q86XK7,VSIG1,plasma_membrane,1
P41597,CCR2,plasma_membrane,1
O75554,WBP4,nucleus,1
Q9H6Y2,WDR55,nucleolus;nucleus,2
B2RXF5,ZBTB42,nucleus,1
Q8N8L2,ZNF491,nucleus,1
Q6ZNC4,ZNF704,nucleus,1
Q8WWF5,ZNRF4,endoplasmic_reticulum;nucleus,2
Q8TCW7-2,ZPLD1,extracellular;plasma_membrane;vesicle,3
Q9UQ88-2,CDK11A,cytosol;nucleus,2
Q9Y6M4-2,CSNK1G3,nucleus;plasma_membrane,2
O43323,DHH,endoplasmic_reticulum;extracellular;golgi;nucleus;plasma_membrane,5
Q6UWV6,ENPP7,golgi;plasma_membrane,2
Q9UBU6,FAM8A1,endoplasmic_reticulum;nucleus,2
P22830-2,FECH,mitochondrion,1
Q9BQL6,FERMT1,cell junction;cytoskeleton;cytosol;plasma_membrane,4
Q6UXT9,ABHD15,extracellular,1
Q96NS5,ASB16,cytosol,1
Q5SZQ8-2,CELF3,nucleus,1
Q9BU40,CHRDL1,endoplasmic_reticulum;extracellular,2
Q9Y215-2,COLQ,cell junction;extracellular;plasma_membrane;synapse,4
P41240,CSK,cytosol;extracellular;plasma_membrane;vesicle,4
Q5TCH4,CYP4A22,endoplasmic_reticulum;extracellular;nucleus,3
Q5T6F0,DCAF12,cytoskeleton;cytosol;nucleus,3
O95429,BAG4,cytosol;nucleus;plasma_membrane,3
Q96M96,FGD4,cytoskeleton;cytosol;golgi;plasma_membrane,4
P11487,FGF3,extracellular,1
P55075-2,FGF8,extracellular,1
Q9BYC5,FUT8,extracellular;golgi;vesicle,3
P18507,GABRG2,cell junction;plasma_membrane;synapse;vesicle,4
Q6B0K9,HBM,cytosol,1
P28335,HTR2C,plasma_membrane,1
P83105,HTRA4,extracellular,1
Q5T764,IFIT1B,cytosol,1
Q15051-2,IQCB1,cytoskeleton;cytosol;extracellular;plasma_membrane;vesicle,5
Q6NXR0,IRGC,mitochondrion;plasma_membrane,2
P47929,LGALS7B,extracellular;nucleus;vesicle,3
Q5I7T1,ALG10B,endoplasmic_reticulum;nucleus;plasma_membrane,3
Q86X45-2,LRRC6,cytosol;plasma_membrane,2
Q9UBC0,ONECUT1,nucleus,1
Q14982,OPCML,cell junction;extracellular;plasma_membrane;synapse,4
P01178,OXT,extracellular;vesicle,2
O15496,PLA2G10,extracellular;lysosome;vesicle,3
Q9Y478,PRKAB1,cytosol;endoplasmic_reticulum;nucleus,3
Q86VV4,RANBP3L,nucleus,1
Q96ER3,SAAL1,nucleus,1
Q9Y286-2,SIGLEC7,plasma_membrane,1
Q8NCK7,SLC16A11,endoplasmic_reticulum;nucleus;plasma_membrane,3
Q5H9L4-2,TAF7L,nucleus,1
Q9NQB0-10,TCF7L2,nucleus,1
Q01085,TIAL1,cytosol;lysosome;nucleus,3
Q6B0B8,TIGD3,nucleus,1
P57727-5,TMPRSS3,endoplasmic_reticulum;nucleus,2
Q7Z4G4-2,TRMT11,mitochondrion,1
P32241,VIPR1,plasma_membrane,1
Q6PP77,XKRX,plasma_membrane,1
Q9Y330,ZBTB12,nucleus,1
Q15915,ZIC1,nucleus,1
Q96BR6,ZNF669,nucleus,1
P07360,C8G,extracellular;plasma_membrane;vesicle,3
Q16204,CCDC6,cytoskeleton;cytosol,2
Q92903,CDS1,endoplasmic_reticulum;nucleus,2
P17787,CHRNB2,cell junction;plasma_membrane;synapse,3
Q14097,CYP2B6,endoplasmic_reticulum;nucleus,2
O75881,CYP7B1,endoplasmic_reticulum;nucleus,2
Q9UNU6,CYP8B1,endoplasmic_reticulum;nucleus,2
Q9NUL7,DDX28,mitochondrion;nucleolus;nucleus,3
Q6NXE6-2,ARMC6,cytosol,1
Q8N461,FBXL16,cytosol,1
Q7Z7M9,GALNT5,golgi,1
P47871,GCGR,plasma_membrane,1
Q9HCP6,HHATL,endoplasmic_reticulum;nucleus,2
Q2M3T9,HYAL4,lysosome;vesicle,2
Q96LB3-2,IFT74,cytoskeleton;golgi;plasma_membrane;vesicle,4
Q86SU0-2,ILDR1,cell junction;cytosol;plasma_membrane,3
Q9Y5Q6,INSL5,extracellular,1
Q9H8X2,IPPK,cytosol;nucleolus;nucleus,3
Q16322,KCNA10,plasma_membrane,1
Q7RTS1,BHLHA15,nucleus,1
P83111,LACTB,mitochondrion,1
Q9UBM8,MGAT4C,golgi,1
P51513-4,NOVA1,nucleolus;nucleus,2
Q8NG41,NPB,extracellular,1
Q9HBE1-2,PATZ1,nucleus,1
O95861,BPNT1,cytosol;mitochondrion,2
Q9NVN3-1,RIC8B,cytoskeleton;cytosol;plasma_membrane,3
O43148-2,RNMT,nucleolus;nucleus,2
O95136,S1PR2,plasma_membrane,1
Q8TDB8-2,SLC2A14,nucleus;plasma_membrane,2
Q9NWM0-2,SMOX,cytosol;nucleus,2
P51687,SUOX,mitochondrion,1
P07101-3,TH,cell junction;cytosol;endoplasmic_reticulum;nucleus;plasma_membrane;synapse;vesicle,7
Q9UPY6,WASF3,cytoskeleton;extracellular;plasma_membrane;vesicle,4
Q8WTX9,ZDHHC1,endoplasmic_reticulum;endosome;extracellular;golgi;nucleus;vesicle,6
Q86Y25,ZNF354C,nucleus,1
P54284,CACNB3,cytosol;plasma_membrane,2
Q8IXS2-2,CCDC65,cytoskeleton;plasma_membrane,2
Q9UNI1,CELA1,extracellular,1
P08173,CHRM4,cell junction;plasma_membrane;synapse,3
Q8WYK0,ACOT12,cytosol,1
Q9H4B8,DPEP3,plasma_membrane;vesicle,2
Q8TE96-2,DQX1,nucleus,1
Q9HB96,FANCE,cytosol;nucleus,2
Q96NZ1,FOXN4,nucleus,1
Q8N878,FRMD1,cell junction;plasma_membrane,2
Q6MZW2-3,FSTL4,extracellular,1
Q9ULW2,FZD10,extracellular;plasma_membrane,2
P35052,GPC1,cell junction;cytosol;endosome;extracellular;golgi;lysosome;nucleus;plasma_membrane;synapse;vesicle,10
P32942,ICAM3,extracellular;plasma_membrane;vesicle,3
P20839-2,IMPDH1,cytosol;extracellular;lysosome;nucleus;vesicle,5
Q8IU81,IRF2BP1,nucleus,1
Q4G0J3,LARP7,cytosol;nucleus,2
Q5TKA1-2,LIN9,nucleus,1
Q643R3-2,LPCAT4,endoplasmic_reticulum;nucleus,2
Q4G176-2,ACSF3,mitochondrion;nucleus,2
Q8TD90,MAGEE2,nucleus,1
Q9HCI7,MSL2,nucleus,1
Q9Y5S8,NOX1,endosome;plasma_membrane;vesicle,3
Q99742,NPAS1,nucleus,1
Q15052-2,ARHGEF6,cytosol;plasma_membrane,2
Q86UY8-2,NT5DC3,mitochondrion,1
Q13492-2,PICALM,cell junction;cytosol;endosome;golgi;nucleus;plasma_membrane;synapse;vesicle,8
Q969N2,PIGT,endoplasmic_reticulum;nucleus,2
Q10713,PMPCA,extracellular;mitochondrion,2
O00592-2,PODXL,cell junction;extracellular;plasma_membrane;vesicle,4
Q86X27,RALGPS2,plasma_membrane,1
Q01201,RELB,cytoskeleton;cytosol;nucleus,3
Q16518,RPE65,endoplasmic_reticulum;nucleus;plasma_membrane,3
Q14151,SAFB2,extracellular;nucleus;vesicle,3
O95470,SGPL1,endoplasmic_reticulum;nucleus,2
Q9P270,SLAIN2,cytoskeleton;cytosol;plasma_membrane,3
Q9Y4X5,ARIH1,cytosol;nucleus,2
Q9H598,SLC32A1,cell junction;plasma_membrane;synapse;vesicle,4
Q6ZMH5,SLC39A5,extracellular;plasma_membrane;vesicle,3
Q96JT2,SLC45A3,plasma_membrane,1
Q9UHB9,SRP68,cytosol;endoplasmic_reticulum;nucleolus;nucleus,4
P08842,STS,endoplasmic_reticulum;endosome;golgi;lysosome;nucleus;plasma_membrane;vesicle,7
Q92804-2,TAF15,nucleus,1
Q9NVR7,TBCCD1,cytoskeleton,1
Q5T1B0,AXDND1,cytosol,1
Q2MV58-2,TCTN1,cytosol;plasma_membrane,2
Q9UJT2-2,TSKS,cytoskeleton,1
Q8IV45,UNC5CL,cytosol,1
Q9NZV7,ZIM2,nucleus,1
Q13398-2,ZNF211,nucleus,1
Q9UL59,ZNF214,nucleus,1
Q6AW86,ZNF324B,nucleus,1
P13682,ZNF35,nucleus,1
Q15059,BRD3,nucleus,1
Q8TF32,ZNF431,nucleus,1
Q7Z7K2,ZNF467,nucleus,1
Q9BU19-2,ZNF692,nucleolus;nucleus,2
P36508-2,ZNF76,nucleus,1
O00305,CACNB4,cell junction;cytosol;plasma_membrane;synapse,4
P30305,CDC25B,cytoskeleton;cytosol;nucleus,3
Q49MI3-2,CERKL,endoplasmic_reticulum;golgi;nucleolus;nucleus;plasma_membrane,5
Q96HN2-2,AHCYL2,cytosol,1
Q07001,CHRND,cell junction;plasma_membrane;synapse,3
O94779-2,CNTN5,extracellular;plasma_membrane,2
Q9UI47,CTNNA3,cell junction;cytoskeleton,2
P05177-2,CYP1A2,endoplasmic_reticulum;mitochondrion;nucleus,3
Q8TEB1-2,DCAF11,nucleus,1
P49748-2,ACADVL,mitochondrion,1
P16050,ALOX15,cytosol;plasma_membrane,2
P23327,HRC,endoplasmic_reticulum,1
Q9NRR6-2,INPP5E,cytoskeleton;cytosol;golgi;nucleus;plasma_membrane,5
Q8IUZ0,LRRC49,cytoskeleton,1
P26927,MST1,extracellular,1
Q99767,APBA2,cell junction;golgi;plasma_membrane;synapse,4
P07197,NEFM,cell junction;cytoskeleton;plasma_membrane;synapse,4
Q9Y4A8,NFE2L3,nucleus,1
Q8TEM1,NUP210,endoplasmic_reticulum;nucleus,2
Q99567,NUP88,cytosol;nucleus,2
Q9H158-2,PCDHAC1,plasma_membrane,1
Q6NWY9-2,PRPF40B,nucleus,1
O94906,PRPF6,nucleus,1
Q96A98,PTH2,extracellular,1
Q05209,PTPN12,cell junction;cytoskeleton;cytosol;nucleus,4
Q86YS3-2,RAB11FIP4,cytoskeleton;endosome;extracellular;plasma_membrane;vesicle,5
O75916-5,RGS9,plasma_membrane,1
Q9BYZ6,RHOBTB2,cytoskeleton;endosome;plasma_membrane;vesicle,4
Q9H1I8,ASCC2,cytosol;nucleus,2
O95969,SCGB1D2,extracellular,1
Q9GZR1-2,SENP6,cytosol;nucleus,2
Q6UW10,SFTA2,extracellular;golgi;vesicle,3
Q8TBC3,SHKBP1,lysosome,1
Q8WYL5,SSH1,cytoskeleton;plasma_membrane,2
Q9Y3M8-2,STARD13,cytosol;mitochondrion,2
Q6ZW61,BBS12,plasma_membrane,1
Q04727-2,TLE4,nucleus,1
Q13263-2,TRIM28,nucleus,1
Q01831,XPC,cytosol;mitochondrion;nucleolus;nucleus;plasma_membrane,5
Q7Z2W4-2,ZC3HAV1,cytosol;endosome;lysosome;nucleus;vesicle,5
Q8TAQ5,ZNF420,nucleus,1
Q6ZN55-2,ZNF574,nucleus,1
P09871,C1S,extracellular;plasma_membrane,2
Q9NQ75-2,CASS4,cell junction;cytoskeleton,2
Q9HBB8-2,CDHR5,cell junction;extracellular;plasma_membrane;synapse;vesicle,5
Q6UWW8,CES3,cytosol;endoplasmic_reticulum;extracellular;vesicle,4
Q86WJ1-2,CHD1L,cytosol;nucleus;plasma_membrane,3
Q9Y2V7-2,COG6,golgi;vesicle,2
Q96MY7,FAM161B,cytoskeleton,1
Q9UKA2,FBXL4,cytosol;mitochondrion;nucleus,3
P21802-10,FGFR2,cell junction;extracellular;golgi;nucleus;plasma_membrane;synapse;vesicle,7
Q86YV9,HPS6,cytosol;endosome;lysosome;vesicle,4
Q9Y258,CCL26,extracellular,1
Q13231-3,CHIT1,extracellular;lysosome;vesicle,3
Q13574-2,DGKZ,cell junction;cytosol;nucleus;plasma_membrane;synapse,5
O14531,DPYSL4,cytosol,1
Q9UBX5,FBLN5,extracellular;vesicle,2
Q9UK96,FBXO10,cytosol,1
A0PJY2,FEZF1,nucleus,1
P09958,FURIN,endoplasmic_reticulum;endosome;extracellular;golgi;plasma_membrane;vesicle,6
Q9NY28,GALNT8,golgi,1
Q9Y672,ALG6,endoplasmic_reticulum;nucleus,2
Q9UK08,GNG8,plasma_membrane,1
Q8TD30,GPT2,mitochondrion,1
Q04756,HGFAC,cytosol;endoplasmic_reticulum;extracellular,3
P04196,HRG,extracellular;plasma_membrane;vesicle,3
O60674,JAK2,cell junction;cytosol;endosome;nucleus;plasma_membrane;vesicle,6
Q9P2J3,KLHL9,cytosol,1
Q8N0V4,LGI2,extracellular,1
P28300,LOX,extracellular,1
Q6ZN28,MACC1,nucleus,1
Q8IZK6,MCOLN2,endosome;plasma_membrane;vesicle,3
Q6ZNE5,ATG14,cytoskeleton;cytosol;endoplasmic_reticulum;nucleus;plasma_membrane,5
P82933,MRPS9,mitochondrion,1
Q86VE0,MYPOP,nucleus,1
Q86W26,NLRP10,cytosol;plasma_membrane,2
P10588,NR2F6,mitochondrion;nucleus,2
Q58A45-3,PAN3,cytosol;nucleus,2
Q9UPP1-2,PHF8,nucleolus;nucleus,2
Q9H611-3,PIF1,mitochondrion;nucleus,2
Q5XKL5,BTBD8,nucleus;plasma_membrane,2
Q9UBS0,RPS6KB2,cytosol;nucleus,2
P06702,S100A9,cytoskeleton;cytosol;extracellular;nucleus;plasma_membrane;vesicle,6
P11166,SLC2A1,cytoskeleton;extracellular;golgi;plasma_membrane;vesicle,5
Q9Y2E8-2,SLC9A8,endosome;golgi;plasma_membrane;vesicle,4
O15105,SMAD7,cytosol;nucleolus;nucleus;plasma_membrane,4
P29371,TACR3,plasma_membrane,1
Q8IZW8,TNS4,cell junction;cytoskeleton;cytosol,3
Q32P41,TRMT5,mitochondrion;nucleus,2
Q3SY00,TSGA10IP,plasma_membrane,1
A6NHL2-2,TUBAL3,cytoskeleton,1
O95497,VNN1,extracellular;lysosome;plasma_membrane;vesicle,4
Q96NZ8,WFIKKN1,extracellular,1
Q96K75,ZNF514,nucleus,1
Q9ULD5-2,ZNF777,nucleus,1
Q2M329,CCDC96,cytoskeleton;plasma_membrane,2
Q92583,CCL17,extracellular,1
P78563-2,ADARB1,nucleolus;nucleus,2
O75106-2,AOC2,plasma_membrane,1
O60645-2,EXOC3,cytosol;golgi;plasma_membrane;vesicle,4
Q96PZ2,FAM111A,nucleolus;nucleus,2
O95302,FKBP9,endoplasmic_reticulum,1
Q9UJ14,GGT7,plasma_membrane,1
A7E2F4-3,GOLGA8A,golgi,1
Q3KR37,GRAMD1B,endoplasmic_reticulum;nucleus;plasma_membrane,3
O75146,HIP1R,cell junction;cytoskeleton;cytosol;plasma_membrane;synapse;vesicle,6
Q86VS8,HOOK3,cytoskeleton;golgi,2
Q96JJ6,JPH4,endoplasmic_reticulum;nucleus;plasma_membrane,3
Q03721-2,KCNC4,cell junction;plasma_membrane;synapse,3
O00522,KRIT1,cell junction;cytoskeleton;extracellular;plasma_membrane,4
O75022-2,LILRB3,plasma_membrane;vesicle,2
Q7L985,LINGO2,plasma_membrane,1
Q86X29,LSR,cell junction;extracellular;plasma_membrane;vesicle,4
Q96T17-2,MAP7D2,cytoskeleton;plasma_membrane,2
Q9UQF2,MAPK8IP1,endoplasmic_reticulum;mitochondrion;nucleus;plasma_membrane,4
P08473,MME,cell junction;endosome;extracellular;golgi;plasma_membrane;synapse;vesicle,7
O95644-2,NFATC1,cytosol;nucleus,2
Q96PH1-3,NOX5,endoplasmic_reticulum;nucleus;plasma_membrane,3
Q9H0J9,PARP12,golgi;nucleus,2
P05165-2,PCCA,cytosol;mitochondrion,2
O75167-2,PHACTR2,plasma_membrane;vesicle,2
P78562,PHEX,plasma_membrane,1
Q02809,PLOD1,endoplasmic_reticulum;extracellular;golgi;nucleus;vesicle,5
P15056,BRAF,cytosol;mitochondrion;nucleus;plasma_membrane,4
Q9H307-2,PNN,cell junction;cytoskeleton;nucleus;plasma_membrane,4
Q8WY54-2,PPM1E,nucleus,1
A2A3K4-2,PTPDC1,nucleus,1
Q6WKZ4-3,RAB11FIP1,cytosol;endosome;vesicle,3
Q8TDF6-2,RASGRP4,cytosol;nucleus;plasma_membrane,3
O75326,SEMA7A,plasma_membrane,1
Q02383,SEMG2,extracellular;nucleus;vesicle,3
P23246,SFPQ,cytosol;nucleus,2
Q96LC7-2,SIGLEC10,cytoskeleton;cytosol;extracellular;plasma_membrane,4
Q86YT5,SLC13A5,plasma_membrane,1
O95436-2,SLC34A2,cytosol;nucleus;plasma_membrane;vesicle,4
Q92911,SLC5A5,extracellular;nucleus;plasma_membrane;vesicle,4
P06681,C2,extracellular;plasma_membrane;vesicle,3
Q2M3M2,SLC5A9,extracellular;plasma_membrane;vesicle,3
Q9HAU4,SMURF2,cytosol;nucleus;plasma_membrane,3
Q9NRH2,SNRK,nucleus,1
Q9UBP0-2,SPAST,cytoskeleton;cytosol;endoplasmic_reticulum;endosome;extracellular;nucleus;plasma_membrane;vesicle,8
Q8TB22-2,SPATA20,extracellular;mitochondrion,2
Q9BVQ7,SPATA5L1,cytoskeleton;cytosol;endoplasmic_reticulum;nucleus,4
Q8TCT7-2,SPPL2B,cytoskeleton;endoplasmic_reticulum;endosome;golgi;lysosome;nucleus;plasma_membrane;vesicle,8
Q9P246,STIM2,endoplasmic_reticulum;nucleus;plasma_membrane,3
Q8IWZ8,SUGP1,nucleus,1
Q15022,SUZ12,nucleolus;nucleus,2
Q496J9,SV2C,cell junction;nucleus;plasma_membrane;synapse;vesicle,5
Q3MII6,TBC1D25,vesicle,1
Q08188,TGM3,extracellular;plasma_membrane;vesicle,3
O43548-2,TGM5,plasma_membrane,1
Q8NHX9,TPCN2,endosome;lysosome;vesicle,3
O15060,ZBTB39,nucleus,1
Q24JR0,ZFY,nucleus,1
P17039-2,ZNF30,nucleus,1
Q5JNZ3,ZNF311,nucleus,1
A6NHC0,CAPN8,golgi,1
P35612,ADD2,cell junction;cytoskeleton;cytosol;plasma_membrane;synapse;vesicle,6
P33151,CDH5,cell junction;nucleus;plasma_membrane,3
Q53ET0,CRTC2,extracellular;nucleus;vesicle,3
E9PRW7,ABTB2,nucleus,1
O95672-2,ECEL1,plasma_membrane,1
Q52LR7,EPC2,nucleus,1
Q9UBS5-2,GABBR1,cell junction;plasma_membrane;synapse,3
Q6NUI2-5,GPAT2,mitochondrion,1
Q9UKN8,GTF3C4,nucleus,1
Q86XL3-2,ANKLE2,endoplasmic_reticulum;nucleus,2
Q2M1P5,KIF7,cytoskeleton;plasma_membrane,2
Q9NVR0,KLHL11,cytosol,1
Q9ULH4,LRFN2,cell junction;plasma_membrane;synapse,3
O00339-2,MATN2,extracellular,1
Q13724,MOGS,endoplasmic_reticulum;extracellular;nucleus;vesicle,4
Q99743,NPAS2,cytosol;nucleus,2
Q9Y5I1-2,PCDHA11,plasma_membrane,1
Q9Y5H6-2,PCDHA8,plasma_membrane,1
Q9Y5F3,PCDHB1,plasma_membrane,1
Q9Y5E6,PCDHB3,plasma_membrane,1
Q9Y5G7-2,PCDHGA6,plasma_membrane,1
Q9Y5G6-2,PCDHGA7,plasma_membrane,1
Q9Y5G2-2,PCDHGB2,cytosol;plasma_membrane,2
Q9Y5F6-2,PCDHGC5,plasma_membrane,1
P00747,PLG,extracellular;plasma_membrane;vesicle,3
Q8IWW6-2,ARHGAP12,plasma_membrane,1
Q8TCS8,PNPT1,cytosol;mitochondrion,2
Q15276,RABEP1,cytosol;endosome;vesicle,3
Q8IZ41,RASEF,cytosol;endosome;golgi;lysosome;vesicle,5
Q9NYW8,RBAK,nucleus,1
P49756,RBM25,nucleus,1
Q9NZL6-2,RGL1,cytosol;plasma_membrane,2
O15041,SEMA3E,extracellular;plasma_membrane,2
Q9C0C4,SEMA4C,cell junction;extracellular;plasma_membrane;synapse;vesicle,5
Q14940,SLC9A5,cell junction;endosome;plasma_membrane;synapse;vesicle,5
Q9HCB6,SPON1,endoplasmic_reticulum;extracellular,2
Q9UPU7,TBC1D2B,cytosol;endosome;plasma_membrane;vesicle,4
Q9UP52-3,TFR2,plasma_membrane;vesicle,2
Q15399,TLR1,golgi;plasma_membrane;vesicle,3
Q9BXR5,TLR10,plasma_membrane,1
Q9P1W3,TMEM63C,endoplasmic_reticulum;lysosome;nucleus;plasma_membrane,4
B2RNG4,TRIM6-TRIM34,cytosol;mitochondrion,2
Q9Y2T1,AXIN2,cytoskeleton;cytosol;nucleus;plasma_membrane,4
Q13507,TRPC3,plasma_membrane,1
Q8NET8-2,TRPV3,lysosome;plasma_membrane,2
Q9P2K2,TXNDC16,endoplasmic_reticulum;extracellular;vesicle,3
Q9HBM0-2,VEZT,cell junction;cytosol;nucleus;plasma_membrane;vesicle,5
Q8TD16-2,BICD2,cytoskeleton;cytosol;golgi;nucleus;vesicle,5
Q9ULU4-12,ZMYND8,golgi;nucleolus;nucleus,3
Q8ND82,ZNF280C,nucleus,1
O60885,BRD4,nucleus,1
Q96PB1,CASD1,golgi,1
Q9P2I0,CPSF2,nucleus,1
Q8NEL9-2,DDHD1,cytosol,1
Q9Y2L1,DIS3,cytosol;nucleolus;nucleus,3
Q9NRI5-2,DISC1,cell junction;cytoskeleton;cytosol;er_golgi_intermediate;mitochondrion;plasma_membrane;synapse,7
Q92796-2,DLG3,cell junction;cytosol;extracellular;plasma_membrane;synapse,5
P50570-2,DNM2,cell junction;cytoskeleton;cytosol;endosome;extracellular;golgi;plasma_membrane;synapse;vesicle,9
E9PF59,DPP6,plasma_membrane,1
P01023,A2M,extracellular;vesicle,2
O00253,AGRP,extracellular;golgi,2
Q9NZ08-2,ERAP1,cytosol;endoplasmic_reticulum;extracellular;nucleus;vesicle,5
Q9NV70-2,EXOC1,cytosol;plasma_membrane;vesicle,3
Q9NZB2-4,FAM120A,cytosol;nucleus;plasma_membrane,3
P10253,GAA,extracellular;lysosome;plasma_membrane;vesicle,4
Q14697-2,GANAB,endoplasmic_reticulum;extracellular;golgi;vesicle,4
Q9Y5Q9,GTF3C3,nucleolus;nucleus,2
P38935,IGHMBP2,cytosol;nucleus;plasma_membrane,3
Q99665,IL12RB2,plasma_membrane,1
Q5T7N3,KANK4,cytoskeleton,1
Q6P1M3-2,LLGL2,cell junction;cytoskeleton;cytosol;plasma_membrane,4
Q9BQK8,LPIN3,cytosol;endoplasmic_reticulum;nucleus,3
Q96JA1-2,LRIG1,plasma_membrane,1
Q9C099-2,LRRCC1,cytoskeleton,1
Q4KMQ2,ANO6,extracellular;plasma_membrane;vesicle,3
Q9HCI5,MAGEE1,cell junction;nucleus;plasma_membrane;synapse,4
Q8IZL2,MAML2,nucleus,1
Q9UPT6,MAPK8IP3,golgi;plasma_membrane;vesicle,3
Q9UM54-1,MYO6,cytoskeleton;cytosol;endosome;extracellular;golgi;lysosome;nucleus;plasma_membrane;vesicle,9
Q9BXJ9-4,NAA15,cytosol;nucleus,2
Q76FK4-4,NOL8,nucleolus;nucleus,2
P46087-2,NOP2,nucleolus;nucleus,2
Q92636,NSMAF,cytosol,1
Q01968-2,OCRL,cytosol;endosome;golgi;lysosome;nucleus;plasma_membrane;vesicle,7
Q9NPG4,PCDH12,extracellular;plasma_membrane;vesicle,3
Q9Y5H5,PCDHA9,plasma_membrane,1
Q6VMQ6-2,ATF7IP,cytosol;nucleus,2
Q9Y5I4-2,PCDHAC2,plasma_membrane,1
Q9BVI0,PHF20,nucleus,1
O94827-2,PLEKHG5,cell junction;cytosol;plasma_membrane;vesicle,4
Q86W92-2,PPFIBP1,cell junction;cytosol;plasma_membrane;synapse,4
Q15678,PTPN14,cytoskeleton;nucleus,2
Q92729-2,PTPRU,cell junction;plasma_membrane,2
O60518,RANBP6,mitochondrion;nucleus,2
P13497-2,BMP1,extracellular;golgi,2
Q68DV7-2,RNF43,endoplasmic_reticulum;nucleus;plasma_membrane,3
Q15020,SART3,nucleus,1
Q15849,SLC14A2,plasma_membrane,1
Q8IX01-3,SUGP2,nucleus,1
P35442,THBS2,extracellular;vesicle,2
Q9P2M7,CGN,cell junction;plasma_membrane,2
O60602,TLR5,plasma_membrane,1
Q9UKU6,TRHDE,extracellular;plasma_membrane;vesicle,3
Q96RT8,TUBGCP5,cytoskeleton;cytosol,2
Q0VF96,CGNL1,cell junction,1
Q96DN2,VWCE,cytosol;extracellular;nucleus,3
P58557,YBEY,mitochondrion;nucleus,2
O00533,CHL1,extracellular;plasma_membrane;vesicle,3
Q70JA7,CHSY3,golgi,1
O75128-2,COBL,plasma_membrane,1
O75976,CPD,extracellular;plasma_membrane;vesicle,3
Q5VWQ8,DAB2IP,cytosol;plasma_membrane;vesicle,3
Q6PJP8,DCLRE1A,nucleus,1
Q07075,ENPEP,extracellular;lysosome;plasma_membrane;vesicle,4
P21709,EPHA1,plasma_membrane,1
Q08462,ADCY2,plasma_membrane,1
O60503,ADCY9,plasma_membrane,1
Q02577,NHLH2,nucleus,1
Q5T2S8,ARMC4,cytoskeleton;plasma_membrane,2
Q04721,NOTCH2,endoplasmic_reticulum;extracellular;golgi;nucleus;plasma_membrane,5
Q9HC56-2,PCDH9,cell junction;plasma_membrane;synapse,3
Q96KQ4,PPP1R13B,cytosol;nucleus;plasma_membrane,3
Q8TEU7-3,RAPGEF6,cytosol;plasma_membrane;vesicle,3
Q12872,SFSWAP,nucleus,1
O60292,SIPA1L3,cell junction;cytoskeleton;extracellular;golgi;plasma_membrane,5
Q9Y6H5-3,SNCAIP,cell junction;cytosol;nucleus;plasma_membrane;synapse;vesicle,6
P49815-2,TSC2,cell junction;cytosol;golgi;lysosome;nucleus;synapse,6
Q13107-2,USP4,cytosol;lysosome;nucleus;plasma_membrane,4
Q8NI36,WDR36,nucleolus;nucleus,2
A7E2U8,C4orf47,cytoskeleton;plasma_membrane,2
Q8IZS8-2,CACNA2D3,plasma_membrane,1
Q9BYE9,CDHR2,cell junction;extracellular;plasma_membrane;vesicle,4
P30926,CHRNB4,cell junction;plasma_membrane;synapse;vesicle,4
Q96JQ2,CLMN,cytoskeleton;nucleus,2
Q9BZ76,CNTNAP3,cell junction;extracellular;plasma_membrane;synapse,4
Q8N1I0,DOCK4,cytosol;golgi;nucleolus;nucleus;plasma_membrane,5
P98095-2,FBLN2,extracellular;vesicle,2
Q9ULG1,INO80,cytoskeleton;cytosol;nucleus,3
P23229-2,ITGA6,cell junction;plasma_membrane,2
Q9P0G3,KLK14,extracellular;vesicle,2
Q9NPJ6,MED4,nucleus,1
Q13361,MFAP5,extracellular,1
O75414-2,NME6,mitochondrion,1
Q13253,NOG,extracellular,1
Q496H8,NRN1L,extracellular;plasma_membrane,2
P49757-2,NUMB,cell junction;endosome;plasma_membrane;vesicle,4
Q96D31,ORAI1,plasma_membrane,1
Q8N2A8,PLD6,golgi;mitochondrion,2
Q96A00,PPP1R14A,cytosol;nucleus,2
P30048,PRDX3,cytosol;endosome;mitochondrion;vesicle,4
P07477,PRSS1,extracellular,1
P28074,PSMB5,cell junction;cytoskeleton;cytosol;extracellular;nucleus;synapse;vesicle,7
P51159,RAB27A,cytosol;endosome;extracellular;golgi;lysosome;plasma_membrane;vesicle,7
Q8WUD1,RAB2B,endoplasmic_reticulum;extracellular;golgi;nucleus;plasma_membrane;vesicle,6
Q9BQ08,RETNLB,extracellular,1
P83881,RPL36A,cytosol;endoplasmic_reticulum;plasma_membrane,3
P60468,SEC61B,cytosol;endoplasmic_reticulum;nucleus,3
Q6P1M0,SLC27A4,endoplasmic_reticulum;nucleus;plasma_membrane,3
Q8WW59,SPRYD4,mitochondrion;nucleus,2
Q8TCJ2,STT3B,endoplasmic_reticulum;nucleus,2
P57105,SYNJ2BP,mitochondrion,1
P48307,TFPI2,extracellular,1
A2IDD5-4,CCDC78,cytoskeleton;endoplasmic_reticulum;plasma_membrane,3
Q99727,TIMP4,extracellular,1
Q9Y3B3,TMED7,endoplasmic_reticulum;er_golgi_intermediate;golgi;nucleus;vesicle,5
P49427,CDC34,cytosol;nucleus,2
P45378-4,TNNT3,cytoskeleton;cytosol,2
Q9H0E2,TOLLIP,cytosol;endosome;extracellular;lysosome;plasma_membrane;vesicle,6
O60635,TSPAN1,extracellular;lysosome;plasma_membrane;vesicle,4
Q12999,TSPAN31,plasma_membrane,1
Q9UKI2,CDC42EP3,cytoskeleton;cytosol;plasma_membrane,3
Q8N726,CDKN2A,cytosol;mitochondrion;nucleolus;nucleus,4
Q99807-2,COQ7,mitochondrion;nucleus,2
P01040,CSTA,cytosol;extracellular;plasma_membrane,3
Q6PH85,DCUN1D2,nucleus,1
Q14213,EBI3,endoplasmic_reticulum;extracellular;plasma_membrane,3
Q13541,EIF4EBP1,cytosol;nucleus,2
O60258-2,FGF17,extracellular,1
Q9H0Q3,FXYD6,plasma_membrane,1
Q9H840,GEMIN7,cytosol;nucleus,2
Q9NPR9,GPR108,golgi,1
Q96A54,ADIPOR1,plasma_membrane,1
Q9NRZ7-2,AGPAT3,endoplasmic_reticulum;golgi;nucleus;plasma_membrane,4
Q9NVF7,FBXO28,nucleus,1
P12314,FCGR1A,endosome;plasma_membrane;vesicle,3
O60547,GMDS,cytosol;extracellular;vesicle,3
P30679,GNA15,plasma_membrane,1
Q96AK3,APOBEC3D,nucleus,1
Q96S86,HAPLN3,cell junction;extracellular;synapse,3
Q9NWW0-2,HCFC1R1,nucleus,1
Q5T8I9,HENMT1,nucleus,1
P26439,HSD3B2,endoplasmic_reticulum;extracellular;mitochondrion;nucleolus;nucleus,5
Q9BQ90,KLHDC3,cytosol;nucleus,2
Q9H0V9-2,LMAN2L,endoplasmic_reticulum;er_golgi_intermediate;golgi;nucleus;vesicle,5
Q07954,LRP1,cell junction;cytoskeleton;cytosol;endosome;lysosome;nucleolus;nucleus;plasma_membrane;vesicle,9
Q9UK23-2,NAGPA,golgi,1
Q7Z494-7,NPHP3,cytosol;plasma_membrane,2
O43684-2,BUB3,cytosol;nucleus,2
Q9UNZ2-4,NSFL1C,cytoskeleton;cytosol;golgi;nucleus,4
Q96E22,NUS1,endoplasmic_reticulum;nucleus,2
Q9BZ23-3,PANK2,cytosol;mitochondrion;nucleus,3
Q9GZP0-2,PDGFD,endoplasmic_reticulum;extracellular;golgi,3
P43119,PTGIR,cytosol;plasma_membrane,2
Q9BWF3,RBM4,nucleolus;nucleus,2
P35249,RFC4,nucleus,1
Q96K19-2,RNF170,endoplasmic_reticulum;nucleus,2
Q969K3-2,RNF34,cytosol;nucleus;plasma_membrane,3
P18827,SDC1,extracellular;golgi;lysosome;plasma_membrane;vesicle,5
P35237,SERPINB6,cytosol;extracellular;plasma_membrane;vesicle,4
Q8N5D4,CCNG2,nucleus,1
Q8N1S5-2,SLC39A11,golgi;nucleus;plasma_membrane,3
Q8NHS9,SPATA22,nucleus,1
P09758,TACSTD2,cytosol;extracellular;nucleus;plasma_membrane;vesicle,5
Q9NNW5,WDR6,cytosol;plasma_membrane,2
Q9BQA1,WDR77,cytosol;golgi;nucleus,3
Q9UFB7,ZBTB47,nucleus,1
E7ET31,CD1E,endosome;extracellular;golgi;lysosome;plasma_membrane;vesicle,6
Q15131-2,CDK10,cytoskeleton;nucleus;plasma_membrane,3
Q9H6B4,CLMP,cell junction;cytoskeleton;plasma_membrane,3
A2VCK2,DCDC2B,cytoskeleton,1
Q9H7D0,DOCK5,cytoskeleton;cytosol;plasma_membrane,3
Q9Y295,DRG1,cytosol;nucleus,2
Q53H12,AGK,cytosol;mitochondrion;plasma_membrane,3
P61978-2,HNRNPK,cell junction;cytoskeleton;extracellular;nucleus;vesicle,5
Q12891,HYAL2,cytosol;endoplasmic_reticulum;golgi;lysosome;plasma_membrane;vesicle,6
O60711,LPXN,cell junction;cytoskeleton;cytosol;nucleus;plasma_membrane,5
Q6N075,MFSD5,plasma_membrane,1
P49321-2,NASP,nucleus,1
Q8WTW4,NPRL2,lysosome,1
P16233,PNLIP,extracellular,1
Q7LC44,ARC,cell junction;cytoskeleton;cytosol;endosome;extracellular;plasma_membrane;synapse;vesicle,8
Q9Y253,POLH,cytosol;nucleus,2
P43686,PSMC4,cell junction;cytosol;nucleus;synapse;vesicle,5
Q9NWB1-5,RBFOX1,golgi;nucleus,2
Q8WYP3-2,RIN2,cytosol;vesicle,2
Q8IUD6,RNF135,cytosol,1
Q96BH1,RNF25,cytosol;nucleus,2
O43159,RRP8,cytosol;nucleolus;nucleus,3
Q5T1Q4,SLC35F1,cell junction;synapse;vesicle,3
Q9P2R7-2,SUCLA2,extracellular;mitochondrion;vesicle,3
Q13077,TRAF1,cytosol,1
Q15645,TRIP13,nucleus,1
P26368-2,U2AF2,nucleus,1
Q9BSL1,UBAC1,cytosol;extracellular;golgi;plasma_membrane;vesicle,5
O00534-3,VWA5A,nucleus,1
Q7Z398-2,ZNF550,nucleus,1
Q96F05,C11orf24,golgi;nucleus;plasma_membrane,3
Q9ULV8,CBLC,plasma_membrane,1
Q96KY9,CDH19,cell junction;plasma_membrane,2
Q9NRB3,CHST12,golgi,1
P13929-2,ENO3,cytosol;extracellular;plasma_membrane;vesicle,4
Q9Y5L3,ENTPD2,endoplasmic_reticulum;extracellular;nucleus;plasma_membrane;vesicle,5
P50548,ERF,cytosol;nucleolus;nucleus,3
Q86UY5,FAM83A,mitochondrion,1
Q969U6,FBXW5,cytosol,1
Q86SR1-2,GALNT10,golgi,1
P30566,ADSL,cytosol,1
Q13098-5,GPS1,cytosol;nucleus,2
Q9BYG8,GSDMC,cytosol;plasma_membrane,2
Q9H7J1,HOMEZ,cytosol;nucleolus;nucleus,3
Q6P597-2,KLC3,cytoskeleton;mitochondrion,2
O95835,LATS1,cytoskeleton;cytosol;nucleus,3
Q676U5-2,ATG16L1,cytoskeleton;cytosol;endosome;lysosome;plasma_membrane;vesicle,6
Q02078-5,MEF2A,cytosol;nucleus,2
Q9NZB8-2,MOCS1,cytosol;mitochondrion,2
Q9NQX4,MYO5C,cytoskeleton;cytosol;extracellular;nucleus;vesicle,5
Q8WTR8,NTN5,extracellular,1
P54829,PTPN5,cell junction;cytosol;endoplasmic_reticulum;nucleus;plasma_membrane,5
Q9P241-2,ATP10D,endoplasmic_reticulum;nucleus;plasma_membrane,3
Q15291-2,RBBP5,nucleolus;nucleus,2
Q8IUH3-3,RBM45,nucleus,1
Q9BST9-2,RTKN,cytoskeleton;cytosol,2
Q9NP81,SARS2,mitochondrion,1
P78324-2,SIRPA,extracellular;plasma_membrane;vesicle,3
Q9BV35,SLC25A23,mitochondrion,1
Q8NBI5,SLC43A3,plasma_membrane,1
Q9UHI5,SLC7A8,plasma_membrane,1
Q8NDZ6-2,TMEM161B,plasma_membrane,1
P21281,ATP6V1B2,cytosol;extracellular;lysosome;plasma_membrane;vesicle,5
Q96JL9,ZNF333,nucleus,1
Q14592,ZNF460,nucleus,1
Q9Y3M2,CBY1,cytoskeleton;cytosol;golgi;nucleus;plasma_membrane,5
O43405,COCH,extracellular,1
Q17RY0-3,CPEB4,cell junction;endoplasmic_reticulum;nucleus;plasma_membrane;synapse,5
Q8IYJ1,CPNE9,extracellular;plasma_membrane;vesicle,3
P05093,CYP17A1,endoplasmic_reticulum;nucleus,2
Q8WVB6-2,CHTF18,cytosol;nucleus,2
Q9Y4B4,RAD54L2,nucleus,1
Q5T160,RARS2,mitochondrion,1
Q8N5U6-2,RNF10,cytosol;nucleus,2
Q9H6T3-2,RPAP3,cytosol,1
Q9UGP8,SEC63,endoplasmic_reticulum;nucleus,2
Q49AN0,CRY2,cytosol;extracellular;nucleus,3
Q13033-2,STRN3,cell junction;golgi;nucleus;plasma_membrane;synapse,5
Q6UXY8-2,TMC5,extracellular;vesicle,2
Q59H18,TNNI3K,nucleus,1
Q9NXH9-2,TRMT1,mitochondrion;nucleus,2
Q70CQ1-2,USP49,nucleus,1
Q92738-2,USP6NL,cytosol;golgi;plasma_membrane;vesicle,4
Q9H8Y1,VRTN,nucleus,1
Q16587-2,ZNF74,nucleus,1
Q96S65,CSRNP1,nucleus,1
Q96SD1-2,DCLRE1C,golgi;nucleus,2
Q9Y2G8,DNAJC16,endoplasmic_reticulum;nucleus,2
P59768,GNG2,extracellular;plasma_membrane;vesicle,3
Q17R60,IMPG1,extracellular;plasma_membrane,2
Q9Y616,IRAK3,nucleus;plasma_membrane,2
Q9BV36-2,MLPH,cytoskeleton;cytosol;extracellular;plasma_membrane;vesicle,5
Q13772,NCOA4,lysosome;nucleus;vesicle,3
Q13438-2,OS9,endoplasmic_reticulum;nucleus,2
Q12889,OVGP1,cytosol;extracellular;vesicle,3
Q8N807,PDILT,endoplasmic_reticulum,1
Q8NDL9-2,AGBL5,cytoskeleton;cytosol;nucleus,3
Q9C0C7-3,AMBRA1,cell junction;cytoskeleton;cytosol;endoplasmic_reticulum;mitochondrion;nucleus;plasma_membrane,7
Q13873,BMPR2,cell junction;extracellular;plasma_membrane,3
P17661,DES,cell junction;cytoskeleton;cytosol;extracellular;nucleus;plasma_membrane;vesicle,7
Q32P44,EML3,cytoskeleton;nucleus,2
Q6P9B9,INTS5,cytosol;nucleus,2
O43896,KIF1C,cytoskeleton;endoplasmic_reticulum;golgi;plasma_membrane,4
Q14767,LTBP2,extracellular;vesicle,2
Q9NTJ4,MAN2C1,cytosol;nucleus,2
P09619,PDGFRB,cell junction;golgi;lysosome;nucleus;plasma_membrane;vesicle,6
Q9Y446,PKP3,cell junction;nucleus;plasma_membrane,3
P28340,POLD1,cytosol;nucleus,2
Q13200,PSMD2,cell junction;cytosol;extracellular;nucleus;synapse;vesicle,6
Q9H5N1,RABEP2,cytoskeleton;cytosol;endosome;plasma_membrane;vesicle,5
P07148,FABP1,cytosol;extracellular;nucleus;peroxisome;vesicle,5
P05362,ICAM1,cell junction;extracellular;plasma_membrane;vesicle,4
Q96CV9-2,OPTN,cytosol;endosome;golgi;nucleus;vesicle,5
Q02223,TNFRSF17,plasma_membrane,1
P55072,VCP,cytosol;endoplasmic_reticulum;extracellular;lysosome;nucleus;vesicle,6
P05090,APOD,cytosol;extracellular;plasma_membrane;vesicle,4
P02675,FGB,endoplasmic_reticulum;extracellular;plasma_membrane;vesicle,4
P19367-2,HK1,cytosol;mitochondrion,2
P52790,HK3,cytosol;extracellular;mitochondrion;vesicle,4
P00338,LDHA,cytosol;extracellular;mitochondrion;nucleus;vesicle,5
P02750,LRG1,extracellular;vesicle,2
P51884,LUM,extracellular;golgi;lysosome;vesicle,4
P10636-2,MAPT,cell junction;cytoskeleton;cytosol;extracellular;mitochondrion;nucleus;plasma_membrane;synapse,8
P07196,NEFL,cell junction;cytoskeleton;cytosol;plasma_membrane;synapse,5
P61916,NPC2,endoplasmic_reticulum;endosome;extracellular;lysosome;vesicle,5
P02763,ORM1,extracellular;vesicle,2
Q15118,PDK1,mitochondrion;plasma_membrane,2
P05067-10,APP,cell junction;cytosol;endoplasmic_reticulum;endosome;extracellular;golgi;mitochondrion;nucleus;plasma_membrane;synapse;vesicle,11
O95977,S1PR4,mitochondrion;plasma_membrane,2
Q8WXD2,SCG3,endoplasmic_reticulum;extracellular;vesicle,3
P05155,SERPING1,endoplasmic_reticulum;extracellular;vesicle,3
Q7Z333-3,SETX,nucleolus;nucleus;plasma_membrane,3
P00736,C1R,extracellular;plasma_membrane;vesicle,3
P13671,C6,extracellular;plasma_membrane;vesicle,3
P08603-2,CFH,extracellular;plasma_membrane;vesicle,3
P10645,CHGA,extracellular;vesicle,2
P36222,CHI3L1,endoplasmic_reticulum;extracellular;vesicle,3
P55899,FCGRT,endosome;extracellular;plasma_membrane;vesicle,4
P12036-2,NEFH,cytoskeleton;plasma_membrane,2
Q99700-2,ATXN2,cytosol;golgi,2
Q96Q42,ALS2,cytoskeleton;cytosol;endosome;nucleus;plasma_membrane;vesicle,6
P54764,EPHA4,cell junction;endosome;plasma_membrane;synapse;vesicle,5
P54253,ATXN1,cytosol;nucleolus;nucleus,3
O75807,PPP1R15A,cytosol;endoplasmic_reticulum;golgi;mitochondrion;nucleus,5
Q9NRM6,IL17RB,extracellular;plasma_membrane,2
O43918,AIRE,nucleus,1
Q8NAC3-2,IL17RC,plasma_membrane,1
Q8NFM7,IL17RD,golgi;plasma_membrane,2
P20248,CCNA2,cytoskeleton;cytosol;nucleus,3
P24394,IL4R,extracellular;plasma_membrane,2
Q9NWZ3,IRAK4,cytosol;endosome;nucleus;plasma_membrane;vesicle,5
Q9Y4K0,LOXL2,endoplasmic_reticulum;extracellular;nucleus,3
Q9HBW0,LPAR2,plasma_membrane,1
Q99677,LPAR4,plasma_membrane,1
Q99558,MAP3K14,cytosol;nucleolus;nucleus,3
Q99650,OSMR,plasma_membrane,1
Q04759,PRKCQ,cytoskeleton;cytosol;plasma_membrane,3
Q04864,REL,cytosol;nucleus,2
P51449-2,RORC,nucleus,1
P49760-3,CLK2,nucleus,1
Q86UZ6,ZBTB46,nucleus,1
Q8NF50-2,DOCK8,cytosol;plasma_membrane,2
Q16665-2,HIF1A,cytosol;nucleus,2
Q9H2X6-3,HIPK2,nucleus,1
Q96F46,IL17RA,extracellular;plasma_membrane,2
P21854,CD72,plasma_membrane,1
Q9Y3Z3-2,SAMHD1,nucleus;plasma_membrane,2
P28908,TNFRSF8,extracellular;plasma_membrane;vesicle,3
Q9NSU2-2,TREX1,cytosol;endoplasmic_reticulum;nucleus,3
Q96LA5,FCRL2,plasma_membrane,1
Q96P31,FCRL3,plasma_membrane,1
Q96PJ5,FCRL4,plasma_membrane,1
Q96RD9,FCRL5,plasma_membrane,1
Q14192,FHL2,cell junction;cytoskeleton;nucleus,3
O95297-2,MPZL1,cell junction;plasma_membrane,2
Q12904,AIMP1,cytosol;endoplasmic_reticulum;extracellular;golgi;nucleus;plasma_membrane,6
B8ZZJ1,FAM126A,cytosol;plasma_membrane,2
P24468,NR2F2,cytosol;nucleus,2
P60201-2,PLP1,plasma_membrane,1
P00441,SOD1,cytosol;extracellular;mitochondrion;nucleus;peroxisome;plasma_membrane;vesicle,7
Q13148-2,TARDBP,mitochondrion;nucleus,2
Q9H9D4,ZNF408,nucleus,1
O94921-2,CDK14,cytosol;nucleus;plasma_membrane,3
Q96Q40-3,CDK15,cytosol;nucleus,2
O00444-2,PLK4,cytoskeleton;cytosol;nucleolus;nucleus;plasma_membrane,5
O14965,AURKA,cytoskeleton;cytosol;nucleus;plasma_membrane,4
P50613,CDK7,cytosol;nucleolus;nucleus;plasma_membrane,4
P49336,CDK8,nucleolus;nucleus,2
Q92772,CDKL2,cytoskeleton;nucleus,2
Q5MAI5,CDKL4,nucleus,1
O76039,CDKL5,cell junction;cytoskeleton;nucleus;plasma_membrane;synapse,5
Q9UQB9-2,AURKC,cytoskeleton;nucleus,2
Q8N128,FAM177A1,golgi,1
Q92562,FIG4,endosome;golgi;vesicle,3
P21266,GSTM3,cytosol;extracellular;nucleus;vesicle,4
Q9BTL4,IER2,nucleus,1
C9JJ79,PILRA,extracellular;plasma_membrane;vesicle,3
Q9NYY3,PLK2,cytoskeleton;cytosol;nucleus;plasma_membrane,4
Q15165-1,PON2,extracellular;plasma_membrane,2
P13727,PRG2,extracellular;vesicle,2
O43683,BUB1,cytosol;nucleus,2
Q15907,RAB11B,cell junction;cytosol;endosome;extracellular;golgi;synapse;vesicle,7
Q14206-2,RCAN2,nucleus,1
Q6NXT4-2,SLC30A6,golgi;plasma_membrane,2
Q9HBM1,SPC25,cytosol;nucleus,2
P14927,UQCRB,mitochondrion,1
O95619,YEATS4,nucleus,1
Q00536,CDK16,cytoskeleton;cytosol;nucleus;plasma_membrane,4
Q07002-2,CDK18,mitochondrion;nucleus,2
Q9BWU1,CDK19,cytosol;nucleus,2
P11802,CDK4,cytosol;nucleolus;nucleus,3
Q00535,CDK5,cell junction;cytosol;nucleus;plasma_membrane;synapse,5
Q00534,CDK6,cytoskeleton;cytosol;nucleus;plasma_membrane,4
P13284,IFI30,cell junction;cytosol;extracellular;lysosome,4
O95273,CCNDBP1,nucleus,1
P51959,CCNG1,nucleus,1
Q8IV13,CCNJL,cytoskeleton;nucleus,2
Q14004,CDK13,cytosol;extracellular;golgi;nucleus;vesicle,5
Q00526,CDK3,nucleus,1
P50750-2,CDK9,nucleus,1
Q8IVW4,CDKL3,nucleus,1
P37058,HSD17B3,endoplasmic_reticulum;nucleus,2
Q9NS40,KCNH7,plasma_membrane,1
Q96RQ3,MCCC1,cytosol;mitochondrion,2
Q9Y4U1,MMACHC,cytosol;nucleus,2
Q8NGI2,OR52N4,plasma_membrane,1
P09466-2,PAEP,extracellular,1
Q9Y5P8,PPP2R3B,nucleus,1
Q96AX2,RAB37,endosome;er_golgi_intermediate;golgi;lysosome;plasma_membrane;vesicle,6
P62910,RPL32,cytosol,1
Q9NTG7,SIRT3,mitochondrion;nucleus,2
Q8WVK7,SKA2,cytoskeleton;cytosol;nucleus,3
Q9NSP4-2,CENPM,cytosol;nucleus,2
Q9Y2D8-2,SSX2IP,cell junction;cytoskeleton;nucleus;plasma_membrane,4
P20062,TCN2,extracellular;lysosome;plasma_membrane,3
Q96MH6,TMEM68,endoplasmic_reticulum;nucleus,2
Q6PEY1,TMEM88,cytosol;plasma_membrane,2
Q9UJT1-2,TUBD1,cytoskeleton;nucleus;plasma_membrane,3
Q16763,UBE2S,cytosol;nucleus,2
P98182-2,ZNF200,nucleus,1
Q8ND25,ZNRF1,cell junction;cytosol;endosome;lysosome;plasma_membrane;synapse;vesicle,7
Q8N465,D2HGDH,mitochondrion,1
P22794-2,EVI2A,plasma_membrane,1
Q6P587-2,FAHD1,cytosol;mitochondrion;nucleus,3
Q9H3Q3,GAL3ST2,golgi,1
P08263,GSTA1,cytosol;extracellular;vesicle,3
Q8N4T0,CPA6,extracellular,1
O75140-4,DEPDC5,cytosol;lysosome,2
Q12980,NPRL3,lysosome,1
Q96IQ9,ZNF414,nucleus,1
O14678,ABCD4,endoplasmic_reticulum;lysosome;nucleus;peroxisome;plasma_membrane,5
Q9UNQ0-2,ABCG2,mitochondrion;plasma_membrane,2
Q86TI2-2,DPP9,cytoskeleton;cytosol;nucleus,3
Q16610-2,ECM1,extracellular;vesicle,2
Q92611,EDEM1,endoplasmic_reticulum;nucleus,2
Q13144,EIF2B5,cytosol;nucleus,2
Q9H9T3-2,ELP3,cytosol;nucleolus;nucleus,3
Q96EB1-2,ELP4,nucleus,1
P41162,ETV3,nucleus,1
Q6P050,FBXL22,cytosol;nucleolus;nucleus,3
O75474,FRAT2,cytosol,1
O60609,GFRA3,cytosol;plasma_membrane,2
P49840,GSK3A,cytosol;nucleus;plasma_membrane,3
Q8N157,AHI1,cell junction;cytoskeleton;cytosol;plasma_membrane,4
Q92759,GTF2H4,nucleus,1
P69892,HBG2,cytosol;extracellular,2
Q9HCC6,HES4,nucleus,1
P31937,HIBADH,mitochondrion,1
P80217-2,IFI35,cytosol;extracellular;nucleolus;nucleus,4
Q15726,KISS1,extracellular,1
Q13887,KLF5,golgi;nucleus,2
Q9HCJ1,ANKH,plasma_membrane,1
O00515,LAD1,cytoskeleton;extracellular;vesicle,3
P50579,METAP2,cytosol;plasma_membrane,2
Q96BF6,NACC2,mitochondrion;nucleolus;nucleus,3
Q9Y2A7-2,NCKAP1,cell junction;cytosol;extracellular;plasma_membrane;vesicle,5
P47972,NPTX2,cell junction;extracellular;synapse,3
Q8WUM0,NUP133,cytosol;nucleus,2
P13674-2,P4HA1,endoplasmic_reticulum;mitochondrion,2
Q99487,PAFAH2,endoplasmic_reticulum;nucleus,2
Q8N3A8-2,PARP8,endoplasmic_reticulum;nucleus,2
Q16342,PDCD2,cytosol;extracellular;nucleolus;nucleus;vesicle,5
Q96BM1,ANKRD9,cytosol;vesicle,2
Q9BTU6,PI4K2A,cell junction;cytosol;endosome;golgi;lysosome;mitochondrion;plasma_membrane;synapse;vesicle,9
Q9BXM7,PINK1,cytoskeleton;cytosol;endoplasmic_reticulum;mitochondrion;nucleus;plasma_membrane,6
Q9NZ20,PLA2G3,cytoskeleton;endosome;extracellular;plasma_membrane;vesicle,5
P49788,RARRES1,extracellular;vesicle,2
O60930,RNASEH1,mitochondrion,1
P62424,RPL7A,cell junction;cytosol;nucleolus;nucleus,4
O43818,RRP9,nucleolus;nucleus,2
Q9H0K4,RSPH6A,cytoskeleton;plasma_membrane,2
P59025,RTP1,plasma_membrane,1
P08697,SERPINF2,extracellular;plasma_membrane;vesicle,3
Q9H015,SLC22A4,mitochondrion;plasma_membrane,2
Q9NSN8,SNTG1,cytoskeleton;nucleus;plasma_membrane,3
Q13586,STIM1,cytoskeleton;endoplasmic_reticulum;nucleus;plasma_membrane,4
Q9NRP7-2,STK36,cytoskeleton;cytosol;nucleus;plasma_membrane,4
Q6J9G0,STYK1,plasma_membrane,1
Q92481,TFAP2B,nucleus,1
Q7Z3E1,TIPARP,nucleus,1
P10415-2,BCL2,endoplasmic_reticulum;mitochondrion;nucleus,3
Q9H061,TMEM126A,mitochondrion,1
Q8N3G9-2,TMEM130,golgi;plasma_membrane,2
Q9NZC2-2,TREM2,extracellular;plasma_membrane,2
Q8N3J9,ZNF664,nucleus,1
Q99741,CDC6,cytoskeleton;cytosol;extracellular;nucleus,4
O00748,CES2,endoplasmic_reticulum,1
C9J7P8,CITED1,cytosol;nucleus,2
Q9P299,COPZ2,cytosol;endoplasmic_reticulum;er_golgi_intermediate;golgi;nucleus;vesicle,6
Q96HD1,CRELD1,extracellular,1
Q9UN19,DAPP1,cytosol;plasma_membrane,2
Q9NPF5,DMAP1,cytosol;nucleus,2
P45844-2,ABCG1,endoplasmic_reticulum;endosome;golgi;mitochondrion;nucleus;plasma_membrane;vesicle,7
Q05923,DUSP2,cytosol;endoplasmic_reticulum;mitochondrion;nucleus,4
Q8TC99,FNDC8,nucleus,1
Q06546,GABPA,nucleus,1
O14908,GIPC1,cell junction;cytosol;extracellular;plasma_membrane;synapse;vesicle,6
Q4V328,GRIPAP1,cell junction;cytosol;endosome;extracellular;nucleus;plasma_membrane;synapse;vesicle,8
P32780,GTF2H1,nucleus,1
Q00341,HDLBP,cytosol;endoplasmic_reticulum;extracellular;nucleus;plasma_membrane,5
P35680,HNF1B,nucleus,1
P84074,HPCA,cytosol,1
Q92667,AKAP1,cytosol;mitochondrion,2
Q9NV88,INTS9,cytosol;nucleus,2
Q03252,LMNB2,cytoskeleton;nucleus,2
Q53EV4-2,LRRC23,cytosol;plasma_membrane,2
Q9HD34,LYRM4,cytosol;mitochondrion;nucleus,3
Q9UHC7-2,MKRN1,cytosol,1
P46934-2,NEDD4,cytosol;extracellular;golgi;nucleus;plasma_membrane;vesicle,6
Q15818,NPTX1,cell junction;endoplasmic_reticulum;synapse;vesicle,4
Q7Z3T1,OR2W3,plasma_membrane,1
Q86YC2,PALB2,nucleus,1
O00623,PEX12,cytosol;peroxisome,2
O43175,PHGDH,cytosol;extracellular;vesicle,3
Q9BXF6,RAB11FIP5,cytoskeleton;endosome;golgi;mitochondrion;vesicle,5
Q969Q5,RAB24,cytoskeleton;cytosol;endosome;mitochondrion;plasma_membrane;vesicle,6
P47736-3,RAP1GAP,cytosol;golgi;plasma_membrane,3
Q13905,RAPGEF1,cytosol;endosome;plasma_membrane;vesicle,4
Q6NUM9-2,RETSAT,endoplasmic_reticulum;nucleus,2
P62745,RHOB,cell junction;cytosol;endosome;extracellular;nucleus;plasma_membrane;vesicle,7
Q5VZM2-2,RRAGB,cytosol;lysosome;nucleus,3
O43290,SART1,cytosol;golgi;nucleus,3
Q9BRV8,SIKE1,cytosol,1
O75746,SLC25A12,mitochondrion,1
Q9BXS9-2,SLC26A6,plasma_membrane;vesicle,2
P50553,ASCL1,nucleus,1
Q14515,SPARCL1,endoplasmic_reticulum;extracellular,2
Q9Y6J8-4,STYXL1,mitochondrion,1
P22735,TGM1,cytosol;extracellular;plasma_membrane;vesicle,4
Q9NR96-3,TLR9,endoplasmic_reticulum;endosome;extracellular;golgi;lysosome;nucleus;plasma_membrane;vesicle,8
Q9ULS5,TMCC3,endoplasmic_reticulum;nucleus,2
Q96PU4,UHRF2,nucleus,1
Q9H5J0,ZBTB3,nucleus,1
P05023,ATP1A1,endoplasmic_reticulum;extracellular;golgi;plasma_membrane;vesicle,5
P08962,CD63,endosome;extracellular;lysosome;nucleus;plasma_membrane;vesicle,6
P17676,CEBPB,nucleus,1
P01034,CST3,endoplasmic_reticulum;extracellular;golgi;plasma_membrane;vesicle,5
P10632,CYP2C8,endoplasmic_reticulum;nucleus;plasma_membrane,3
Q8N0Z2,ABRA,cytoskeleton;plasma_membrane,2
Q9BTT0,ANP32E,nucleus;vesicle,2
P35222,CTNNB1,cell junction;cytoskeleton;cytosol;extracellular;nucleus;plasma_membrane;synapse;vesicle,8
P29317,EPHA2,cell junction;plasma_membrane,2
O75636-2,FCN3,extracellular;plasma_membrane,2
Q13451,FKBP5,cytosol;extracellular;nucleus;vesicle,4
Q9BZM3,GSX2,nucleus,1
Q96KC2,ARL5B,golgi,1
Q96A47,ISL2,nucleus,1
P41229-2,KDM5C,nucleus,1
Q9ULK4-2,MED23,nucleus,1
Q9UBC1-2,NFKBIL1,nucleus,1
Q9NP56,PDE7B,cytosol,1
P54821,PRRX1,cytosol;nucleus,2
Q9HBH5,RDH14,cytosol;endoplasmic_reticulum;lysosome;nucleus,4
Q8NC42,RNF149,endoplasmic_reticulum;endosome;golgi;vesicle,4
P78317,RNF4,cytoskeleton;nucleus,2
Q92753-1,RORB,nucleus,1
P27635,RPL10,cytosol;endoplasmic_reticulum;nucleus,3
Q7L099-2,RUFY3,cytosol;endosome;lysosome;plasma_membrane;vesicle,5
Q9H4L4,SENP3,nucleolus;nucleus,2
Q9BQI5,SGIP1,cytosol;plasma_membrane;vesicle,3
Q8TCC7-2,SLC22A8,extracellular;plasma_membrane;vesicle,3
Q8WV41,SNX33,cytosol;plasma_membrane;vesicle,3
Q9UN79,SOX13,nucleus,1
O75602-3,SPAG6,cytoskeleton;nucleus;plasma_membrane;vesicle,4
O60806,TBX19,nucleus,1
P04003,C4BPA,extracellular;plasma_membrane,2
Q9BZR9,TRIM8,cytosol;nucleus,2
P50607-2,TUB,extracellular;nucleus;plasma_membrane,3
Q9NZI7-4,UBP1,cytosol;nucleus,2
Q96AW1,VOPP1,endosome;lysosome;vesicle,3
Q5TYW2,ANKRD20A1,plasma_membrane,1
Q9UBW7,ZMYM2,cytosol;nucleus,2
Q8IVP9,ZNF547,nucleus,1
Q52M93,ZNF585B,nucleus,1
O75123,ZNF623,nucleus,1
P17097,ZNF7,nucleus,1
Q6PK81-2,ZNF773,nucleus,1
Q9NWK9,ZNHIT6,extracellular;nucleus;vesicle,3
Q9BXT2,CACNG6,plasma_membrane,1
Q9HC96,CAPN10,cytosol;mitochondrion;plasma_membrane,3
A2NHM0,CASP4,cytosol;endoplasmic_reticulum;extracellular;mitochondrion;nucleus;plasma_membrane,6
O95067,CCNB2,cytoskeleton;cytosol;golgi;nucleus,4
Q9H9P2,CHODL,cytoskeleton;cytosol;endoplasmic_reticulum;nucleus,4
Q68CJ9-2,CREB3L3,cytosol;endoplasmic_reticulum;golgi;nucleus,4
Q9Y689,ARL5A,golgi,1
Q9Y5Z0-2,BACE2,endoplasmic_reticulum;endosome;golgi;plasma_membrane;vesicle,5
Q13939,CCIN,cytoskeleton;nucleus,2
P57772,EEFSEC,nucleus,1
Q9UNN5,FAF1,cytosol;endoplasmic_reticulum;nucleus;plasma_membrane,4
Q04609-6,FOLH1,extracellular;plasma_membrane;vesicle,3
P06280,GLA,extracellular;golgi;lysosome;vesicle,4
Q96I82,KAZALD1,extracellular,1
Q9BXB1,LGR4,plasma_membrane,1
Q8N4C8-2,MINK1,cell junction;cytosol;extracellular;golgi;plasma_membrane;synapse;vesicle,7
P46019,PHKA2,cytosol;plasma_membrane,2
Q8TBX8,PIP4K2C,cytosol;endoplasmic_reticulum;extracellular;plasma_membrane;vesicle,5
P10301,RRAS,cell junction;extracellular;plasma_membrane;vesicle,4
Q9NY64,SLC2A8,lysosome;plasma_membrane;vesicle,3
P67809,YBX1,cytosol;endoplasmic_reticulum;extracellular;nucleus;plasma_membrane;vesicle,6
P63104,YWHAZ,cell junction;cytosol;extracellular;nucleus;synapse;vesicle,6
Q9H0C1,ZMYND12,plasma_membrane,1
Q96P47-2,AGAP3,nucleus,1
Q96I76,GPATCH3,cytosol;nucleus,2
Q5U5R9,HECTD2,cytosol,1
P20823,HNF1A,nucleus,1
Q00839-2,HNRNPU,cytoskeleton;cytosol;nucleus;plasma_membrane,4
O75031,HSF2BP,cytosol;nucleus,2
O60312,ATP10A,endoplasmic_reticulum;nucleus;plasma_membrane,3
P18065,IGFBP2,extracellular;vesicle,2
P26951,IL3RA,plasma_membrane,1
P28482,MAPK1,cell junction;cytoskeleton;cytosol;endoplasmic_reticulum;endosome;extracellular;golgi;lysosome;mitochondrion;nucleus;plasma_membrane;vesicle,12
Q86XI2-2,NCAPG2,nucleus,1
Q99801,NKX3-1,nucleus,1
Q5XKR4,OTP,nucleus,1
P55771,PAX9,nucleolus;nucleus,2
Q93084-2,ATP2A3,endoplasmic_reticulum;nucleus,2
Q6L8Q7-2,PDE12,cytosol;mitochondrion,2
Q6P5Z2,PKN3,cytosol;golgi;nucleus,3
Q9UPG8,PLAGL2,nucleus,1
Q15173-2,PPP2R5B,cytosol;nucleus,2
Q92932-2,PTPRN2,cell junction;plasma_membrane;synapse;vesicle,4
O60895,RAMP2,lysosome;plasma_membrane,2
Q5VT52-2,RPRD2,nucleus,1
Q9UN30-1,SCML1,nucleus,1
Q5TC12,ATPAF1,mitochondrion,1
Q14140,SERTAD2,cytosol;nucleus,2
Q6NUK1-2,SLC25A24,mitochondrion,1
Q13425-2,SNTB2,cell junction;cytoskeleton;golgi;nucleus;plasma_membrane;synapse;vesicle,7
Q9P2W7,B3GAT1,endoplasmic_reticulum;extracellular;golgi;nucleus,4
Q05066,SRY,nucleus,1
Q7L0J3-2,SV2A,cell junction;endoplasmic_reticulum;plasma_membrane;synapse;vesicle,5
Q92797,SYMPK,cell junction;cytoskeleton;cytosol;nucleus;plasma_membrane,5
Q9H8W5-2,TRIM45,cytosol;nucleus,2
Q6AZZ1,TRIM68,cytosol;golgi;nucleolus;nucleus,4
Q9GZT5,WNT10A,extracellular,1
Q8N680,ZBTB2,nucleus,1
Q96MX3,ZNF48,nucleus,1
Q8IVC4,ZNF584,nucleus,1
Q5VV52-2,ZNF691,nucleus,1
Q3MJ62,ZSCAN23,nucleus,1
P56945,BCAR1,cell junction;cytosol;plasma_membrane,3
Q9NYM9,BET1L,endosome;golgi;vesicle,3
P01732-2,CD8A,extracellular;plasma_membrane,2
O75398,DEAF1,extracellular;nucleolus;nucleus,3
O95057,DIRAS1,plasma_membrane,1
Q16690,DUSP5,nucleus,1
O75354-2,ENTPD6,extracellular;golgi;plasma_membrane,3
Q13868,EXOSC2,cytosol;nucleolus;nucleus,3
Q9BSK4,FEM1A,cytosol;golgi;mitochondrion;nucleus,4
Q96RR4-2,CAMKK2,cytosol;nucleus;plasma_membrane,3
O14818-2,PSMA7,cell junction;cytosol;extracellular;nucleus;synapse;vesicle,6
Q9UL25,RAB21,cell junction;cytosol;endoplasmic_reticulum;endosome;extracellular;golgi;nucleus;plasma_membrane;vesicle,9
Q9NWF9-1,RNF216,cytosol;nucleus;vesicle,3
P55042,RRAD,cytosol;plasma_membrane,2
Q92563,SPOCK2,extracellular,1
Q9BYN0,SRXN1,cytosol;endoplasmic_reticulum;nucleus,3
Q7L8C5,SYT13,cell junction;plasma_membrane;synapse;vesicle,4
Q9H2D6-2,TRIOBP,cell junction;cytoskeleton;nucleus,3
Q15672,TWIST1,nucleus,1
Q96JH7,VCPIP1,cytosol;endoplasmic_reticulum;golgi;nucleus,4
Q5FWF4-3,ZRANB3,nucleus,1
Q7Z7B0,FILIP1,cytoskeleton;cytosol;nucleolus;nucleus;plasma_membrane,5
P19883-2,FST,extracellular;nucleolus;nucleus,3
P51114-2,FXR1,cell junction;cytosol;nucleolus;nucleus;plasma_membrane;synapse,6
Q9BUE6,ISCA1,mitochondrion,1
Q9P2G9,KLHL8,nucleus,1
Q5SRI9,MANEA,golgi,1
P12829,MYL4,cytoskeleton;cytosol,2
Q86TC9-2,MYPN,cytosol;nucleus;plasma_membrane,3
P17568,NDUFB7,mitochondrion,1
O14939-2,PLD2,endoplasmic_reticulum;nucleus;plasma_membrane;vesicle,4
Q8NEB7,ACRBP,extracellular;nucleus;vesicle,3
Q9NYJ7,DLL3,plasma_membrane,1
P05198,EIF2S1,cytosol;extracellular;mitochondrion;vesicle,4
Q9UJM3,ERRFI1,cytosol;nucleus;plasma_membrane,3
P23610,F8A1,endosome;nucleus;vesicle,3
Q13045,FLII,cell junction;cytoskeleton;cytosol;nucleus,4
P48167,GLRB,cell junction;plasma_membrane;synapse,3
Q13322-3,GRB10,cytosol;plasma_membrane,2
P49863,GZMK,extracellular;plasma_membrane,2
Q9GZZ0,HOXD1,nucleus,1
P11021,HSPA5,cell junction;cytosol;endoplasmic_reticulum;er_golgi_intermediate;extracellular;mitochondrion;nucleus;plasma_membrane;vesicle,9
P17936,IGFBP3,endoplasmic_reticulum;extracellular;nucleus,3
Q96ID5,IGSF21,cell junction;plasma_membrane;synapse,3
P26010-2,ITGB7,cell junction;extracellular;plasma_membrane;vesicle,4
Q07666-2,KHDRBS1,cytosol;nucleus,2
Q8N6Y2,LRRC17,extracellular;plasma_membrane,2
Q8N6H7,ARFGAP2,cytosol;golgi;plasma_membrane,3
P43357,MAGEA3,endoplasmic_reticulum;nucleus,2
O00754,MAN2B1,extracellular;lysosome;vesicle,3
P23508-2,MCC,cytosol;nucleus;plasma_membrane,3
Q7Z3K6-2,MIER3,nucleus,1
O95260-2,ATE1,nucleus,1
O75306,NDUFS2,mitochondrion,1
Q9HB20,PLEKHA3,endosome;golgi;vesicle,3
Q15172,PPP2R5A,cytoskeleton;cytosol;nucleus;plasma_membrane,4
P51817,PRKX,cytosol;nucleus,2
Q16651,PRSS8,extracellular;plasma_membrane;vesicle,3
P10114,RAP2A,cell junction;endosome;golgi;lysosome;plasma_membrane;synapse;vesicle,7
Q96NA2-2,RILP,cytoskeleton;endosome;lysosome;plasma_membrane;vesicle,5
Q15436,SEC23A,cytosol;endoplasmic_reticulum;golgi;nucleus;vesicle,5
Q99442,SEC62,endoplasmic_reticulum;nucleus,2
E9PFY4,SLC19A1,plasma_membrane,1
B4DP61,SMN1,cytosol;nucleus;plasma_membrane,3
O14582-2,TRAPPC2,cytosol;endoplasmic_reticulum;er_golgi_intermediate;nucleus;vesicle,5
Q86Y07-3,VRK2,endoplasmic_reticulum;mitochondrion;nucleus,3
Q3MJ13,WDR72,vesicle,1
Q9HC57,WFDC1,extracellular,1
Q13555-2,CAMK2G,cell junction;cytosol;endoplasmic_reticulum;nucleus;plasma_membrane;synapse;vesicle,7
P06127,CD5,plasma_membrane,1
Q16543,CDC37,cytosol;extracellular;vesicle,3
Q9NS84,CHST7,golgi,1
P24310,COX7A1,mitochondrion,1
O75462,CRLF1,cytosol;extracellular;plasma_membrane,3
Q15438-2,CYTH1,cell junction;cytosol;golgi;plasma_membrane,4
Q58WW2-2,DCAF6,nucleus,1
P54259,ATN1,cell junction;nucleus,2
Q9UQM7-2,CAMK2A,cell junction;cytosol;mitochondrion;nucleus;plasma_membrane;synapse;vesicle,7
O75074,LRP3,plasma_membrane,1
O14793,MSTN,extracellular,1
Q9BQG0-2,MYBBP1A,nucleolus;nucleus,2
P55289,CDH12,cell junction;plasma_membrane,2
O43795-2,MYO1B,cytoskeleton;endosome;extracellular;plasma_membrane;vesicle,5
Q9UHG2,PCSK1N,extracellular,1
P16284,PECAM1,cell junction;extracellular;plasma_membrane;vesicle,4
Q8TBY8,PMFBP1,plasma_membrane,1
Q9UKI9,POU2F3,nucleolus;nucleus;plasma_membrane,3
Q5JR12,PPM1J,mitochondrion,1
P31321,PRKAR1B,cytosol;plasma_membrane,2
Q9Y4C5,CHST2,cytosol;golgi;nucleus,3
Q8TA86,RP9,cytosol;nucleus,2
O75446,SAP30,nucleus,1
Q06945,SOX4,nucleus,1
Q9H3H9,TCEAL2,nucleus,1
P36402-5,TCF7,nucleus,1
Q9H8N7,ZNF395,cytosol;nucleus,2
Q96K58,ZNF668,nucleus,1
P12110-2,COL6A2,endoplasmic_reticulum;extracellular;plasma_membrane;vesicle,4
Q9UI46,DNAI1,cytoskeleton;plasma_membrane,2
P53539,FOSB,nucleus,1
Q12946,FOXF1,nucleus,1
P14867,GABRA1,cell junction;plasma_membrane;synapse;vesicle,4
O75054-2,IGSF3,plasma_membrane,1
Q8TAD2,IL17D,extracellular,1
P09529,INHBB,extracellular,1
Q86VZ6-2,JAZF1,cytosol;nucleolus;nucleus,3
O95696,BRD1,nucleus,1
Q7Z6W7,DNAJB7,nucleus,1
Q08554-2,DSC1,cell junction;extracellular;plasma_membrane;vesicle,4
O43921,EFNA2,plasma_membrane,1
Q6QHK4,FIGLA,nucleus,1
Q8WTQ7,GRK7,plasma_membrane,1
Q7RTV2,GSTA5,cytosol;extracellular;vesicle,3
P53708,ITGA8,cell junction;endoplasmic_reticulum;plasma_membrane,3
Q7Z418,KCNK18,plasma_membrane,1
P53667-2,LIMK1,cell junction;cytoskeleton;cytosol;nucleus;plasma_membrane;synapse,6
Q96KR4-2,LMLN,cell junction;cytosol,2
Q03111,MLLT1,nucleolus;nucleus,2
Q9BXT6,MOV10L1,cytosol,1
Q8IXF0-3,NPAS3,nucleus,1
Q9Y535-2,POLR3H,cytoskeleton;cytosol;nucleus,3
Q6S8J3,POTEE,cell junction;cytoskeleton;extracellular;nucleus;plasma_membrane;synapse;vesicle,7
Q01851,POU4F1,nucleus,1
Q9NQV5,PRDM11,cytosol;nucleus,2
Q8WXD0,RXFP2,plasma_membrane,1
Q14160-3,SCRIB,cell junction;extracellular;nucleus;plasma_membrane;synapse;vesicle,6
Q53EL9-2,SEZ6,cell junction;endoplasmic_reticulum;plasma_membrane;synapse,4
Q6ZQN7,SLCO4C1,extracellular;lysosome;plasma_membrane;vesicle,4
Q96PV0,SYNGAP1,cytosol,1
E7ETV7,UGT1A7,endoplasmic_reticulum;nucleus,2
Q8IUB2,WFDC3,extracellular,1
Q9ULT6,ZNRF3,plasma_membrane,1
Q6UXA7,C6orf15,extracellular,1
Q6YHK3-2,CD109,extracellular;plasma_membrane;vesicle,3
P00387-2,CYB5R3,cytosol;endoplasmic_reticulum;extracellular;lysosome;mitochondrion;nucleus;vesicle,7
Q6ICD8,CYP2D6,endoplasmic_reticulum;mitochondrion;nucleus,3
P98187,CYP4F8,endoplasmic_reticulum;nucleus,2
Q6ZNG2,DBX2,nucleus,1
Q14129,DGCR6,extracellular;nucleus,2
Q5FYA8,ARSH,endoplasmic_reticulum,1
Q30KQ4,DEFB116,extracellular,1
O95718,ESRRB,cytosol;nucleus,2
Q9NWD9,BEX4,cytoskeleton;cytosol;nucleus,3
Q02846,GUCY2D,endoplasmic_reticulum;nucleus;plasma_membrane,3
Q9UHD0,IL19,extracellular,1
A6NKF2,ARID3C,nucleus,1
Q8WX39,LCN9,extracellular,1
Q6UWM7,LCTL,endoplasmic_reticulum;nucleus,2
O43193,MLNR,plasma_membrane,1
Q9H3K6,BOLA2B,cytosol;nucleus,2
O43869,OR2T1,plasma_membrane,1
Q8NH05,OR4Q3,plasma_membrane,1
Q8NGK6,OR52I1,plasma_membrane,1
Q9Y5E3,PCDHB6,plasma_membrane,1
O14830,PPEF2,cytosol;nucleus;plasma_membrane,3
Q9H2T7,RANBP17,nucleus,1
Q5SY68,S100A7L2,extracellular,1
Q6ZSJ9-2,SHISA6,cell junction;plasma_membrane;synapse,3
O43511,SLC26A4,extracellular;plasma_membrane;vesicle,3
Q9Y2P5,SLC27A5,endoplasmic_reticulum;nucleus;plasma_membrane,3
O15524,SOCS1,cytosol;nucleus;vesicle,3
P22531,SPRR2E,cytosol;plasma_membrane,2
A6XGL0,YJEFN3,mitochondrion,1
Q6ZNG0-2,ZNF620,nucleus,1
Q19AV6,ZSWIM7,nucleus,1
O75503,CLN5,endoplasmic_reticulum;extracellular;golgi;lysosome;vesicle,5
Q16696,CYP2A13,endoplasmic_reticulum;nucleus,2
Q30KQ9,DEFB110,extracellular,1
O14983-2,ATP2A1,endoplasmic_reticulum;er_golgi_intermediate;nucleus,3
Q53S33,BOLA3,mitochondrion,1
O00548,DLL1,cell junction;extracellular;plasma_membrane,3
Q9HAK2,EBF2,nucleus,1
Q04743,EMX2,nucleus;plasma_membrane,2
O43320,FGF16,extracellular,1
Q9BX70,BTBD2,cytosol,1
Q9NU39,FOXD4L1,nucleus,1
Q8NHY3,GAS2L2,cytoskeleton;plasma_membrane,2
O95390,GDF11,extracellular;nucleus,2
Q5T6T3,GLT6D1,golgi;vesicle,2
P40197,GP5,extracellular;plasma_membrane;vesicle,3
A8MXD5,GRXCR1,plasma_membrane,1
Q8TDY8,IGDCC4,plasma_membrane,1
P01589,IL2RA,plasma_membrane,1
Q9NPA1-3,KCNMB3,plasma_membrane,1
Q9UBR4-2,LHX3,nucleus,1
A6NI73-3,LILRA5,extracellular;plasma_membrane,2
Q8NFP4-2,MDGA1,cell junction;er_golgi_intermediate;extracellular;golgi;plasma_membrane;synapse,6
Q10571,MN1,nucleus,1
Q8TDX7,NEK7,cytoskeleton;nucleus,2
Q5H8A3,NMS,extracellular,1
O60393,NOBOX,nucleus,1
Q9HC29-2,NOD2,cytoskeleton;cytosol;mitochondrion;plasma_membrane;vesicle,5
O95502,NPTXR,cell junction;synapse,2
P30989,NTSR1,endoplasmic_reticulum;golgi;plasma_membrane,3
A6NKK0,OR5H1,plasma_membrane,1
Q6TGC4,PADI6,nucleus;vesicle,2
Q9UN72,PCDHA7,plasma_membrane,1
Q9Y5G9-2,PCDHGA4,plasma_membrane,1
P20941,PDC,cytosol;nucleus;plasma_membrane,3
Q8N0Y7,PGAM4,extracellular;plasma_membrane;vesicle,3
O60486,PLXNC1,plasma_membrane,1
P28069-2,POU1F1,cytosol;nucleus,2
P78424,POU6F2,nucleus,1
Q5VY80,RAET1L,endoplasmic_reticulum;extracellular;plasma_membrane,3
Q6ZS11,RINL,cytosol;plasma_membrane;vesicle,3
P34925-2,RYK,nucleus;plasma_membrane,2
Q6PXP3,SLC2A7,plasma_membrane,1
Q9H3Y6,SRMS,cytosol;plasma_membrane,2
Q13536,C1orf61,nucleus,1
A6NKD2,TSPY2,nucleus,1
Q70YC5-3,ZNF365,cytoskeleton,1
Q8NA42,ZNF383,nucleus,1
P51508,ZNF81,nucleus,1
P98169,ZXDB,nucleus,1
Q6PRD7,CEMP1,nucleus,1
O43745,CHP2,cytosol;nucleolus;nucleus;plasma_membrane,4
Q96LI5,CNOT6L,cytosol;nucleus,2
Q8IWT3-3,CUL9,cytosol,1
Q717R9,CYS1,cytoskeleton;cytosol;plasma_membrane,3
P43146,DCC,cytosol;plasma_membrane,2
Q8TE56-2,ADAMTS17,extracellular,1
Q14865,ARID5B,nucleus,1
Q5VXJ0,LIPK,extracellular,1
Q6DKJ4,NXN,cytosol;nucleus,2
O60542,PSPN,extracellular,1
Q9Y6C5,PTCH2,plasma_membrane,1
Q7RTX0,TAS1R3,plasma_membrane,1
Q6ZSZ6-2,TSHZ1,nucleus,1
P17021-2,ZNF17,nucleus,1
Q9NPB3,CABP2,golgi;plasma_membrane,2
Q9UPV0-2,CEP164,cytoskeleton;cytosol;extracellular;nucleus;plasma_membrane,5
Q9GZZ6,CHRNA10,cell junction;plasma_membrane;synapse,3
Q9Y315,DERA,cytosol;extracellular;nucleus;vesicle,4
Q14184,DOC2B,cell junction;plasma_membrane;synapse,3
O00358,FOXE1,nucleus,1
P35453,HOXD13,nucleus,1
Q6UW32,IGFL1,extracellular,1
O43525,KCNQ3,plasma_membrane,1
Q9UM73,ALK,extracellular;plasma_membrane;vesicle,3
Q3ZCM7,TUBB8,cytoskeleton;extracellular;plasma_membrane;vesicle,4
Q2M3X9,ZNF674,nucleus,1
Q9NZN3,EHD3,cell junction;endosome;nucleus;plasma_membrane;vesicle,5
P29083,GTF2E1,nucleus,1
Q9Y3Q4,HCN4,plasma_membrane,1
O14654,IRS4,cytosol;plasma_membrane,2
Q9Y6N6,LAMC3,extracellular,1
Q8WY41,NANOS1,cytosol,1
O60500,NPHS1,cell junction;extracellular;plasma_membrane;vesicle,4
E7ERK2,PAX5,cytosol;nucleolus;nucleus,3
O95263,PDE8B,cytosol,1
Q9Y2V3,RAX,nucleus,1
Q8N196,SIX5,cytosol;nucleus,2
Q05GC8,TRERF1,cytosol;nucleolus;nucleus,3
Q02410,APBA1,cell junction;cytosol;golgi;nucleus;plasma_membrane;synapse;vesicle,7
Q13520,AQP6,vesicle,1
Q8IZD9,DOCK3,cytosol;plasma_membrane,2
P08620,FGF4,extracellular,1
A6NMB9,FIGNL2,nucleus,1
Q8NGU9,GPR150,plasma_membrane,1
O60391,GRIN3B,cell junction;plasma_membrane;synapse,3
Q9Y661,HS3ST4,golgi,1
O43301,HSPA12A,extracellular;nucleus;vesicle,3
Q9NSI5,IGSF5,cell junction;plasma_membrane,2
Q1MX18-2,INSC,plasma_membrane,1
P47901,AVPR1B,endosome;golgi;plasma_membrane;vesicle,4
P14616,INSRR,plasma_membrane,1
Q14003,KCNC3,cell junction;cytoskeleton;plasma_membrane;synapse,4
Q9P206-2,KIAA1522,cell junction;plasma_membrane,2
P22888,LHCGR,endosome;plasma_membrane;vesicle,3
Q9Y623,MYH4,cytoskeleton,1
Q9HC10-2,OTOF,cell junction;cytosol;endoplasmic_reticulum;golgi;nucleus;plasma_membrane;synapse;vesicle,8
Q8TEW8-5,PARD3B,cell junction;plasma_membrane,2
Q03052,POU3F1,nucleus,1
Q8TCU6,PREX1,cytosol;plasma_membrane,2
Q9BZL6,PRKD2,cytosol;golgi;nucleus;plasma_membrane,4
Q9NQE7,PRSS16,endosome;lysosome;vesicle,3
Q96A99-2,PTX4,extracellular,1
P12755,SKI,cytoskeleton;nucleus,2
Q86UU0-2,BCL9L,nucleolus;nucleus,2
P36021,SLC16A2,plasma_membrane,1
O95907,SLC16A8,plasma_membrane,1
Q96PQ0,SORCS2,cell junction;cytosol;endosome;plasma_membrane;synapse;vesicle,6
O14746,TERT,cytosol;mitochondrion;nucleolus;nucleus,4
Q86Y38,XYLT1,extracellular;golgi,2
Q96M02,C10orf90,cytoskeleton;cytosol;nucleus;plasma_membrane,4
P60827,C1QTNF8,extracellular,1
Q96PX6,CCDC85A,cell junction,1
Q04844,CHRNE,cell junction;plasma_membrane;synapse,3
Q9UI17,DMGDH,mitochondrion,1
O00763-2,ACACB,cytosol;mitochondrion;nucleus,3
Q8NFD2,ANKK1,nucleus,1
Q96KN9,GJD4,cell junction;plasma_membrane,2
Q9GZN0,GPR88,nucleus;plasma_membrane,2
Q05586-2,GRIN1,cell junction;endoplasmic_reticulum;extracellular;nucleus;plasma_membrane;synapse;vesicle,7
Q9C0K0-2,BCL11B,nucleus,1
Q5TGS1,HES3,nucleus,1
P14651,HOXB3,nucleus,1
A6NNB3,IFITM5,plasma_membrane,1
P11717,IGF2R,cell junction;endosome;extracellular;golgi;plasma_membrane;vesicle,6
Q13349,ITGAD,plasma_membrane,1
Q93074-2,MED12,nucleus,1
Q8NCU7,C2CD4A,nucleolus;nucleus,2
P17050,NAGA,extracellular;lysosome;vesicle,3
Q9H4Q4,PRDM12,nucleus,1
Q15283,RASA2,cytosol,1
Q9NQ03,SCRT2,nucleus,1
Q5R3F8,ELFN2,extracellular;plasma_membrane,2
P98077,SHC2,cytosol;plasma_membrane,2
Q9Y5U5-2,TNFRSF18,extracellular;plasma_membrane,2
Q5JU69,TOR2A,endoplasmic_reticulum;extracellular;nucleus,3
Q9BY64,UGT2B28,endoplasmic_reticulum;nucleus,2
Q70EK9,USP51,nucleus,1
Q5GH76,XKR4,plasma_membrane,1
P58317,ZNF121,nucleus,1
P17019,ZNF708,nucleus,1
Q8WXS5,CACNG8,cell junction;plasma_membrane;synapse;vesicle,4
Q9NYF0,DACT1,cell junction;cytosol;nucleus;synapse,4
P21917,DRD4,plasma_membrane,1
Q9H329-2,EPB41L4B,cell junction;cytoskeleton,2
B1AK53,ESPN,plasma_membrane,1
Q12947,FOXF2,nucleus,1
O60755,GALR3,plasma_membrane,1
Q8N8V2,GBP7,vesicle,1
Q10567-2,AP1B1,cytosol;endosome;golgi;lysosome;vesicle,5
Q6E213,AWAT2,endoplasmic_reticulum;nucleus,2
P41439,FOLR3,extracellular;plasma_membrane;vesicle,3
Q9UBC7,GALP,extracellular,1
Q8NFL0,B3GNT7,golgi,1
Q969M2,GJA10,cell junction;plasma_membrane,2
Q8TDV0,GPR151,plasma_membrane,1
P31268,HOXA7,nucleus,1
E5RK26,HSF4,nucleus,1
Q8WX77,IGFBPL1,extracellular,1
P42702,LIFR,extracellular;plasma_membrane;vesicle,3
Q8NGC2,OR4E2,plasma_membrane,1
Q8NGD1,OR4N2,plasma_membrane,1
Q9NRD5,PICK1,cell junction;cytoskeleton;cytosol;golgi;plasma_membrane;synapse;vesicle,7
O60733,PLA2G6,cytosol;extracellular;mitochondrion;plasma_membrane,4
Q70Z35-3,PREX2,cytosol;plasma_membrane,2
O75677,RFPL1,nucleus,1
B4DGV2,SEZ6L,endoplasmic_reticulum;nucleus,2
O15266-2,SHOX,nucleus,1
P13866,SLC5A1,endosome;extracellular;plasma_membrane;vesicle,4
Q9NY91,SLC5A4,plasma_membrane,1
P62318,SNRPD3,cytosol;nucleus,2
P22532,SPRR2D,cytosol;plasma_membrane,2
Q7RTT5,SSX7,nucleus,1
Q7Z7C7,STRA8,nucleus,1
Q8TE23,TAS1R2,plasma_membrane,1
Q16762,TST,extracellular;mitochondrion,2
P68036,UBE2L3,cytosol;nucleus,2
P35504,UGT1A5,endoplasmic_reticulum;nucleus,2
Q04917,YWHAH,cell junction;cytosol;extracellular;mitochondrion;plasma_membrane;vesicle,6
P29973,CNGA1,plasma_membrane,1
O14529,CUX2,extracellular;nucleus;vesicle,3
O14638,ENPP3,extracellular;plasma_membrane;vesicle,3
Q56NI9,ESCO2,cell junction;golgi;nucleus,3
O75078,ADAM11,cell junction;plasma_membrane;synapse,3
P40145,ADCY8,cell junction;plasma_membrane;synapse;vesicle,4
O43612,HCRT,cell junction;endoplasmic_reticulum;extracellular;synapse;vesicle,5
O43614,HCRTR2,plasma_membrane,1
P54198,HIRA,extracellular;nucleus;vesicle,3
P10997,IAPP,extracellular,1
P21815,IBSP,extracellular;vesicle,2
O00587,MFNG,extracellular;golgi,2
Q8N3F8,MICALL1,cell junction;cytoskeleton;cytosol;endosome;plasma_membrane;vesicle,6
P40238,MPL,golgi;nucleus;plasma_membrane,3
O43347,MSI1,nucleus,1
Q9Y264,ANGPT4,extracellular,1
Q5SZP1,PAX2,cytoskeleton;nucleus,2
O15055,PER2,cytosol;nucleolus;nucleus,3
P55017-2,SLC12A3,extracellular;plasma_membrane;vesicle,3
Q9NPE6,SPAG4,cytoskeleton;nucleus,2
Q8N859,ZNF713,nucleus,1
Q9Y6F7,CDY2A,nucleus,1
O95196-2,CSPG5,cell junction;endoplasmic_reticulum;extracellular;golgi;lysosome;nucleus;plasma_membrane;synapse;vesicle,9
Q9UQB3,CTNND2,cell junction;nucleus;plasma_membrane;synapse,4
P33261,CYP2C19,endoplasmic_reticulum;nucleus,2
Q9UBC3-3,DNMT3B,nucleus,1
Q05925,EN1,nucleus,1
P48165,GJA8,cell junction;plasma_membrane,2
Q86XP6,GKN2,extracellular,1
Q9BZE0,GLIS2,nucleus,1
Q9H013-2,ADAM19,extracellular;nucleus;plasma_membrane,3
P17481,HOXB8,nucleus,1
Q00444,HOXC5,nucleus,1
O95264-2,HTR3B,cell junction;plasma_membrane;synapse,3
P05015,IFNA16,extracellular,1
Q9UQ05,KCNH4,plasma_membrane,1
Q9UKQ9,KLK9,extracellular;vesicle,2
Q6PI73,LILRA6,plasma_membrane,1
Q8NDX9,LY6G5B,extracellular,1
Q5SRR4-2,LY6G5C,extracellular,1
Q96PD6,MOGAT1,endoplasmic_reticulum;nucleus,2
Q9UQQ1,NAALADL1,plasma_membrane,1
P58180,OR4D2,plasma_membrane,1
Q9NQ33,ASCL3,nucleus,1
P04085-2,PDGFA,endoplasmic_reticulum;extracellular;golgi;plasma_membrane;vesicle,5
Q9NZK7,PLA2G2E,extracellular,1
Q92626,PXDN,endoplasmic_reticulum;extracellular;plasma_membrane;vesicle,4
Q9NYR8,RDH8,cytosol;plasma_membrane,2
Q9BZW2,SLC13A1,plasma_membrane,1
Q9HC58,SLC24A3,plasma_membrane,1
Q9NPD5,SLCO1B3,plasma_membrane,1
P12643,BMP2,extracellular;plasma_membrane,2
P21754-3,ZP3,extracellular;plasma_membrane,2
Q8NFZ8,CADM4,cell junction,1
Q6WN34-2,CHRDL2,extracellular,1
Q30KP9,DEFB135,extracellular,1
O60447,EVI5,cytoskeleton;cytosol;nucleus,3
Q8N8V4,ANKS4B,endoplasmic_reticulum;nucleus;plasma_membrane,3
P22004,BMP6,extracellular,1
Q8IVF7-3,FMNL3,cytosol;golgi;plasma_membrane,3
Q14549,GBX1,nucleus,1
O94923,GLCE,golgi,1
Q00056,HOXA4,nucleus,1
P00739-2,HPR,extracellular;vesicle,2
Q07444-2,KLRC3,plasma_membrane,1
Q6XYB7-2,LBX2,nucleus,1
P48357-2,LEPR,extracellular;plasma_membrane,2
P01229,LHB,extracellular;golgi,2
Q92539,LPIN2,cytosol;endoplasmic_reticulum;nucleus,3
P21941,MATN1,extracellular,1
Q9BSU3,NAA11,cytosol;nucleus,2
Q5VWW1,C1QL3,cell junction;extracellular;synapse,3
Q9HCQ7,NPVF,extracellular,1
Q99640,PKMYT1,cytosol;endoplasmic_reticulum;golgi;nucleus,4
Q15139,PRKD1,cytosol;golgi;plasma_membrane,3
Q13950-2,RUNX2,cytosol;nucleus,2
Q5BKX6-3,SLC45A4,plasma_membrane,1
P17542,TAL1,nucleus,1
P59534,TAS2R39,plasma_membrane,1
Q12870,TCF15,nucleus,1
P22674,CCNO,cytoskeleton;nucleolus;nucleus,3
Q9NRE2,TSHZ2,nucleus,1
Q5SRH9-4,TTC39A,cytoskeleton,1
O94888,UBXN7,cytosol;endoplasmic_reticulum;nucleus,3
Q6P2D0-2,ZFP1,nucleus,1
Q96MM3,ZFP42,nucleus,1
A6NN14,ZNF492,nucleus,1
P54107-2,CRISP1,extracellular;nucleus,2
Q9HC73,CRLF2,extracellular;plasma_membrane,2
P59894,DCDC1,cytoskeleton,1
Q92889,ERCC4,nucleus,1
Q9Y2D4,EXOC6B,vesicle,1
Q5XUX1-3,FBXW9,cytosol,1
Q9NR80,ARHGEF4,cytosol;plasma_membrane,2
P0C7Q2,ARMS2,mitochondrion,1
Q9UI32,GLS2,mitochondrion,1
P13224-2,GP1BB,plasma_membrane,1
Q9NS67,GPR27,plasma_membrane,1
Q9H7F0,ATP13A3,endosome;vesicle,2
Q9H4S2,GSX1,nucleus,1
Q9UMX6,GUCA1B,plasma_membrane,1
O94927,HAUS5,cytoskeleton;cytosol,2
A6NFD8,HELT,nucleus,1
P52926,HMGA2,nucleolus;nucleus,2
P31277,HOXD11,nucleus,1
Q9H2S9,IKZF4,nucleus,1
P78414,IRX1,nucleus,1
O14511-4,NRG2,extracellular;nucleolus;nucleus;plasma_membrane,4
O60285,NUAK1,cytoskeleton;nucleolus;nucleus,3
Q02509,OC90,extracellular,1
P30953,OR1E1,plasma_membrane,1
Q8NBP7,PCSK9,endoplasmic_reticulum;endosome;extracellular;golgi;lysosome;plasma_membrane;vesicle,7
Q5UE93,PIK3R6,cytosol;plasma_membrane,2
Q9HB19,PLEKHA2,nucleus;plasma_membrane,2
Q6AI14,SLC9A4,plasma_membrane;vesicle,2
O76094,SRP72,cytosol;endoplasmic_reticulum,2
A6NDS4,TBC1D3B,plasma_membrane,1
Q7Z6R9,TFAP2D,nucleus,1
P42681,TXK,cytosol;nucleolus;nucleus;plasma_membrane,4
P35503,UGT1A3,endoplasmic_reticulum;nucleus,2
Q8NCN2,ZBTB34,nucleus,1
Q13106,ZNF154,nucleus,1
Q2VPA4,CR1L,extracellular;plasma_membrane,2
Q9UPW0-2,FOXJ3,nucleus,1
Q8N139,ABCA6,golgi;nucleus;plasma_membrane,3
Q2VIQ3,KIF4B,cytoskeleton;cytosol;nucleus,3
Q8IWU2,LMTK2,endosome;golgi;vesicle,3
Q5C9Z4,NOM1,nucleolus;nucleus,2
Q6UXI9,NPNT,extracellular;vesicle,2
Q9Y5H0,PCDHGA3,plasma_membrane,1
Q09428,ABCC8,plasma_membrane,1
Q6ZV29-5,PNPLA7,endoplasmic_reticulum;nucleus,2
O14522,PTPRT,plasma_membrane,1
Q96PX1,RNF157,vesicle,1
Q9NSC2,SALL1,nucleus,1
O14512,SOCS7,cytosol;nucleus;plasma_membrane,3
Q9NRJ4-2,TULP4,cytosol,1
Q5DID0-2,UMODL1,extracellular;plasma_membrane,2
Q8IZJ1-2,UNC5B,plasma_membrane,1
Q9H3Z7,ABHD16B,nucleus,1
Q9UKF5-2,ADAM29,plasma_membrane,1
P98196,ATP11A,endoplasmic_reticulum;endosome;golgi;lysosome;nucleus;plasma_membrane;vesicle,7
Q8TF62,ATP8B4,golgi;plasma_membrane;vesicle,3
O75110,ATP9A,endosome;golgi;plasma_membrane;vesicle,4
P22607-2,FGFR3,endoplasmic_reticulum;extracellular;golgi;plasma_membrane;vesicle,5
Q1KMD3,HNRNPUL2,nucleus,1
P22459,KCNA4,cell junction;plasma_membrane;synapse,3
Q68CK6,ACSM2B,mitochondrion,1
Q5VY43,PEAR1,plasma_membrane,1
P20264,POU3F3,nucleus,1
Q9HAZ2-2,PRDM16,cytosol;nucleus,2
Q9NNZ6,PRM3,nucleus,1
A6NE02,BTBD17,extracellular;plasma_membrane,2
Q9P2B2,PTGFRN,endoplasmic_reticulum;golgi;nucleus;plasma_membrane,4
E7ESF1,RGPD1,nucleus,1
O14924,RGS12,cell junction;nucleolus;nucleus;plasma_membrane;synapse,5
Q6ZS82,RGS9BP,plasma_membrane,1
Q9BWW7,SCRT1,nucleus,1
P84550-3,SKOR1,nucleus;plasma_membrane,2
Q6ZPD8,DGAT2L6,endoplasmic_reticulum;nucleus,2
Q6PIF2,SYCE2,nucleus,1
Q15061,WDR43,nucleolus;nucleus,2
Q8IUA0,WFDC8,extracellular,1
O15231,ZNF185,cell junction;cytoskeleton;cytosol;plasma_membrane,4
Q9Y2H0-1,DLGAP4,cell junction;plasma_membrane;synapse,3
Q86VI1,EXOC3L1,vesicle,1
Q13461,FOXE3,nucleus,1
Q9Y2L6-2,FRMD4B,cell junction;cytoskeleton;extracellular,3
Q16478,GRIK5,cell junction;plasma_membrane;synapse,3
Q12809-2,KCNH2,plasma_membrane,1
Q9Y2U8,LEMD3,nucleus,1
Q8NHZ7,MBD3L2,nucleus,1
A6NI15,MSGN1,nucleus,1
P48681,NES,cytoskeleton,1
A8K2U0,A2ML1,extracellular;vesicle,2
Q9BZC7-3,ABCA2,cytoskeleton;endosome;lysosome;plasma_membrane;vesicle,5
Q15075,EEA1,cytosol;endosome;extracellular;vesicle,4
P0C2W1,FBXO45,cell junction;extracellular;nucleus;plasma_membrane;synapse,5
O75420,GIGYF1,cytosol,1
P10070,GLI2,cytoskeleton;cytosol;nucleolus;nucleus;plasma_membrane,5
Q9ULT8,HECTD1,nucleolus;nucleus,2
Q76NI1-6,KNDC1,plasma_membrane,1
Q9HAT1-3,LMAN1L,endoplasmic_reticulum;er_golgi_intermediate;extracellular;golgi;nucleus;vesicle,6
Q9Y5R2,MMP24,extracellular;golgi;plasma_membrane;vesicle,4
O75970-2,MPDZ,cell junction;plasma_membrane;synapse,3
Q76LX8,ADAMTS13,endoplasmic_reticulum;extracellular;plasma_membrane,3
P11055,MYH3,cytoskeleton;cytosol;extracellular;vesicle,4
O14513,NCKAP5,cytoskeleton,1
Q86WI3,NLRC5,cytosol;nucleus,2
Q14690,PDCD11,nucleolus;nucleus,2
P42356,PI4KA,cell junction;cytosol;extracellular;golgi;plasma_membrane;vesicle,6
O15031,PLXNB2,extracellular;plasma_membrane;vesicle,3
Q86XR5,PRIMA1,cell junction;plasma_membrane;synapse,3
P23471,PTPRZ1,extracellular;plasma_membrane,2
Q6ZRY4,RBPMS2,cytosol;nucleus,2
P35499,SCN4A,plasma_membrane,1
O75182-2,SIN3B,nucleus,1
A8MU46,SMTNL1,nucleus,1
Q86TB3,ALPK2,plasma_membrane,1
Q5SXM2,SNAPC4,nucleus,1
P02549-2,SPTA1,cell junction;cytoskeleton;cytosol;plasma_membrane,4
O95425-2,SVIL,cell junction;cytoskeleton;nucleus;plasma_membrane,4
Q5VWG9,TAF3,nucleus,1
Q9HCD6-2,TANC2,cell junction;plasma_membrane;synapse,3
O75443,TECTA,extracellular;plasma_membrane;vesicle,3
Q702N8,XIRP1,cell junction;nucleus,2
Q96SR6-2,ZNF382,nucleus,1
Q8TD23,ZNF675,nucleus,1
O75290,ZNF780A,nucleus,1
Q8NHG8,ZNRF2,cell junction;cytosol;endosome;lysosome;nucleolus;nucleus;plasma_membrane;synapse;vesicle,9
P29374,ARID4A,cytosol;nucleus;plasma_membrane,3
Q8NB49-2,ATP11C,endoplasmic_reticulum;endosome;lysosome;nucleus;plasma_membrane;vesicle,6
A6NLJ0,C2CD4B,nucleus,1
Q86X55-1,CARM1,cytosol;nucleus,2
Q9BV73,CEP250,cytoskeleton;cytosol;extracellular;plasma_membrane;vesicle,5
Q9Y238-3,DLEC1,cytosol;plasma_membrane,2
Q60I27-2,ALS2CL,cytosol;vesicle,2
Q7Z7M8,B3GNT8,extracellular;golgi;mitochondrion;vesicle,4
Q8TDI8,TMC1,plasma_membrane,1
Q96RJ3,TNFRSF13C,plasma_membrane,1
Q5TCY1,TTBK1,cytosol;nucleus,2
P56703,WNT3,endoplasmic_reticulum;extracellular;golgi;plasma_membrane;vesicle,5
Q8IX03,WWC1,cytosol;nucleus;plasma_membrane,3
Q01954,BNC1,nucleolus;nucleus,2
O14578-3,CIT,cytosol,1
P11678,EPX,extracellular;vesicle,2
O60741,HCN1,plasma_membrane,1
Q96QI5,HS3ST6,golgi,1
Q16787,LAMA3,cell junction;endoplasmic_reticulum;extracellular;plasma_membrane;synapse;vesicle,6
Q9NRM7,LATS2,cytoskeleton;cytosol;nucleus,3
Q8IVL0-2,NAV3,cytoskeleton;nucleus,2
Q8TE49,OTUD7A,cytosol;nucleus,2
P52945,PDX1,cytosol;nucleus,2
Q9UKL0,RCOR1,nucleus,1
Q9Y651,SOX21,nucleus,1
Q6L9W6,B4GALNT3,golgi,1
Q9H3R1,NDST4,golgi,1
P04000,OPN1LW,plasma_membrane,1
P03999,OPN1SW,plasma_membrane,1
Q8NGS0,OR1N1,plasma_membrane,1
Q9H2C8,OR51V1,plasma_membrane,1
Q9NZP8,C1RL,extracellular;vesicle,2
Q6IFN5,OR7E24,plasma_membrane,1
Q9Y5F9,PCDHGB6,plasma_membrane,1
Q6ZWE6-2,PLEKHM3,golgi;plasma_membrane,2
O95343,SIX3,nucleus,1
Q9HAW9,UGT1A8,endoplasmic_reticulum;nucleus,2
O60729,CDC14B,cytoskeleton;nucleolus;nucleus,3
D6RF47,WNT8A,extracellular,1
Q93098,WNT8B,extracellular,1
Q2WEN9,CEACAM16,extracellular;plasma_membrane,2
Q30KQ6,DEFB114,extracellular,1
P04626-2,ERBB2,cytosol;endosome;nucleus;plasma_membrane;vesicle,5
P51841,GUCY2F,nucleus;plasma_membrane,2
P54257-2,HAP1,cell junction;cytoskeleton;cytosol;endoplasmic_reticulum;endosome;lysosome;mitochondrion;nucleolus;nucleus;plasma_membrane;synapse;vesicle,12
Q5JU85-3,IQSEC2,cell junction;plasma_membrane;synapse,3
Q9BYV9,BACH2,cytosol;nucleus,2
Q96AE4-2,FUBP1,nucleus,1
Q9P109,GCNT4,golgi,1
Q8TD86,CALML6,cytosol;nucleus,2
P31275,HOXC12,nucleus,1
P05019-2,IGF1,extracellular;plasma_membrane;vesicle,3
E9PDL1,PGA3,endosome;extracellular;vesicle,3
P21246,PTN,endoplasmic_reticulum;extracellular,2
Q96SB8,SMC6,nucleus,1
P55008,AIF1,cytoskeleton;cytosol;nucleus;plasma_membrane,4
P80162,CXCL6,extracellular,1
Q9ULJ7,ANKRD50,endosome;vesicle,2
P99999,CYCS,cytosol;mitochondrion;nucleus,3
Q9NY33,DPP3,cytosol;extracellular;vesicle,3
Q08426,EHHADH,cytosol;peroxisome,2
Q92800-2,EZH1,nucleus,1
Q9H098-2,FAM107B,nucleus,1
Q13823,GNL2,nucleolus;nucleus,2
P13798,APEH,cytosol;extracellular;nucleus;vesicle,4
P51659,HSD17B4,cytosol;peroxisome,2
P07900-2,HSP90AA1,cytosol;extracellular;lysosome;mitochondrion;nucleus;plasma_membrane;vesicle,7
Q16666-2,IFI16,cytosol;nucleolus;nucleus,3
Q96BM0,IFI27L1,mitochondrion,1
Q6UXB1,IGFL3,extracellular,1
Q8WXH2,JPH3,endoplasmic_reticulum;nucleus;plasma_membrane,3
Q99661-2,KIF2C,cytoskeleton;cytosol;nucleus,3
Q53QV2,LBH,nucleus,1
Q6UWE0,LRSAM1,cytosol,1
P48449,LSS,endoplasmic_reticulum;nucleus,2
Q13021,MALL,golgi;plasma_membrane;vesicle,3
P33992,MCM5,nucleus,1
Q15121,PEA15,cytosol;nucleus,2
P62877,RBX1,cytoskeleton;cytosol;golgi;nucleus,4
Q15418-2,RPS6KA1,cytosol;nucleus,2
Q9HBH7,BEX1,nucleus,1
O75368,SH3BGRL,cytosol;extracellular;nucleus;plasma_membrane;vesicle,5
Q9Y6A9,SPCS1,endoplasmic_reticulum;nucleus,2
Q9BRU2,TCEAL7,nucleus,1
Q9NUH8,TMEM14B,mitochondrion,1
O14604,TMSB4Y,cytoskeleton;cytosol,2
Q9ULW0,TPX2,cytoskeleton;cytosol;extracellular;nucleus,4
Q15819,UBE2V2,extracellular;nucleus;vesicle,3
P27658,COL8A1,endoplasmic_reticulum;extracellular,2
P49916,LIG3,mitochondrion;nucleus,2
Q9H251-2,CDH23,plasma_membrane,1
P27816-6,MAP4,cytoskeleton;plasma_membrane,2
Q9H0A0,NAT10,nucleolus;nucleus,2
Q9ULD0,OGDHL,mitochondrion,1
Q14432,PDE3A,cytosol,1
P42338,PIK3CB,cytosol;nucleolus;nucleus;plasma_membrane,4
Q96HA1,POM121,endoplasmic_reticulum;nucleus,2
Q16827,PTPRO,cell junction;er_golgi_intermediate;extracellular;plasma_membrane;synapse;vesicle,6
Q96IK1,BOD1,cytoskeleton;nucleus,2
O75150-4,RNF40,nucleus,1
P51812,RPS6KA3,cytosol;nucleolus;nucleus,3
Q9UJQ4,SALL4,nucleus,1
Q9BY07-7,SLC4A5,plasma_membrane,1
Q9Y5W7-2,SNX14,cytosol;endosome;lysosome;plasma_membrane;vesicle,5
Q8IVY1,C1orf210,endosome;plasma_membrane;vesicle,3
P22528,SPRR1B,cytosol;plasma_membrane,2
Q9NR97,TLR8,endoplasmic_reticulum;endosome;golgi;lysosome;nucleus;plasma_membrane;vesicle,7
Q9UBN4,TRPC4,cytoskeleton;plasma_membrane,2
Q63HK5,TSHZ3,nucleus;plasma_membrane,2
Q9H892-2,TTC12,cytoskeleton,1
P41226,UBA7,cytosol;nucleus,2
Q7Z3V4,UBE3B,cell junction;mitochondrion;synapse,3
Q14139-2,UBE4A,nucleus,1
P40818,USP8,cell junction;cytosol;endosome;nucleus;plasma_membrane;synapse;vesicle,7
Q5W0Q7,USPL1,extracellular;nucleus,2
Q8WVS4,WDR60,cytoskeleton;extracellular;nucleus;plasma_membrane,4
Q8IWG1,WDR63,cytoskeleton;plasma_membrane,2
Q13191,CBLB,cytosol;plasma_membrane,2
Q96QU8,XPO6,cytosol;nucleolus;nucleus,3
Q2M1K9,ZNF423,nucleus,1
Q3SXZ3,ZNF718,nucleus,1
Q96HY7,DHTKD1,mitochondrion,1
Q92620,DHX38,nucleus,1
O00418,EEF2K,cell junction;cytosol;synapse,3
P28715-2,ERCC5,nucleus,1
Q8N3X1-2,FNBP4,nucleus,1
Q9P107,GMIP,cytosol;nucleus;plasma_membrane,3
Q96PE3-3,INPP4A,cell junction;cytosol;endosome;nucleus;plasma_membrane;synapse;vesicle,7
P08648,ITGA5,cell junction;plasma_membrane,2
Q17RG1,KCTD19,nucleus,1
Q9NPJ3,ACOT13,cytoskeleton;cytosol;mitochondrion;nucleus,4
Q09666,AHNAK,cell junction;cytoskeleton;cytosol;extracellular;lysosome;nucleus;plasma_membrane;vesicle,8
P02792,FTL,cytosol;extracellular;lysosome;vesicle,4
P22749-2,GNLY,extracellular;vesicle,2
Q8IXM2,C17orf49,cytosol;nucleus,2
P35225,IL13,extracellular;plasma_membrane,2
P05161,ISG15,cytosol;extracellular;nucleus,3
Q9Y2Q5-2,LAMTOR2,endosome;lysosome;plasma_membrane;vesicle,4
Q8TAP4,LMO3,nucleus,1
Q9NPJ4,PNRC2,cytosol;nucleus,2
Q96PE7,MCEE,mitochondrion,1
Q9NXD2-3,MTMR10,cytosol,1
O14931-3,NCR3,plasma_membrane,1
Q9UKK6,NXT1,cytosol;nucleus,2
Q96DC9,OTUB2,nucleus,1
P62937,PPIA,cell junction;cytosol;extracellular;nucleus;plasma_membrane;vesicle,6
Q9BV57,ADI1,cytosol;nucleus;plasma_membrane,3
P34096,RNASE4,extracellular,1
P62829,RPL23,cell junction;cytosol;extracellular;nucleolus;nucleus;vesicle,6
P46783,RPS10,cell junction;cytosol;nucleolus;nucleus,4
P19793,RXRA,cytosol;mitochondrion;nucleus,3
O60880,SH2D1A,cytosol,1
Q9BRY0,SLC39A3,cell junction;plasma_membrane;synapse,3
Q53HV7-2,SMUG1,cytosol;nucleolus;nucleus,3
O14907,TAX1BP3,cytosol;extracellular;nucleolus;nucleus;plasma_membrane;vesicle,6
Q8N7M0,TCTEX1D1,cytoskeleton,1
Q8TBB0,THAP6,cytoskeleton,1
Q9BVK8,TMEM147,endoplasmic_reticulum;nucleus;plasma_membrane,3
Q05952,TNP2,nucleolus;nucleus,2
Q13404-1,UBE2V1,cytosol;extracellular;nucleus;vesicle,4
Q8NEZ2-2,VPS37A,cytoskeleton;cytosol;endosome;nucleus;vesicle,5
O75575-2,CRCP,cytosol;nucleus;plasma_membrane,3
Q9ULC0-2,EMCN,extracellular;plasma_membrane,2
Q8N5U0,C11orf42,plasma_membrane,1
Q9H6J7-2,C11orf49,cytoskeleton,1
P48507,GCLM,cytosol,1
B9A064,IGLL5,extracellular;vesicle,2
P24001-2,IL32,cytosol;extracellular,2
O95760,IL33,extracellular;nucleus;vesicle,3
Q9H008,LHPP,cytosol;nucleus,2
E9PMV2,HLA-DQA1,endoplasmic_reticulum;endosome;golgi;lysosome;nucleus;plasma_membrane;vesicle,7
Q9HB07,C12orf10,mitochondrion;nucleolus;nucleus,3
Q96EY8,MMAB,mitochondrion,1
Q92886,NEUROG1,nucleus,1
Q3KNV8-2,PCGF3,nucleus,1
Q9UG56-2,PISD,cytosol;mitochondrion;nucleus,3
P48739-2,PITPNB,cytosol;endoplasmic_reticulum;golgi;nucleus,4
Q969W9-2,PMEPA1,endosome;golgi;plasma_membrane;vesicle,4
Q13162,PRDX4,cytosol;endoplasmic_reticulum;extracellular;nucleus;vesicle,5
A6NJB7-2,PRR19,nucleus,1
P25789,PSMA4,cell junction;cytosol;extracellular;nucleus;synapse;vesicle,6
Q8WVZ7,RNF133,endoplasmic_reticulum;endosome;golgi;nucleus;vesicle,5
Q9H0A6-2,RNF32,cytosol;endosome;nucleus;vesicle,4
P49247,RPIA,cytosol;mitochondrion,2
Q9UHV2,SERTAD1,nucleus,1
O75940,SMNDC1,nucleus,1
Q8IUE1,TGIF2LX,nucleus,1
Q96H15,TIMD4,extracellular;plasma_membrane,2
Q9NUM4,TMEM106B,endosome;lysosome;plasma_membrane;vesicle,4
Q8NCL8,TMEM116,endoplasmic_reticulum;nucleus,2
Q96B42-2,TMEM18,nucleus,1
P57088,TMEM33,endoplasmic_reticulum;nucleus;vesicle,3
Q9H3S4,TPK1,cytosol,1
P19075,TSPAN8,extracellular;plasma_membrane;vesicle,3
Q8N567,ZCCHC9,nucleolus;nucleus,2
Q8N4T8,CBR4,mitochondrion,1
P08217,CELA2A,cytosol;extracellular,2
Q9BRQ6,CHCHD6,cytosol;mitochondrion,2
O15247,CLIC2,cytosol;nucleus;plasma_membrane,3
O95639-2,CPSF4,nucleus,1
P56177,DLX1,cytosol;nucleus,2
Q9H1R2-3,DUSP15,cytosol;plasma_membrane,2
P54793,ARSF,endoplasmic_reticulum;extracellular;vesicle,3
Q9NVN8,GNL3L,cytosol;nucleolus;nucleus,3
Q6UWX4,HHIPL2,extracellular,1
P52294,KPNA1,cytosol;nucleus;plasma_membrane,3
P52292,KPNA2,cytosol;endoplasmic_reticulum;golgi;nucleus,4
O15131,KPNA5,cytosol;nucleus,2
P17031,ZNF26,nucleus,1
P01880-2,IGHD,extracellular;plasma_membrane;vesicle,3
Q96GW9,MARS2,mitochondrion,1
O95243-2,MBD4,nucleus,1
O15344,MID1,cytoskeleton;cytosol;golgi,3
Q9Y2X3,NOP58,nucleolus;nucleus,2
Q9UBL3-2,ASH2L,nucleus;plasma_membrane,2
Q7RTM1,OTOP1,plasma_membrane,1
Q86VD9,PIGZ,endoplasmic_reticulum;nucleus,2
P52434,POLR2H,cytosol;nucleolus;nucleus,3
O43242,PSMD3,cell junction;cytosol;extracellular;nucleus;synapse;vesicle,6
Q03431,PTH1R,nucleus;plasma_membrane,2
Q06124-2,PTPN11,cell junction;cytosol;mitochondrion;nucleolus;nucleus,5
Q7LDG7-2,RASGRP2,cell junction;cytosol;plasma_membrane;synapse,4
P13521,SCG2,endoplasmic_reticulum;extracellular;vesicle,3
Q9Y267,SLC22A14,mitochondrion,1
Q8N4M1-2,SLC44A3,plasma_membrane,1
Q9Y289,SLC5A6,plasma_membrane,1
Q9BRD0,BUD13,nucleus,1
Q9UPE1-4,SRPK3,nucleus,1
Q9H6E5,TUT1,cytosol;nucleolus;nucleus,3
Q6NUS8,UGT3A1,endoplasmic_reticulum;nucleus,2
P17029,ZKSCAN1,nucleus,1
Q08ER8,ZNF543,nucleus,1
Q9NQ89,C12orf4,endosome;vesicle,2
Q8IYA8,CCDC36,nucleus,1
Q7RTS9,DYM,golgi,1
Q5JPH6,EARS2,mitochondrion,1
Q99504,EYA3,cytoskeleton;nucleus,2
Q6PIW4-2,FIGNL1,extracellular;nucleus;vesicle,3
Q8TBF8,FAM81A,cell junction;synapse,2
Q9H503,BANF2,nucleus,1
Q9UJ42,GPR160,plasma_membrane,1
Q9NZI2-2,KCNIP1,plasma_membrane,1
P26717,KLRC2,plasma_membrane,1
P26718,KLRK1,plasma_membrane,1
O95970,LGI1,endoplasmic_reticulum;extracellular;golgi,3
Q52LA3,LIN52,nucleus,1
Q0VAK6,LMOD3,cytoskeleton,1
Q9Y5Q3,MAFB,nucleus,1
Q9HD90,NEUROD4,cytoskeleton;cytosol;nucleus,3
Q9UGF5,OR14J1,plasma_membrane,1
Q8NGA1,OR1M1,plasma_membrane,1
Q8NG81,OR2M7,plasma_membrane,1
Q9Y376,CAB39,cytosol;extracellular;vesicle,3
Q8NG76,OR2T33,plasma_membrane,1
Q9H339,OR51B5,plasma_membrane,1
Q96RD2,OR52B2,plasma_membrane,1
Q8NGK3,OR52K2,plasma_membrane,1
Q8NGN1,OR6T1,plasma_membrane,1
Q06432,CACNG1,plasma_membrane,1
O14986-2,PIP5K1B,cytosol;plasma_membrane,2
Q9HAB8,PPCS,cytosol;nucleus,2
Q16378,PRR4,extracellular,1
P26022,PTX3,extracellular;vesicle,2
P28702,RXRB,cytosol;nucleolus;nucleus,3
P23193,TCEA1,nucleolus;nucleus,2
Q9NRX6,TMEM167B,golgi,1
Q9H1Z9,TSPAN10,plasma_membrane,1
Q96SF2,CCT8L2,cytosol,1
P08912,CHRM5,cell junction;plasma_membrane;synapse,3
P36544,CHRNA7,cell junction;endoplasmic_reticulum;nucleus;plasma_membrane;synapse,5
B4DMQ8,DPF1,nucleus,1
Q9Y4W6,AFG3L2,mitochondrion,1
Q4ZHG4-2,FNDC1,extracellular;nucleus,2
P30793,GCH1,cytosol;nucleus;plasma_membrane;vesicle,4
Q5U4N7,GDF5OS,mitochondrion,1
P61604,HSPE1,extracellular;mitochondrion;vesicle,3
Q8WXG6-2,MADD,cytosol;plasma_membrane,2
O60675,MAFK,nucleus,1
Q9BUB5-2,MKNK1,cytosol;nucleus,2
Q8WUY8,NAT14,nucleus,1
O15259-2,NPHP1,cell junction;cytoskeleton;cytosol;plasma_membrane,4
Q8WX93-3,PALLD,cell junction;cytoskeleton;cytosol;mitochondrion;nucleus;plasma_membrane;synapse,7
Q9Y5G0-2,PCDHGB5,extracellular;plasma_membrane;vesicle,3
Q29RF7,PDS5A,cytosol;nucleus;plasma_membrane,3
Q8N3E9,PLCD3,plasma_membrane,1
Q8WUF5,PPP1R13L,cell junction;cytosol;extracellular;nucleus,4
P23942,PRPH2,plasma_membrane,1
P28827,PTPRM,cell junction;plasma_membrane,2
Q96H20-2,SNF8,cytosol;endosome;extracellular;nucleus;plasma_membrane;vesicle,6
Q68D10-2,SPTY2D1,nucleolus;nucleus,2
P78362-2,SRPK2,cytosol;nucleolus;nucleus,3
Q03518,TAP1,cytoskeleton;endoplasmic_reticulum;er_golgi_intermediate;nucleus;vesicle,5
Q02763,TEK,cell junction;cytoskeleton;extracellular;plasma_membrane,4
Q9BXN1,ASPN,extracellular,1
Q8N7U7-2,TPRX1,nucleus,1
Q6ZMU5-2,TRIM72,plasma_membrane;vesicle,2
Q14146,URB2,nucleolus;nucleus,2
Q9BQY6-2,WFDC6,extracellular,1
Q9BQ24,ZFYVE21,cell junction;endosome;vesicle,3
Q8N1D5,C1orf158,cytoskeleton;plasma_membrane,2
Q16740,CLPP,mitochondrion,1
Q9H4D0,CLSTN2,cell junction;endoplasmic_reticulum;golgi;nucleus;plasma_membrane;synapse,6
A0AVK6,E2F8,nucleolus;nucleus,2
Q9Y4P1-2,ATG4B,cytosol;endoplasmic_reticulum;mitochondrion;vesicle,4
P06396-2,GSN,cell junction;cytoskeleton;cytosol;extracellular;nucleus;plasma_membrane;vesicle,7
Q9UBD0,HSFX1,cytosol;nucleus,2
P38484,IFNGR2,endoplasmic_reticulum;golgi;nucleus;plasma_membrane;vesicle,5
P78318,IGBP1,cytosol,1
P35858,IGFALS,extracellular;vesicle,2
Q6PIU1,KCNV1,plasma_membrane,1
P49257,LMAN1,endoplasmic_reticulum;er_golgi_intermediate;extracellular;golgi;nucleus;vesicle,6
P52907,CAPZA1,cytoskeleton;cytosol;extracellular;vesicle,4
Q8TAT6-2,NPLOC4,cytosol;endoplasmic_reticulum;nucleus,3
Q8TAK6,OLIG1,nucleus,1
O95918,OR2H2,plasma_membrane,1
P27815-2,PDE4A,cytosol;plasma_membrane,2
Q16877,PFKFB4,cytosol,1
Q96KN3,PKNOX2,nucleus,1
P49593,PPM1F,cytosol;nucleus,2
P58294,PROK1,extracellular,1
P60484,PTEN,cell junction;cytosol;extracellular;nucleus;plasma_membrane;synapse,6
Q9H4A4,RNPEP,extracellular;plasma_membrane;vesicle,3
Q15349,RPS6KA2,cytosol;nucleus,2
P46781,RPS9,cell junction;cytosol;extracellular;nucleolus;nucleus;vesicle,6
Q13185,CBX3,cytoskeleton;nucleus,2
Q9Y6U3,SCIN,cell junction;cytoskeleton;extracellular;vesicle,4
O95475,SIX6,nucleus,1
P49281-2,SLC11A2,endosome;extracellular;golgi;lysosome;mitochondrion;nucleus;plasma_membrane;vesicle,8
Q9Y2Z0-2,SUGT1,cytosol;nucleus,2
P22314,UBA1,cytosol;extracellular;mitochondrion;nucleus;vesicle,5
Q8TBC5,ZSCAN18,nucleus,1
O94985-2,CLSTN1,cell junction;endoplasmic_reticulum;golgi;nucleus;plasma_membrane;synapse,6
P36405,ARL3,cytoskeleton;extracellular;golgi;nucleus;plasma_membrane;vesicle,6
Q8WTW3,COG1,golgi;vesicle,2
Q8TCG5-2,CPT1C,endoplasmic_reticulum;mitochondrion;nucleus;plasma_membrane,4
O75629,CREG1,endosome;extracellular;lysosome;vesicle,4
Q13838-2,DDX39B,nucleus,1
Q9NY93,DDX56,cytosol;nucleolus;nucleus,3
Q14320,FAM50A,nucleus,1
P62861,FAU,cytosol;endoplasmic_reticulum;extracellular;nucleolus;nucleus,5
P15328,FOLR1,endoplasmic_reticulum;endosome;er_golgi_intermediate;extracellular;golgi;nucleus;plasma_membrane;vesicle,8
P54803,GALC,lysosome,1
Q96J65,ABCC12,endoplasmic_reticulum;nucleus,2
Q6IQ32,ADNP2,nucleus,1
P10075,GLI4,nucleus,1
Q9NYA3,GOLGA6A,golgi,1
E5RFX0,HACE1,endoplasmic_reticulum;golgi;nucleus,3
Q9UKV0-3,HDAC9,nucleus,1
Q96QV1,HHIP,extracellular;plasma_membrane,2
Q14527,HLTF,nucleus;plasma_membrane,2
P14652,HOXB2,nucleus,1
Q9H3M0,KCNF1,plasma_membrane,1
O75081-3,CBFA2T3,golgi;nucleolus;nucleus,3
Q08397,LOXL1,extracellular,1
Q86V48-2,LUZP1,cell junction;cytoskeleton;extracellular;nucleus;plasma_membrane;vesicle,6
Q14934-10,NFATC4,cytosol;nucleus,2
Q8N8D7,NKAIN3,plasma_membrane,1
P29475-3,NOS1,cell junction;cytoskeleton;cytosol;endoplasmic_reticulum;mitochondrion;nucleus;plasma_membrane;synapse,8
Q9NWQ8,PAG1,plasma_membrane,1
Q8IXQ6-2,PARP9,cytosol;mitochondrion;nucleus,3
Q9UBG7,RBPJL,nucleus,1
P47914,RPL29,cytosol;endoplasmic_reticulum;nucleolus;nucleus,4
P14635,CCNB1,cytoskeleton;cytosol;nucleus,3
Q58EX2-2,SDK2,cell junction;plasma_membrane;synapse,3
Q5TCZ1-3,SH3PXD2A,cytoskeleton;cytosol,2
Q9HD15,SRA1,cytosol;nucleus,2
O60343-2,TBC1D4,cytosol;golgi,2
Q9BQ50-2,TREX2,nucleus,1
P04818,TYMS,cytosol;mitochondrion;nucleus,3
P46109,CRKL,cytosol;nucleus,2
Q9Y6F9,WNT6,endoplasmic_reticulum;extracellular;golgi;plasma_membrane;vesicle,5
O95409,ZIC2,nucleus,1
P52747-2,ZNF143,nucleus,1
Q9UBX1,CTSF,endoplasmic_reticulum;extracellular;lysosome;plasma_membrane;vesicle,5
Q92904,DAZL,nucleus,1
Q9UNE0,EDAR,plasma_membrane,1
Q9UJU5,FOXD3,nucleus,1
P57678,GEMIN4,cytosol;extracellular;nucleolus;nucleus;vesicle,5
O94805,ACTL6B,nucleus,1
O75311,GLRA3,cell junction;plasma_membrane;synapse,3
P14653,HOXB1,nucleus,1
Q8WYH8-2,ING5,nucleus,1
O15503,INSIG1,endoplasmic_reticulum;nucleus,2
Q13571,LAPTM5,lysosome;plasma_membrane;vesicle,3
Q9HCE5,METTL14,nucleus,1
Q9ULW6,NAP1L2,cytosol;nucleus;plasma_membrane,3
O60566-2,BUB1B,cytoskeleton;cytosol;nucleus,3
Q7RTP0-2,NIPA1,endosome;plasma_membrane;vesicle,3
Q9NPH5-6,NOX4,cell junction;endoplasmic_reticulum;mitochondrion;nucleolus;nucleus;plasma_membrane,6
P55786,NPEPPS,cytosol;extracellular;nucleus;vesicle,4
Q8WXW3,PIBF1,cytoskeleton;extracellular;nucleus,3
P30613,PKLR,cytosol;extracellular;vesicle,3
O75365-2,PTP4A3,endosome;nucleus;plasma_membrane;vesicle,4
Q5VU69,C1orf189,cytoskeleton;plasma_membrane,2
Q9UNH7,SNX6,endosome;lysosome;nucleus;vesicle,4
Q9NWH7-2,SPATA6,extracellular;plasma_membrane,2
P63165,SUMO1,cytosol;nucleolus;nucleus;plasma_membrane,4
Q9BSA9,TMEM175,endosome;lysosome;vesicle,3
P51580,TPMT,cytosol,1
Q96A61,TRIM52,cytosol;nucleus,2
P22309,UGT1A1,endoplasmic_reticulum;nucleus,2
Q5H9K5,ZMAT1,nucleus,1
Q96N20,ZNF75A,nucleus,1
A0PK11,CLRN2,plasma_membrane,1
P07320,CRYGD,nucleus,1
Q16134,ETFDH,mitochondrion,1
Q01433-2,AMPD2,cytosol,1
Q9UBI6,GNG12,extracellular;plasma_membrane;vesicle,3
A8CG34-2,POM121C,endoplasmic_reticulum;nucleus,2
O75127,PTCD1,mitochondrion,1
Q96T21,SECISBP2,mitochondrion;nucleus,2
Q15582,TGFBI,extracellular;golgi;plasma_membrane;vesicle,4
Q96B49,TOMM6,mitochondrion,1
Q96CW5-2,TUBGCP3,cytoskeleton;cytosol,2
O75152,ZC3H11A,nucleus,1
Q8NE65,ZNF738,nucleus,1
Q8N687,DEFB125,extracellular,1
Q9H257-2,CARD9,cytosol;plasma_membrane,2
Q8IYS5-2,OSCAR,extracellular;plasma_membrane;vesicle,3
Q9Y3S2,ZNF330,nucleolus;nucleus,2
P04080,CSTB,cytosol;extracellular;nucleolus;nucleus;vesicle,5
Q9BUM1,G6PC3,endoplasmic_reticulum;nucleus,2
P01286,GHRH,cell junction;extracellular;plasma_membrane;synapse,4
P83110,HTRA3,extracellular,1
Q7LBR1,CHMP1B,cytoskeleton;cytosol;endosome;extracellular;lysosome;nucleus;plasma_membrane;vesicle,8
O15551,CLDN3,cell junction;plasma_membrane,2
O95471-2,CLDN7,cell junction;plasma_membrane,2
P50461,CSRP3,cytoskeleton;cytosol;nucleus,3
Q6NSH3,CT45A5,nucleus,1
Q0P5N6,ARL16,cytoskeleton;mitochondrion;plasma_membrane,3
Q8WWM9,CYGB,cytosol;nucleus,2
P35638,DDIT3,cytosol;nucleus,2
P00374,DHFR,cytosol;mitochondrion;nucleus,3
Q9BWH2,FUNDC2,mitochondrion;nucleus,2
O75223,GGCT,cytosol;extracellular;vesicle,3
P26583,HMGB2,extracellular;nucleolus;nucleus,3
P33947,KDELR2,endoplasmic_reticulum;golgi;nucleus;vesicle,4
P18850,ATF6,cytosol;endoplasmic_reticulum;golgi;nucleolus;nucleus,5
Q9Y3B7-2,MRPL11,mitochondrion,1
Q13405,MRPL49,mitochondrion,1
Q92934,BAD,cytosol;mitochondrion,2
Q9Y3D9,MRPS23,mitochondrion,1
Q96EL2,MRPS24,mitochondrion,1
Q9BYN8,MRPS26,mitochondrion,1
Q9GZZ1,NAA50,cytosol;extracellular;nucleolus;nucleus;vesicle,5
P61601,NCALD,cytosol;golgi;vesicle,3
P15531-2,NME1,cytosol;endosome;extracellular;nucleus;plasma_membrane;vesicle,6
Q14442,PIGH,endoplasmic_reticulum;nucleus,2
Q8WUA2,PPIL4,cytosol;nucleus,2
P31431,SDC4,extracellular;golgi;lysosome;plasma_membrane;vesicle,5
Q8TF71,SLC16A10,cell junction;plasma_membrane,2
Q16384,SSX1,nucleus;plasma_membrane,2
O60224,SSX4,nucleus,1
P35625,TIMP3,extracellular;nucleus;vesicle,3
Q96QK1,VPS35,cytosol;endosome;extracellular;lysosome;mitochondrion;vesicle,6
Q8IWR0,ZC3H7A,cytosol;nucleus,2
Q96NC0,ZMAT2,nucleus,1
P04234,CD3D,plasma_membrane;vesicle,2
P46527,CDKN1B,cytosol;endosome;nucleus;vesicle,4
Q9UKW6-2,ELF5,nucleus,1
Q96BH3,ELSPBP1,extracellular;plasma_membrane,2
O95452,GJB6,cell junction;cytoskeleton;plasma_membrane,3
Q12918,KLRB1,plasma_membrane,1
Q2VYF4-2,LETM2,mitochondrion,1
Q8TAF8,LHFPL5,plasma_membrane,1
Q9H9Z2,LIN28A,cytosol;endoplasmic_reticulum;nucleolus;nucleus,4
P56597,NME5,cytoskeleton;plasma_membrane,2
P68402,PAFAH1B2,cytosol;extracellular;nucleolus;nucleus;plasma_membrane;vesicle,6
O14668,PRRG1,extracellular;plasma_membrane,2
Q86Y79,PTRH1,mitochondrion,1
P20338,RAB4A,endosome;extracellular;plasma_membrane;vesicle,4
Q9NYN1,RASL12,plasma_membrane,1
Q6ZNA4-2,RNF111,cytosol;nucleus,2
P62917,RPL8,cell junction;cytosol;endoplasmic_reticulum;nucleolus;nucleus;synapse,6
O14894,TM4SF5,lysosome;plasma_membrane,2
Q9Y3A6,TMED5,endoplasmic_reticulum;er_golgi_intermediate;golgi;nucleus;vesicle,5
Q53HI1,UNC50,golgi;nucleus,2
Q86V35,CABP7,golgi;plasma_membrane,2
Q6UXH8-3,CCBE1,extracellular,1
A6H8M9-2,CDHR4,plasma_membrane,1
Q96MW5,COG8,golgi;vesicle,2
Q14204,DYNC1H1,cytoskeleton;cytosol;extracellular;lysosome;nucleus;vesicle,6
Q5VU57-2,AGBL4,cytoskeleton;cytosol;golgi;plasma_membrane,4
P25942,CD40,extracellular;plasma_membrane;vesicle,3
Q14002,CEACAM7,extracellular;plasma_membrane,2
Q9Y3A0-2,COQ4,mitochondrion,1
Q9NYP7,ELOVL5,endoplasmic_reticulum;nucleus;plasma_membrane,3
Q6PCB8,EMB,cell junction;plasma_membrane;synapse,3
Q6UXV4,APOOL,extracellular;mitochondrion;vesicle,3
Q92915-2,FGF14,nucleus,1
Q8TDQ7-2,GNPDA2,cytosol;nucleus,2
Q9UPZ9,ICK,cytoskeleton;cytosol;nucleolus;nucleus;plasma_membrane,5
Q9NPH9,IL26,cytosol;extracellular,2
Q9Y2U2-2,KCNK7,plasma_membrane,1
Q92482,AQP3,cell junction;plasma_membrane,2
Q9Y639-1,NPTN,cell junction;plasma_membrane;synapse,3
Q9Y4A9,OR10H1,plasma_membrane,1
O60403,OR10H2,plasma_membrane,1
Q15620,OR8B8,plasma_membrane,1
P32243-2,OTX2,nucleus;plasma_membrane,2
Q99471,PFDN5,cytoskeleton;cytosol;nucleus,3
P00491,PNP,cytosol;extracellular;vesicle,3
Q6PJE2,POMZP3,extracellular;nucleus,2
Q6NUK4,REEP3,cytoskeleton;endoplasmic_reticulum;nucleus,3
Q5T5U6,SEPHS1,nucleus;plasma_membrane,2
Q9H1K4,SLC25A18,mitochondrion,1
P55000,SLURP1,extracellular;vesicle,2
Q12981-1,BNIP1,endoplasmic_reticulum;mitochondrion;nucleus,3
Q6IQ16,SPOPL,nucleus,1
P59538,TAS2R31,plasma_membrane,1
Q7RTR8,TAS2R42,plasma_membrane,1
Q7Z404-1,TMC4,extracellular;vesicle,2
Q9H3N1,TMX1,endoplasmic_reticulum;extracellular;mitochondrion;nucleolus;nucleus,5
P06753-2,TPM3,cytoskeleton;cytosol;extracellular;mitochondrion;vesicle,5
Q8N6J7,TSPAN16,plasma_membrane,1
Q9NYU1,UGGT2,endoplasmic_reticulum;er_golgi_intermediate,2
Q9BU76-3,C1orf35,extracellular;vesicle,2
Q8NEX6,WFDC11,extracellular,1
Q9BXJ1,C1QTNF1,extracellular;plasma_membrane,2
Q9BWK5-2,CYREN,nucleus,1
O00154-4,ACOT7,cytosol;extracellular;mitochondrion;vesicle,4
Q8IUR7,ARMC8,cytosol;extracellular;nucleus;vesicle,4
P62873,GNB1,cytosol;extracellular;lysosome;plasma_membrane;vesicle,5
Q06136,KDSR,endoplasmic_reticulum;extracellular;nucleus,3
Q3B8N2-2,LGALS9B,cytosol;nucleus,2
Q9HB09,BCL2L12,nucleus,1
Q7L5Y9-2,MAEA,cytoskeleton;cytosol;nucleus;plasma_membrane,4
Q15555,MAPRE2,cell junction;cytoskeleton,2
Q8N5F7,NKAP,cytosol;nucleus,2
Q8NGL2,OR5L1,plasma_membrane,1
Q6UWI2,PARM1,endosome;golgi;plasma_membrane;vesicle,4
O14832,PHYH,cytosol;peroxisome;plasma_membrane,3
Q13393-2,PLD1,cell junction;endoplasmic_reticulum;endosome;golgi;lysosome;nucleus;plasma_membrane;synapse;vesicle,9
Q8N4F7,RNF175,endoplasmic_reticulum;golgi;nucleus,3
P35226,BMI1,cytosol;nucleus,2
Q00325-2,SLC25A3,extracellular;mitochondrion;plasma_membrane;vesicle,4
Q8TBP6,SLC25A40,mitochondrion,1
Q9BRI3-2,SLC30A2,endosome;lysosome;mitochondrion;plasma_membrane;vesicle,5
O60504-2,SORBS3,cell junction;cytoskeleton;cytosol;nucleus;plasma_membrane,5
P49842-2,STK19,nucleus,1
A6NDV4-2,TMEM8B,endoplasmic_reticulum;mitochondrion;nucleus;plasma_membrane,4
Q9C0J8-2,WDR33,nucleolus;nucleus,2
Q96GR4-3,ZDHHC12,cell junction;endoplasmic_reticulum;golgi;nucleus;plasma_membrane;synapse,6
P78423,CX3CL1,extracellular;plasma_membrane,2
Q53FZ2-2,ACSM3,mitochondrion,1
Q53EZ4,CEP55,cytoskeleton;cytosol;plasma_membrane,3
P02679-2,FGG,endoplasmic_reticulum;extracellular;plasma_membrane;vesicle,4
O95395,GCNT3,extracellular;golgi;vesicle,3
Q9NR23,GDF3,extracellular,1
P14136-2,GFAP,cytoskeleton;cytosol,2
Q9UPC5,GPR34,plasma_membrane,1
Q12794-2,HYAL1,extracellular;lysosome;vesicle,3
Q99706-2,KIR2DL4,endosome;plasma_membrane;vesicle,3
Q9Y2I2-1,NTNG1,extracellular;plasma_membrane,2
Q9BZD4,NUF2,cytosol;nucleus,2
Q8TEQ8,PIGO,endoplasmic_reticulum;nucleus,2
Q9NZS9,BFAR,endoplasmic_reticulum;nucleus;plasma_membrane,3
O60828-2,PQBP1,nucleus,1
Q96M27-2,PRRC1,golgi,1
Q7Z7A4-2,PXK,cytoskeleton;cytosol;nucleus;plasma_membrane,4
Q13228,SELENBP1,cytosol;extracellular;nucleolus;nucleus;vesicle,5
P04279-2,SEMG1,extracellular;nucleus;vesicle,3
Q92504,SLC39A7,endoplasmic_reticulum;golgi;nucleus,3
Q8TCU3-2,SLC7A13,plasma_membrane,1
Q9H4F8-2,SMOC1,extracellular,1
Q6UXE8,BTNL3,plasma_membrane,1
Q15831,STK11,cytosol;extracellular;mitochondrion;nucleus;vesicle,5
Q15208,STK38,cytosol;nucleus,2
Q9BYX2-2,TBC1D2,cell junction;cytosol;plasma_membrane;vesicle,4
Q9UL52,TMPRSS11E,extracellular;plasma_membrane,2
Q9UBN6,TNFRSF10D,plasma_membrane,1
Q9BWF2,TRAIP,nucleolus;nucleus;plasma_membrane,3
P22695,UQCRC2,mitochondrion;nucleus,2
P23025,XPA,nucleus,1
O43298,ZBTB43,nucleus,1
O95503,CBX6,nucleus,1
Q96M63-4,CCDC114,cytoskeleton;plasma_membrane,2
P00352,ALDH1A1,cell junction;cytosol;extracellular;plasma_membrane;synapse;vesicle,6
Q9BVK2,ALG8,endoplasmic_reticulum;nucleus,2
Q9H0U3,MAGT1,endoplasmic_reticulum;lysosome;nucleus;plasma_membrane;vesicle,5
P30101,PDIA3,cell junction;endoplasmic_reticulum;endosome;extracellular;nucleus;plasma_membrane;vesicle,7
O75920,SERF1A,cytosol;nucleus,2
Q96BR1,SGK3,cytosol;endosome;vesicle,3
P11169,SLC2A3,extracellular;plasma_membrane;vesicle,3
Q8IYR2,SMYD4,nucleus,1
O43278-2,SPINT1,cytosol;extracellular;plasma_membrane;vesicle,4
Q9NRC1-2,ST7,nucleus,1
Q9C026-5,TRIM9,cell junction;cytoskeleton;plasma_membrane;synapse;vesicle,5
P19320,VCAM1,cytoskeleton;endoplasmic_reticulum;endosome;extracellular;golgi;plasma_membrane;vesicle,7
Q96CS4,ZNF689,nucleus,1
P55774,CCL18,extracellular,1
Q9P1U0,ZNRD1,nucleolus;nucleus,2
Q96MT8-2,CEP63,cytoskeleton;cytosol;plasma_membrane,3
F5H559,EHD2,cytoskeleton;cytosol;endosome;extracellular;nucleus;plasma_membrane;vesicle,7
P62508-3,ESRRG,nucleus,1
Q3B820-2,FAM161A,cytoskeleton;plasma_membrane,2
Q8NFF5-2,FLAD1,cytosol;mitochondrion;nucleus;plasma_membrane,4
P17181,IFNAR1,endosome;lysosome;plasma_membrane;vesicle,4
Q8NHQ9,DDX55,cytosol;nucleolus;nucleus,3
Q9BTC0,DIDO1,cytoskeleton;nucleus,2
Q8IY81,FTSJ3,nucleolus;nucleus,2
Q9UQC2-2,GAB2,cytosol;plasma_membrane,2
Q8TDV2,GPR148,plasma_membrane,1
F5GZ62,HSPA1A,cell junction;cytoskeleton;cytosol;endoplasmic_reticulum;extracellular;mitochondrion;nucleus;plasma_membrane;vesicle,9
Q8N743,KIR3DL3,plasma_membrane,1
O14960,LECT2,cytosol;extracellular,2
O14777,NDC80,cytoskeleton;cytosol;nucleus,3
Q8NHV4,NEDD1,cytoskeleton;cytosol;nucleolus;nucleus;plasma_membrane,5
Q8NGS6,OR13C3,plasma_membrane,1
P49585,PCYT1A,cytosol;endoplasmic_reticulum;nucleus,3
P35241,RDX,cell junction;cytoskeleton;extracellular;plasma_membrane;vesicle,5
Q96MT1-2,RNF145,endoplasmic_reticulum;nucleus,2
P10398,ARAF,cytosol;mitochondrion;plasma_membrane,3
O95391,SLU7,nucleus,1
E7EMM8,SNAP91,cell junction;plasma_membrane;synapse;vesicle,4
Q8TCT6-2,SPPL3,endoplasmic_reticulum;er_golgi_intermediate;golgi;nucleus;plasma_membrane;vesicle,6
Q9UH65,SWAP70,cell junction;cytoskeleton;cytosol;nucleus;plasma_membrane;synapse,6
Q86SZ2-2,TRAPPC6B,cytosol;endoplasmic_reticulum;golgi;vesicle,4
P08243,ASNS,cytosol,1
Q8NCP5-2,ZBTB44,nucleus,1
P21506,ZNF10,nucleus,1
Q9Y473,ZNF175,cytosol;nucleolus;nucleus,3
Q8TF45,ZNF418,nucleus,1
Q86XU0,ZNF677,nucleus,1
Q96MU6-2,ZNF778,nucleus,1
Q8WWK9,CKAP2,cytoskeleton;plasma_membrane,2
Q16630-2,CPSF6,nucleus,1
Q8NI51,CTCFL,cytosol;nucleus,2
P07327,ADH1A,cytosol,1
P21549,AGXT,cytosol;peroxisome,2
P05981,HPN,cell junction;endoplasmic_reticulum;extracellular;nucleus;plasma_membrane;vesicle,6
O43315,AQP9,plasma_membrane,1
Q92633,LPAR1,endosome;plasma_membrane;vesicle,3
Q9NVV4-2,MTPAP,mitochondrion;nucleus,2
O00483,NDUFA4,mitochondrion,1
Q8N8Q9,NIPA2,endosome;plasma_membrane;vesicle,3
O94818-2,NOL4,nucleolus;nucleus,2
Q02878,RPL6,cell junction;cytosol;endoplasmic_reticulum;nucleus,4
O43868,SLC28A2,plasma_membrane;vesicle,2
Q5U623,ATF7IP2,nucleus,1
Q16560-2,SNRNP35,nucleolus;nucleus,2
Q9BX79-4,STRA6,plasma_membrane,1
Q14679,TTLL4,cytoskeleton;cytosol;plasma_membrane,3
P62987,UBA52,cytosol;endoplasmic_reticulum;endosome;extracellular;lysosome;mitochondrion;nucleus;plasma_membrane;vesicle,9
Q9Y5Z9,UBIAD1,endoplasmic_reticulum;golgi;mitochondrion;nucleus,4
Q9UI12-2,ATP6V1H,cytosol;endosome;extracellular;golgi;lysosome;plasma_membrane;vesicle,7
Q6PK04,CCDC137,nucleolus;nucleus,2
Q5T197-2,DCST1,plasma_membrane;vesicle,2
Q9NT22,EMILIN3,extracellular,1
Q9HBU6,ETNK1,cytosol,1
Q5VSY0-2,GKAP1,golgi,1
Q9HAS0,C17orf75,cytosol;golgi;vesicle,3
Q9UEY8,ADD3,cell junction;cytoskeleton;cytosol;plasma_membrane;synapse,5
Q9NZN9-2,AIPL1,cytosol;nucleus,2
Q96KJ9,COX4I2,mitochondrion,1
D6RF88,CPE,extracellular;golgi;plasma_membrane;vesicle,4
Q8N752,CSNK1A1L,nucleus,1
P68400,CSNK2A1,cytosol;nucleus;plasma_membrane,3
Q9NYP3,DONSON,nucleus,1
Q13115,DUSP4,nucleus,1
Q7Z6G8-2,ANKS1B,cell junction;cytoskeleton;cytosol;nucleus;plasma_membrane;synapse,6
Q9HAE3,EFCAB1,cytoskeleton;plasma_membrane,2
P34910,EVI2B,plasma_membrane,1
P08637,FCGR3A,extracellular;plasma_membrane;vesicle,3
P43250-2,GRK6,plasma_membrane,1
Q53T59,HS1BP3,endoplasmic_reticulum;mitochondrion,2
Q6EBC2,IL31,extracellular,1
Q674X7-2,KAZN,cell junction;cytoskeleton;cytosol;nucleus;plasma_membrane,5
Q6ZW76-2,ANKS3,plasma_membrane,1
Q3SXY7,LRIT3,endoplasmic_reticulum;nucleus;plasma_membrane,3
Q9UBM4,OPTC,extracellular,1
Q9BZF2,OSBPL7,cytosol;endoplasmic_reticulum;nucleus;plasma_membrane,4
P23467-3,PTPRB,plasma_membrane;vesicle,2
O60894,RAMP1,plasma_membrane,1
O75830,SERPINI2,extracellular;vesicle,2
Q92844,TANK,cytosol;nucleolus;nucleus,3
Q5T0D9-2,TPRG1L,cell junction;extracellular;plasma_membrane;synapse;vesicle,5
Q9H7X2,C1orf115,plasma_membrane,1
Q8IUF1,CBWD2,nucleus,1
Q96ST8-3,CEP89,cytoskeleton;cytosol;mitochondrion;plasma_membrane,4
Q9GZS9,CHST5,golgi,1
Q9NZJ6,COQ3,mitochondrion,1
A5A3E0,POTEF,cell junction;cytoskeleton;extracellular;nucleus;plasma_membrane;synapse;vesicle,7
Q07021,C1QBP,cytosol;mitochondrion;nucleolus;nucleus;plasma_membrane,5
O75096,LRP4,cell junction;plasma_membrane;synapse,3
P62158,CALM3,cytoskeleton;cytosol;extracellular;nucleus;plasma_membrane;vesicle,6
Q9H446,RWDD1,cytosol,1
F5H856,CANX,endoplasmic_reticulum;extracellular;mitochondrion;nucleus;vesicle,5
Q8NHP6,MOSPD2,endoplasmic_reticulum;nucleus;plasma_membrane;vesicle,4
P49902,NT5C2,cytosol,1
Q15723-1,ELF2,nucleus,1
P62258,YWHAE,cell junction;cytosol;endoplasmic_reticulum;extracellular;mitochondrion;nucleus;vesicle,7
Q14191,WRN,cytoskeleton;nucleolus;nucleus,3
Q5SW79,CEP170,cytoskeleton;cytosol;plasma_membrane,3
P34931,HSPA1L,cytosol;extracellular;nucleus;plasma_membrane,4
Q92830,KAT2A,cytoskeleton;extracellular;nucleus,3
Q92831,KAT2B,cytoskeleton;cytosol;nucleus,3
Q15596,NCOA2,nucleus,1
Q9ULM3,YEATS2,cytoskeleton;nucleus,2
P43362,MAGEA9B,nucleus,1
Q13948-2,CUX1,cytosol;golgi;nucleus,3
P48552,NRIP1,nucleolus;nucleus,2
Q8IYH5-2,ZZZ3,cytoskeleton;nucleolus;nucleus,3
Q2KHR3-2,QSER1,nucleus,1
Q8IV48,ERI1,nucleolus;nucleus,2
A5D8V6,VPS37C,endosome;extracellular;nucleus;vesicle,4
Q9P0K8-2,FOXJ2,nucleolus;nucleus,2
Q16512-2,PKN1,cytosol;endosome;nucleus;plasma_membrane;vesicle,5
Q15906,VPS72,nucleus,1
O15144,ARPC2,cell junction;cytoskeleton;cytosol;extracellular;nucleus;plasma_membrane;synapse;vesicle,8
Q9BPX5,ARPC5L,cell junction;cytoskeleton;extracellular;vesicle,4
P61160,ACTR2,cell junction;cytoskeleton;cytosol;extracellular;lysosome;nucleolus;nucleus;vesicle,8
P59998,ARPC4,cytoskeleton;cytosol;extracellular;nucleus;vesicle,5
Q9P215,POGK,nucleus,1
P11182,DBT,cytoskeleton;cytosol;mitochondrion,3
P12694,BCKDHA,mitochondrion,1
P05387,RPLP2,cell junction;cytosol;extracellular;vesicle,4
P05386,RPLP1,cell junction;cytosol;endoplasmic_reticulum,3
O75533,SF3B1,nucleolus;nucleus,2
Q9BVI4,NOC4L,nucleolus;nucleus,2
Q12849,GRSF1,mitochondrion;nucleus,2
Q9BZE4,GTPBP4,cytosol;nucleolus;nucleus,3
Q14684-2,RRP1B,cytosol;nucleolus;nucleus,3
P60866,RPS20,cytosol;endoplasmic_reticulum;extracellular;nucleus;vesicle,5
P62841,RPS15,cell junction;cytosol;nucleus,3
Q8TDN6,BRIX1,nucleolus;nucleus,2
Q14692,BMS1,nucleolus;nucleus,2
Q8WTT2,NOC3L,nucleolus;nucleus,2
P29558-2,RBMS1,cytosol;nucleus,2
P62269,RPS18,cell junction;cytosol;extracellular;nucleus;synapse;vesicle,6
P08708,RPS17,cell junction;cytosol;nucleus,3
Q9H7B2,RPF2,nucleolus;nucleus,2
Q96QR8,PURB,nucleus,1
Q00577,PURA,nucleus,1
P62851,RPS25,cell junction;cytosol;endoplasmic_reticulum;extracellular;nucleolus;nucleus;synapse;vesicle,8
Q15427,SF3B4,nucleus,1
Q53GS7,GLE1,cytoskeleton;cytosol;extracellular;nucleolus;nucleus;plasma_membrane,6
O95363,FARS2,mitochondrion,1
P46782,RPS5,cell junction;cytosol;endoplasmic_reticulum;extracellular;nucleus;vesicle,6
O95104,SCAF4,nucleus,1
P62854,RPS26,cytosol;endoplasmic_reticulum;extracellular;nucleolus;nucleus;vesicle,6
P07951-2,TPM2,cytoskeleton;cytosol,2
P27797,CALR,cell junction;cytosol;endoplasmic_reticulum;er_golgi_intermediate;extracellular;lysosome;nucleus;plasma_membrane;vesicle,9
Q7L3T8,PARS2,mitochondrion,1
Q86U70,LDB1,nucleus,1
P40424-2,PBX1,nucleus,1
P40425,PBX2,nucleus,1
P40426-2,PBX3,nucleus,1
O00470-2,MEIS1,nucleus,1
Q01484-2,ANK2,cell junction;cytoskeleton;cytosol;endosome;lysosome;mitochondrion;plasma_membrane;synapse;vesicle,9
Q9ULQ1-3,TPCN1,endosome;lysosome;vesicle,3
Q8TDW0,LRRC8C,endoplasmic_reticulum;nucleus;plasma_membrane,3
P52948-2,NUP98,cytosol;nucleus,2
Q8N302,AGGF1,extracellular,1
P49643,PRIM2,nucleus,1
Q9NVH1-2,DNAJC11,mitochondrion,1
Q9UPT9-2,USP22,nucleus,1
P04035-2,HMGCR,endoplasmic_reticulum;nucleus;peroxisome,3
Q8TAD4,SLC30A5,endoplasmic_reticulum;golgi;nucleus;plasma_membrane;vesicle,5
Q9NWS8,RMND1,mitochondrion,1
Q6NXT6-2,TAPT1,cytoskeleton;endoplasmic_reticulum;nucleus;plasma_membrane,4
P50851-2,LRBA,cytosol;endoplasmic_reticulum;golgi;lysosome;nucleus;plasma_membrane,6
Q9NQX3-2,GPHN,cell junction;cytoskeleton;cytosol;plasma_membrane;synapse,5
Q14C86-2,GAPVD1,cytosol;endosome;plasma_membrane;vesicle,4
O60346,PHLPP1,cytosol;nucleus;plasma_membrane,3
Q8TAF3,WDR48,cytosol;endosome;lysosome;nucleus;plasma_membrane;vesicle,6
O60749,SNX2,endosome;lysosome;plasma_membrane;vesicle,4
Q6ZVD8-2,PHLPP2,cytoskeleton;cytosol;extracellular;nucleus,4
O75317,USP12,cytosol;nucleus;plasma_membrane,3
Q969M1,TOMM40L,mitochondrion,1
Q14651,PLS1,cytoskeleton;extracellular;plasma_membrane;vesicle,4
Q96BW5-2,PTER,cytosol;extracellular;vesicle,3
Q9Y6M9,NDUFB9,mitochondrion,1
O95167,NDUFA3,mitochondrion,1
O43181,NDUFS4,mitochondrion,1
P49821-2,NDUFV1,cytosol;mitochondrion,2
O95139,NDUFB6,mitochondrion;nucleus,2
Q96HR8,NAF1,cytosol;nucleus,2
Q6PI26,SHQ1,cytosol;nucleus,2
Q9BWH6-2,RPAP1,nucleus,1
Q9GZS1-2,POLR1E,nucleolus;nucleus,2
Q9H9Y6-2,POLR1B,cytosol;nucleolus;nucleus,3
O75635,SERPINB7,extracellular,1
O95602,POLR1A,nucleolus;nucleus,2
O14802,POLR3A,cytosol;nucleus,2
Q02413,DSG1,cell junction;cytosol;nucleus;plasma_membrane;vesicle,5
Q8IXW5-2,RPAP2,cytosol;nucleolus;nucleus,3
Q9NW08,POLR3B,cytosol;nucleus,2
Q9BUI4,POLR3C,cytosol;nucleus,2
Q96P16-2,RPRD1A,nucleus,1
Q7KZ85,SUPT6H,nucleus,1
Q96P63,SERPINB12,extracellular;plasma_membrane;vesicle,3
P30876,POLR2B,nucleus,1
O94762,RECQL5,cytosol;nucleus,2
P36954,POLR2I,nucleolus;nucleus,2
O15318,POLR3G,cytosol;nucleus,2
Q9H1D9,POLR3F,cytosol;nucleus,2
Q13835-2,PKP1,cell junction;cytoskeleton;nucleus;plasma_membrane;vesicle,5
O15446-2,CD3EAP,nucleolus;nucleus,2
P19387,POLR2C,cytosol;nucleus,2
O75342,ALOX12B,cytosol,1
Q15517,CDSN,cell junction;extracellular;plasma_membrane,3
Q6ZVX7,NCCRP1,cytosol;extracellular;vesicle,3
Q9Y5B0-4,CTDP1,cytoskeleton;nucleus,2
P01009-2,SERPINA1,endoplasmic_reticulum;er_golgi_intermediate;extracellular;golgi;vesicle,5
O14548,COX7A2L,mitochondrion;nucleolus;nucleus,3
P31930,UQCRC1,mitochondrion,1
Q9NRK6,ABCB10,mitochondrion,1
Q96SZ5,ADO,cytosol;mitochondrion,2
Q6DKK2,TTC19,cytoskeleton;mitochondrion,2
P09669,COX6C,mitochondrion,1
Q92614-4,MYO18A,cytoskeleton;er_golgi_intermediate;golgi;plasma_membrane,4
P55061,TMBIM6,endoplasmic_reticulum;nucleus;plasma_membrane,3
Q8NBM8,PCYOX1L,extracellular;vesicle,2
Q9NY47-2,CACNA2D2,plasma_membrane,1
P54289-2,CACNA2D1,extracellular;plasma_membrane;vesicle,3
Q92673,SORL1,endoplasmic_reticulum;endosome;extracellular;golgi;nucleus;plasma_membrane;vesicle,7
Q5HYA8,TMEM67,cytoskeleton;endoplasmic_reticulum;nucleus;plasma_membrane;vesicle,5
P01130,LDLR,endosome;extracellular;golgi;lysosome;plasma_membrane;vesicle,6
Q9NZR2,LRP1B,plasma_membrane,1
Q01459,CTBS,extracellular;lysosome,2
Q3ZAQ7,VMA21,endoplasmic_reticulum;er_golgi_intermediate;golgi;lysosome;nucleus;vesicle,6
Q9C0H2-2,TTYH3,extracellular;plasma_membrane;vesicle,3
P16520,GNB3,cytosol;extracellular;plasma_membrane;vesicle,4
Q9HAV0,GNB4,cytosol;extracellular;lysosome;plasma_membrane;vesicle,5
P29992,GNA11,extracellular;lysosome;plasma_membrane;vesicle,4
P50148,GNAQ,cell junction;cytosol;extracellular;golgi;lysosome;nucleus;plasma_membrane;synapse;vesicle,9
Q13371,PDCL,cytosol;plasma_membrane,2
Q7Z7K6,CENPV,cytoskeleton;nucleolus;nucleus,3
Q8WXF0,SRSF12,nucleus,1
Q9BRJ2,MRPL45,mitochondrion,1
Q9BYD2,MRPL9,mitochondrion,1
Q96A35,MRPL24,mitochondrion,1
Q9NWU5-2,MRPL22,mitochondrion,1
Q9BYC9,MRPL20,mitochondrion,1
Q9UJX5,ANAPC4,cytosol;nucleus,2
Q9H1A4,ANAPC1,cytosol;nucleus,2
Q9UJX2,CDC23,cytosol;nucleus,2
Q9UJX6-2,ANAPC2,cytosol;nucleus,2
Q9UM13,ANAPC10,cytosol;nucleus,2
P30260,CDC27,cytoskeleton;cytosol;nucleus,3
Q9UJX3-2,ANAPC7,cytoskeleton;cytosol;extracellular;nucleus,4
Q5H8A4-2,PIGG,endoplasmic_reticulum;nucleus,2
P52569-3,SLC7A2,cell junction;plasma_membrane,2
Q15904,ATP6AP1,cell junction;endoplasmic_reticulum;endosome;er_golgi_intermediate;extracellular;golgi;lysosome;nucleus;plasma_membrane;synapse;vesicle,11
P10586-2,PTPRF,extracellular;plasma_membrane;vesicle,3
Q14315-2,FLNC,cell junction;cytoskeleton;cytosol;plasma_membrane,4
Q00987-11,MDM2,cytosol;nucleolus;nucleus;plasma_membrane;vesicle,5
Q709C8-2,VPS13C,cytosol;endoplasmic_reticulum;endosome;extracellular;lysosome;mitochondrion;nucleus;vesicle,8
Q9Y333,LSM2,cytosol;nucleus,2
O95777,NAA38,nucleus,1
O14744,PRMT5,cytosol;golgi;nucleus,3
Q9BRS2,RIOK1,cytosol;nucleus,2
P62316,SNRPD2,cytosol;extracellular;nucleus;vesicle,4
P54105,CLNS1A,cytoskeleton;cytosol;nucleus;plasma_membrane,4
Q969L4,LSM10,nucleus,1
P62314,SNRPD1,cytosol;nucleus,2
Q9BSJ2,TUBGCP2,cytoskeleton;cytosol,2
O95613-2,PCNT,cytoskeleton;cytosol,2
P23258,TUBG1,cytoskeleton;cytosol;endosome;nucleus;vesicle,5
Q96RT7-2,TUBGCP6,cytoskeleton;cytosol,2
Q6P582,MZT2A,cytoskeleton;cytosol,2
Q9Y5B8-2,NME7,cytoskeleton;cytosol;nucleus;plasma_membrane,4
Q9BVG3,TRIM62,cytosol,1
A8K855-2,EFCAB7,plasma_membrane,1
O75718,CRTAP,endoplasmic_reticulum;extracellular,2
P09012,SNRPA,nucleus,1
Q8N8D1,PDCD7,nucleus,1
Q96GM8,TOE1,nucleolus;nucleus,2
O75643,SNRNP200,nucleus,1
Q6P2Q9,PRPF8,nucleus,1
Q9UBB9-2,TFIP11,nucleolus;nucleus,2
Q13435,SF3B2,nucleus,1
Q2TBE0-2,CWF19L2,nucleus,1
O43719,HTATSF1,nucleus,1
Q9H5Z1,DHX35,nucleus,1
Q9BWU0,SLC4A1AP,nucleus;plasma_membrane,2
Q9BZJ0-2,CRNKL1,nucleus,1
Q9HCS7,XAB2,nucleus,1
Q69YN2,CWF19L1,nucleus,1
Q6IEG0,SNRNP48,cytosol;nucleus,2
Q12874,SF3A3,nucleus,1
Q9BRR8,GPATCH1,nucleus,1
O60508,CDC40,nucleus,1
O60306,AQR,nucleus,1
Q8TEQ6,GEMIN5,cytosol;nucleus,2
Q9H875,PRKRIP1,cytoskeleton;cytosol;extracellular;nucleolus;nucleus;vesicle,6
P83369,LSM11,nucleus,1
Q9Y255,PRELID1,mitochondrion,1
Q15714-2,TSC22D1,cytosol;mitochondrion;nucleus;plasma_membrane,4
P01036,CST4,extracellular;vesicle,2
Q9NYQ6,CELSR1,cell junction;plasma_membrane,2
P51451,BLK,cytosol;plasma_membrane,2
Q8TDW7-3,FAT3,cell junction;plasma_membrane,2
Q14517,FAT1,cell junction;extracellular;nucleus;plasma_membrane;vesicle,5
Q5SZK8-2,FREM2,extracellular;plasma_membrane;vesicle,3
Q6V0I7-3,FAT4,cell junction;extracellular;plasma_membrane;vesicle,4
O60245-2,PCDH7,cell junction;plasma_membrane;synapse;vesicle,4
Q9Y6J0,CABIN1,cytosol;nucleus,2
Q96DT7,ZBTB10,nucleus,1
Q15554,TERF2,nucleus,1
Q9NYB0,TERF2IP,nucleus,1
Q9NWS9,ZNF446,extracellular;nucleus,2
Q9HCU4,CELSR2,cell junction;plasma_membrane,2
Q96IT1,ZNF496,nucleus,1
Q86T24,ZBTB33,cytosol;nucleus;plasma_membrane,3
Q9NPG1,FZD3,plasma_membrane,1
Q9NYQ7-2,CELSR3,cell junction;plasma_membrane,2
Q96JQ0,DCHS1,plasma_membrane,1
O60841,EIF5B,cytosol,1
P60953,CDC42,cell junction;cytoskeleton;cytosol;endoplasmic_reticulum;extracellular;golgi;nucleus;plasma_membrane;vesicle,9
Q9H211,CDT1,nucleus,1
P24864,CCNE1,cytoskeleton;cytosol;nucleus,3
O96020,CCNE2,cytoskeleton;cytosol;nucleus,3
Q13472-2,TOP3A,mitochondrion;nucleus,2
Q5SXM8,DNLZ,cytosol;mitochondrion;nucleus,3
Q16537,PPP2R5E,cytosol;nucleus,2
P26232-2,CTNNA2,cell junction;cytoskeleton;cytosol;nucleus;plasma_membrane,5
P25054,APC,cell junction;cytoskeleton;cytosol;golgi;nucleus;plasma_membrane,6
O00142-2,TK2,mitochondrion,1
Q9UBV2,SEL1L,endoplasmic_reticulum;nucleus,2
P31327,CPS1,mitochondrion;nucleolus;nucleus;plasma_membrane,4
Q8N2E2,VWDE,extracellular;plasma_membrane,2
Q9BQC3,DPH2,cytosol,1
Q9UGK8,SERGEF,cytosol;nucleus,2
P12931-2,SRC,cell junction;cytosol;endosome;extracellular;lysosome;mitochondrion;nucleus;plasma_membrane;vesicle,9
Q15067-2,ACOX1,cytosol;peroxisome,2
Q9ULP9-2,TBC1D24,cell junction;plasma_membrane;synapse;vesicle,4
Q567U6,CCDC93,endosome;plasma_membrane;vesicle,3
P55082,MFAP3,extracellular;plasma_membrane,2
Q86VX2-2,COMMD7,endosome;vesicle,2
Q14186,TFDP1,cytosol;nucleus,2
Q9P000-2,COMMD9,cytosol;endosome;extracellular;golgi;nucleus;vesicle,6
Q9H267,VPS33B,cytosol;endosome;golgi;lysosome;vesicle,5
Q6AWC2-4,WWC2,cytosol,1
O60341-2,KDM1A,nucleus,1
Q12888-2,TP53BP1,nucleus,1
Q86UP2-2,KTN1,endoplasmic_reticulum;nucleus;plasma_membrane,3
Q9P2B4,CTTNBP2NL,cytoskeleton;plasma_membrane,2
Q8WZ74,CTTNBP2,cell junction;plasma_membrane;synapse,3
Q8TDM6-4,DLG5,cell junction;cytoskeleton;plasma_membrane;synapse,4
Q14202-2,ZMYM3,nucleus,1
Q6NY19-2,KANK3,cytoskeleton,1
Q5TF58,IFFO2,cytoskeleton,1
Q0D2I5-4,IFFO1,cytoskeleton;nucleus,2
Q9H4H8,FAM83D,cytoskeleton;cytosol;extracellular,3
Q9NRL3,STRN4,cell junction;plasma_membrane;synapse,3
Q9ULD9,ZNF608,nucleus,1
O15014,ZNF609,nucleus,1
A0JNW5,UHRF1BP1L,cytosol;endosome;vesicle,3
Q14149,MORC3,nucleus,1
Q9UKI8-2,TLK1,nucleus,1
O94986,CEP152,cytoskeleton;cytosol;plasma_membrane,3
Q14789,GOLGB1,cytosol;er_golgi_intermediate;golgi,3
Q63ZY3-2,KANK2,cytosol;mitochondrion,2
Q14678,KANK1,cytoskeleton;nucleus;plasma_membrane,3
Q96SN8-2,CDK5RAP2,cell junction;cytoskeleton;cytosol;extracellular;golgi;plasma_membrane;vesicle,7
Q4VCS5,AMOT,cell junction;cytoskeleton;cytosol;nucleus;plasma_membrane;vesicle,6
Q8IY63-2,AMOTL1,cell junction;cytosol;plasma_membrane;vesicle,4
Q9Y2J4-2,AMOTL2,cell junction;cytoskeleton;cytosol;endosome;plasma_membrane;vesicle,6
Q9NXR1-2,NDE1,cytoskeleton;cytosol;nucleus;plasma_membrane;vesicle,5
Q12840,KIF5A,cytoskeleton;cytosol,2
O75665-3,OFD1,cytoskeleton;cytosol;nucleus;plasma_membrane,4
Q6DT37,CDC42BPG,cytoskeleton;cytosol,2
Q96R06,SPAG5,cytoskeleton;cytosol;nucleus,3
O43237,DYNC1LI2,cytoskeleton;cytosol;nucleus,3
Q9P2K3-3,RCOR3,cytosol;nucleus,2
Q6PIJ6-2,FBXO38,cytosol;nucleus,2
Q9UPQ7,PDZRN3,cell junction;cytosol;synapse,3
Q93073-2,SECISBP2L,mitochondrion,1
P98170,XIAP,cytosol;nucleolus;nucleus,3
Q9ULV3-2,CIZ1,nucleus;plasma_membrane,2
Q8TD19,NEK9,cytosol;nucleus,2
P49023,PXN,cell junction;cytoskeleton;cytosol;plasma_membrane,4
Q9BWV3,CDADC1,nucleus,1
Q504U0,C4orf46,cytosol,1
Q8WUF8,FAM172A,cytosol;endoplasmic_reticulum;nucleus,3
Q9NR82-2,KCNQ5,plasma_membrane,1
Q13627-2,DYRK1A,nucleus;plasma_membrane,2
Q9P2F5-2,STOX2,nucleus,1
Q6NT76-2,HMBOX1,cytoskeleton;cytosol;nucleus,3
Q9H2P0,ADNP,nucleus,1
Q5VUB5,FAM171A1,plasma_membrane,1
O75618-2,DEDD,cytosol;nucleolus;nucleus,3
Q9H1Z4,WDR13,nucleus,1
Q9P2R6,RERE,nucleus,1
Q86VP1-2,TAX1BP1,cytosol;extracellular;mitochondrion;vesicle,4
O15550,KDM6A,nucleus,1
O60678-2,PRMT3,cytosol;nucleus,2
Q99550-2,MPHOSPH9,cytoskeleton;golgi;plasma_membrane,3
P53804,TTC3,golgi;nucleus,2
Q6ZW49-1,PAXIP1,nucleus,1
Q9UPA5,BSN,cell junction;cytoskeleton;er_golgi_intermediate;nucleus;plasma_membrane;synapse;vesicle,7
Q8N1W2,ZNF710,nucleus,1
P55199,ELL,cytosol;nucleus,2
P46937-2,YAP1,cell junction;cytosol;nucleolus;nucleus;plasma_membrane,5
Q14686,NCOA6,nucleus,1
Q92597,NDRG1,cell junction;cytoskeleton;cytosol;endosome;extracellular;nucleus;plasma_membrane;vesicle,8
Q9NRG1-2,PRTFDC1,cytosol,1
Q9UGV2-2,NDRG3,extracellular;vesicle,2
Q04637-3,EIF4G1,cytosol;nucleus,2
O75147-1,OBSL1,cell junction;cytoskeleton;cytosol;golgi;plasma_membrane,5
Q7Z5L9-2,IRF2BP2,nucleus,1
Q5JSL3,DOCK11,cytosol,1
Q70I54,NEBL,cytoskeleton;extracellular;vesicle,3
Q8N0Z8,PUSL1,mitochondrion,1
Q9UI10-2,EIF2B4,cytosol,1
Q9Y5Y0,FLVCR1,mitochondrion;plasma_membrane,2
P11474,ESRRA,cytoskeleton;extracellular;nucleolus;nucleus,4
O75691,UTP20,nucleolus;nucleus,2
Q9NTI5-2,PDS5B,cytosol;nucleus,2
Q13535-2,ATR,nucleus,1
Q8NEM2,SHCBP1,cytoskeleton,1
Q92551,IP6K1,cytosol;nucleolus;nucleus,3
Q9Y6D5,ARFGEF2,cell junction;cytoskeleton;cytosol;endosome;golgi;plasma_membrane;synapse;vesicle,8
Q9ULF5,SLC39A10,plasma_membrane,1
Q4LE60,TNPO2,nucleus,1
Q9NR50,EIF2B3,cytosol,1
Q8IWT6,LRRC8A,lysosome;plasma_membrane,2
Q6P1A2,LPCAT3,endoplasmic_reticulum;nucleus,2
Q9H5Q4,TFB2M,mitochondrion,1
O75915,ARL6IP5,cytoskeleton;endoplasmic_reticulum;nucleus;plasma_membrane,4
Q9UI95,MAD2L2,cytoskeleton;cytosol;nucleolus;nucleus,4
Q8N3U4-2,STAG2,cytoskeleton;cytosol;nucleolus;nucleus,4
O94829,IPO13,nucleus,1
Q9NSG2-2,C1orf112,cytoskeleton;cytosol;nucleolus;nucleus,4
Q9HD42,CHMP1A,cytoskeleton;cytosol;endosome;extracellular;lysosome;nucleus;plasma_membrane;vesicle,8
Q9UGN5-2,PARP2,nucleolus;nucleus,2
P23470-2,PTPRG,extracellular;plasma_membrane;vesicle,3
Q7L9B9,EEPD1,plasma_membrane,1
O75844,ZMPSTE24,endoplasmic_reticulum;endosome;extracellular;nucleus;vesicle,5
Q92526,CCT6B,cytosol,1
Q8NBN7-2,RDH13,mitochondrion,1
Q9NWU1,OXSM,mitochondrion,1
O00410-3,IPO5,cytosol;nucleolus;nucleus,3
P63173,RPL38,cell junction;cytosol;endoplasmic_reticulum;synapse,4
P0CG38,POTEI,cell junction;cytoskeleton;extracellular;nucleus;plasma_membrane;synapse;vesicle,7
P69905,HBA2,cytosol;extracellular;vesicle,3
Q9UHP9,SMPX,cell junction,1
Q9GZR7,DDX24,nucleolus;nucleus,2
Q9P2K5-2,MYEF2,nucleus,1
Q8NB50,ZFP62,nucleus,1
Q15573,TAF1A,nucleolus;nucleus,2
Q96GQ7,DDX27,nucleolus;nucleus,2
Q03701,CEBPZ,nucleus,1
Q9BRJ6,C7orf50,extracellular,1
Q9NY65,TUBA8,cytoskeleton,1
P46777,RPL5,cell junction;cytosol;endoplasmic_reticulum;extracellular;nucleolus;nucleus;vesicle,7
Q96H22-2,CENPN,cytosol;nucleus,2
O00566,MPHOSPH10,nucleolus;nucleus,2
P57071,PRDM15,nucleus,1
Q9NQ55-2,PPAN-P2RY11,nucleolus;nucleus,2
Q9NYV4-2,CDK12,nucleus,1
Q6IQ21,ZNF770,nucleus,1
Q96K80,ZC3H10,nucleus,1
P35637-2,FUS,nucleus,1
Q04656-2,ATP7A,cell junction;cytosol;endoplasmic_reticulum;endosome;golgi;plasma_membrane;synapse;vesicle,8
Q14738-2,PPP2R5D,cytosol;nucleus,2
Q9UPT5-1,EXOC7,cytoskeleton;cytosol;plasma_membrane;vesicle,4
O75717,WDHD1,nucleus,1
Q9Y6E0-2,STK24,cytosol;extracellular;golgi;nucleolus;nucleus;vesicle,6
Q15833-2,STXBP2,cytosol;extracellular;lysosome;plasma_membrane;vesicle,5
O75155-2,CAND2,cytosol;nucleus,2
Q9H0B6,KLC2,cytoskeleton;cytosol;lysosome;mitochondrion;nucleus;plasma_membrane,6
Q9HB71,CACYBP,cytosol;extracellular;nucleus;vesicle,4
P18858,LIG1,nucleus,1
O75179-2,ANKRD17,nucleus,1
O95983-2,MBD3,nucleus,1
Q75QN2-2,INTS8,nucleus,1
Q8NB78-2,KDM1B,nucleus,1
Q9Y2G0-3,EFR3B,cytoskeleton;cytosol;plasma_membrane,3
O60313-2,OPA1,cytoskeleton;cytosol;mitochondrion;nucleus;plasma_membrane,5
P62333,PSMC6,cell junction;cytosol;extracellular;nucleus;synapse;vesicle,6
Q49A88-2,CCDC14,cytoskeleton,1
P86790,CCZ1,cytosol;endosome;lysosome;vesicle,4
Q16851-2,UGP2,cytosol;extracellular;nucleus;vesicle,4
Q9Y6I3-1,EPN1,cytosol;endosome;nucleus;plasma_membrane;vesicle,5
Q99666,RGPD5,nucleus,1
P49792,RANBP2,cytosol;nucleus,2
P07992,ERCC1,nucleus,1
Q2VPK5-3,CTU2,cytosol,1
Q86Y91-2,KIF18B,cytoskeleton;cytosol;nucleolus;nucleus,4
P23919,DTYMK,cytosol;mitochondrion;nucleus,3
Q9BW62,KATNAL1,cytoskeleton;cytosol,2
Q9UDY8-2,MALT1,cytosol;nucleolus;nucleus,3
O60879-2,DIAPH2,cytoskeleton;cytosol;endosome;vesicle,4
Q9UHD2,TBK1,cytosol;nucleus,2
Q9UBF8-2,PI4KB,cytosol;endoplasmic_reticulum;endosome;golgi;mitochondrion;nucleus;vesicle,7
Q9H081,MIS12,cytoskeleton;cytosol;nucleus,3
Q96PZ0,PUS7,nucleus,1
Q96GN5-2,CDCA7L,cytosol;nucleolus;nucleus,3
Q2TAZ0-3,ATG2A,endoplasmic_reticulum;nucleus,2
Q9HCG8,CWC22,nucleus,1
Q96BD8,SKA1,cytoskeleton;cytosol;extracellular;nucleus,4
Q5T5C0-2,STXBP5,cell junction;cytosol;plasma_membrane;synapse;vesicle,5
P49441,INPP1,cytosol,1
Q00613-2,HSF1,cytoskeleton;cytosol;nucleus,3
Q3V6T2-2,CCDC88A,cytoskeleton;cytosol;endoplasmic_reticulum;golgi;plasma_membrane;vesicle,6
Q9BTW9-4,TBCD,cell junction;cytoskeleton;plasma_membrane,3
Q8NFV4-4,ABHD11,mitochondrion,1
Q13546,RIPK1,cytosol;endosome;mitochondrion;plasma_membrane;vesicle,5
Q9BUN5,CCDC28B,cytoskeleton,1
B4DKK4,ZNF821,nucleus,1
Q13608,PEX6,cytosol;peroxisome;plasma_membrane,3
Q9NXR8,ING3,nucleus,1
O43572,AKAP10,cytosol;mitochondrion;plasma_membrane,3
Q9H4L5,OSBPL3,cytosol;endoplasmic_reticulum;nucleolus;nucleus;plasma_membrane,5
P59780,AP3S2,endosome;golgi;vesicle,3
Q16619,CTF1,extracellular,1
Q07617,SPAG1,cytosol,1
Q15628,TRADD,cytoskeleton;cytosol;nucleus;plasma_membrane,4
Q9BUP0,EFHD1,golgi;mitochondrion,2
P46940,IQGAP1,cell junction;cytoskeleton;cytosol;extracellular;nucleus;plasma_membrane;vesicle,7
Q13576,IQGAP2,cytoskeleton;cytosol;extracellular;plasma_membrane;vesicle,5
Q96QE3,ATAD5,nucleus,1
O43524,FOXO3,cytosol;mitochondrion;nucleus,3
Q9BXA9-2,SALL3,nucleus,1
Q5T9A4,ATAD3B,mitochondrion;plasma_membrane;vesicle,3
Q9NVI7-2,ATAD3A,mitochondrion,1
Q12965,MYO1E,cell junction;cytoskeleton;extracellular;plasma_membrane;vesicle,5
Q8N972,ZNF709,nucleus,1
Q96N38-2,ZNF714,nucleus,1
Q92618,ZNF516,nucleus,1
O15090,ZNF536,nucleus,1
P23458,JAK1,cell junction;cytosol;endoplasmic_reticulum;endosome;nucleus;plasma_membrane;vesicle,7
Q8TCN5,ZNF507,nucleus,1
Q6R327-3,RICTOR,cytosol;endoplasmic_reticulum;golgi;lysosome;nucleus;plasma_membrane,6
P78316-2,NOP14,nucleolus;nucleus,2
P13196,ALAS1,cytosol;mitochondrion;nucleus,3
Q9H792,PEAK1,cell junction;cytoskeleton,2
E9PAU2,RAVER1,nucleus,1
Q8IWC1-2,MAP7D3,cytoskeleton,1
Q9BQE9,BCL7B,nucleus,1
Q8WYP5-2,AHCTF1,cytosol;extracellular;nucleus;vesicle,4
Q9UQR0,SCML2,nucleus,1
Q9H0W5,CCDC8,cytoskeleton;cytosol;plasma_membrane,3
Q7LBC6-2,KDM3B,nucleus,1
Q7Z7A3,CTU1,cytosol,1
Q96JB3-2,HIC2,nucleus,1
Q5VT97-2,SYDE2,cell junction;cytosol;plasma_membrane;synapse,4
Q8N137-2,CNTROB,cytoskeleton;plasma_membrane,2
Q96AY4,TTC28,cytoskeleton,1
Q8TE76,MORC4,nucleus,1
Q9UNY4,TTF2,cytosol;nucleus,2
P35269,GTF2F1,cell junction;nucleus,2
Q9C0C2,TNKS1BP1,cell junction;cytoskeleton;cytosol;nucleus;plasma_membrane,5
P98177,FOXO4,cytosol;nucleus,2
P22570-2,FDXR,mitochondrion,1
Q9NV06,DCAF13,cell junction;cytoskeleton;cytosol;nucleolus;nucleus,5
Q13416,ORC2,cytoskeleton;nucleus,2
Q8IVW6-4,ARID3B,nucleus,1
Q5T5U3,ARHGAP21,cell junction;cytoskeleton;cytosol;golgi;plasma_membrane;vesicle,6
O15062,ZBTB5,nucleus,1
P0C7P0,CISD3,mitochondrion,1
Q9P1Z0,ZBTB4,nucleus,1
Q9Y5R4,HEMK1,mitochondrion,1
Q8NHM5-2,KDM2B,nucleolus;nucleus,2
O43542,XRCC3,cytosol;mitochondrion;nucleus,3
Q8WTV0-2,SCARB1,extracellular;lysosome;plasma_membrane;vesicle,4
Q13443,ADAM9,cell junction;extracellular;plasma_membrane;vesicle,4
Q9UIQ6-2,LNPEP,cytosol;endosome;extracellular;lysosome;plasma_membrane;vesicle,6
P00533,EGFR,cell junction;endoplasmic_reticulum;endosome;extracellular;golgi;nucleus;plasma_membrane;vesicle,8
Q9NRU3-2,CNNM1,plasma_membrane,1
P56817-2,BACE1,endoplasmic_reticulum;endosome;golgi;lysosome;plasma_membrane;vesicle,6
Q7Z4R8,C6orf120,extracellular;lysosome;vesicle,3
Q9Y3Q0,NAALAD2,plasma_membrane,1
F6XY72,NME2,cytosol;extracellular;nucleus;plasma_membrane;vesicle,5
Q9UGI8-2,TES,cell junction;cytosol;nucleus;plasma_membrane,4
Q15393,SF3B3,nucleolus;nucleus,2
Q7L014,DDX46,nucleolus;nucleus,2
Q96NB3,ZNF830,nucleus,1
Q99459,CDC5L,nucleus,1
Q8IWX8,CHERP,endoplasmic_reticulum;nucleus,2
Q15428,SF3A2,nucleus,1
Q9NW64-2,RBM22,nucleus,1
Q8IWV7,UBR1,cytosol,1
Q9P2J9,PDP2,mitochondrion,1
Q8WV74,NUDT8,mitochondrion,1
O75051,PLXNA2,plasma_membrane,1
Q92743,HTRA1,cytosol;extracellular;plasma_membrane;vesicle,4
P0CG47,UBB,cytosol;endoplasmic_reticulum;endosome;extracellular;mitochondrion;nucleus;plasma_membrane;vesicle,8
P61011,SRP54,cytosol;endoplasmic_reticulum;nucleus,3
Q9NS91,RAD18,cytoskeleton;nucleus,2
P09132,SRP19,cytosol;endoplasmic_reticulum;nucleolus;nucleus,4
Q8IWJ2,GCC2,cytosol;golgi;nucleus,3
Q9NQX0,PRDM6,nucleus,1
Q96NL6,SCLT1,cytoskeleton;cytosol;plasma_membrane,3
Q9BT78,COPS4,cell junction;cytosol;nucleus;synapse;vesicle,5
Q02224-2,CENPE,cytoskeleton;cytosol;nucleus,3
Q96A65,EXOC4,cell junction;cytoskeleton;cytosol;plasma_membrane;synapse;vesicle,6
Q06455-2,RUNX1T1,nucleus,1
Q8N4C6-7,NIN,cell junction;cytoskeleton;nucleolus;nucleus;plasma_membrane,5
O15164,TRIM24,cytosol;mitochondrion;nucleus,3
Q68CZ6,HAUS3,cytoskeleton;cytosol;plasma_membrane,3
Q9NVX0-3,HAUS2,cytoskeleton;cytosol,2
Q9H6D7-4,HAUS4,cytoskeleton;cytosol,2
Q8TDY2-2,RB1CC1,cytosol;endoplasmic_reticulum;lysosome;nucleus,4
Q9UK73,FEM1B,cytosol;mitochondrion;nucleus,3
Q7Z4H7-3,HAUS6,cytoskeleton;cytosol,2
Q9BVG8-2,KIFC3,cell junction;cytoskeleton;extracellular;mitochondrion;vesicle,5
O15258,RER1,golgi,1
Q9UBW8,COPS7A,cytosol;nucleus,2
O96011,PEX11B,cytosol;nucleus;peroxisome,3
Q9NZ32,ACTR10,cytoskeleton;cytosol;extracellular;lysosome;nucleus;vesicle,6
Q99707,MTR,cytosol,1
P53675,CLTCL1,cytoskeleton;cytosol;endosome;extracellular;golgi;plasma_membrane;vesicle,7
Q86XP1-2,DGKH,cytoskeleton;endosome;plasma_membrane;vesicle,4
P52732,KIF11,cytoskeleton;cytosol;nucleus,3
A0AVT1-2,UBA6,cytosol;nucleus,2
Q9NWZ5,UCKL1,cytosol;nucleus,2
O14727-2,APAF1,cytosol;extracellular;vesicle,3
Q6BDS2,UHRF1BP1,endosome;vesicle,2
Q02750,MAP2K1,cell junction;cytoskeleton;cytosol;endoplasmic_reticulum;endosome;golgi;mitochondrion;nucleus;plasma_membrane;vesicle,10
Q6XUX3,DSTYK,cell junction;plasma_membrane,2
O94925-3,GLS,cytosol;mitochondrion,2
O75164,KDM4A,nucleolus;nucleus,2
Q96AY2-2,EME1,nucleolus;nucleus,2
P08581-2,MET,extracellular;plasma_membrane,2
P22455-2,FGFR4,endoplasmic_reticulum;endosome;extracellular;golgi;plasma_membrane;vesicle,6
Q99611,SEPHS2,cytosol,1
O75381-2,PEX14,cytosol;nucleus;peroxisome,3
Q86W34,AMZ2,nucleus,1
Q8N335,GPD1L,cytosol;extracellular;plasma_membrane;vesicle,4
P0C0L4,C4A,cell junction;endoplasmic_reticulum;extracellular;plasma_membrane;synapse;vesicle,6
Q9Y276,BCS1L,mitochondrion,1
Q658P3-2,STEAP3,endosome;plasma_membrane;vesicle,3
O15228,GNPAT,cytosol;peroxisome,2
Q9NV64,TMEM39A,endoplasmic_reticulum;nucleus,2
Q9UHG3,PCYOX1,extracellular;lysosome;vesicle,3
Q8N4S7-2,PAQR4,golgi,1
Q9Y5L4,TIMM13,mitochondrion;nucleolus;nucleus,3
Q9HCJ3-2,RAVER2,nucleus,1
Q6P5X5,C22orf39,cell junction;extracellular;mitochondrion;synapse,4
Q9UDV7,ZNF282,nucleus,1
Q9P278-2,FNIP2,cytoskeleton;cytosol;lysosome,3
Q9NQL2,RRAGD,cytosol;lysosome;nucleus,3
Q9HB90,RRAGC,cytosol;lysosome;nucleus,3
Q6QNY1,BLOC1S2,cytoskeleton;cytosol;lysosome;mitochondrion;nucleus,5
Q8NBW4-2,SLC38A9,endosome;lysosome;vesicle,3
O95295,SNAPIN,cell junction;cytosol;golgi;lysosome;synapse;vesicle,6
P06400,RB1,cytosol;nucleus,2
Q96T23-2,RSF1,nucleus,1
P28331,NDUFS1,mitochondrion,1
O95168,NDUFB4,mitochondrion,1
Q9BXX0,EMILIN2,extracellular,1
Q8N2K0-2,ABHD12,endoplasmic_reticulum;nucleus;plasma_membrane,3
P23634-2,ATP2B4,plasma_membrane,1
O43805,SSNA1,cytoskeleton;cytosol;nucleus;plasma_membrane,4
P60763,RAC3,cell junction;cytoskeleton;cytosol;endoplasmic_reticulum;extracellular;nucleus;plasma_membrane;synapse;vesicle,9
O14715,RGPD8,nucleus,1
Q05823,RNASEL,cytosol;mitochondrion,2
O00192-2,ARVCF,cell junction;nucleus;plasma_membrane,3
Q9C0D4,ZNF518B,nucleus,1
Q9NYA4,MTMR4,cytosol;endosome;extracellular;vesicle,4
Q13615-2,MTMR3,cytosol,1
Q8TDC3-2,BRSK1,cell junction;cytoskeleton;nucleus;plasma_membrane;synapse;vesicle,6
Q8IWQ3-2,BRSK2,cytoskeleton;endoplasmic_reticulum;plasma_membrane,3
P17482,HOXB9,nucleus,1
P31260,HOXA10,nucleus,1
Q02241-2,KIF23,cell junction;cytoskeleton;cytosol;mitochondrion;nucleus,5
Q8IYN2,TCEAL8,nucleus,1
Q9NSK0-3,KLC4,cytoskeleton,1
O94761,RECQL4,nucleus,1
Q08378-2,GOLGA3,cytosol;golgi,2
Q8N720-3,ZNF655,nucleolus;nucleus;plasma_membrane,3
Q7Z401,DENND4A,cytosol;nucleus;vesicle,3
Q69YH5,CDCA2,cytosol;nucleus,2
P55265-4,ADAR,cytosol;mitochondrion;nucleolus;nucleus,4
Q14156-2,EFR3A,cytosol;plasma_membrane,2
Q9NP61,ARFGAP3,cytosol;golgi,2
Q9Y2R4,DDX52,nucleolus;nucleus,2
Q96MW7,TIGD1,nucleus,1
Q4LE39-2,ARID4B,cytosol;mitochondrion;nucleus,3
Q9NQW6,ANLN,cytoskeleton;cytosol;nucleus;plasma_membrane,4
Q149N8-4,SHPRH,nucleus,1
P33176,KIF5B,cytoskeleton;cytosol;lysosome;vesicle,4
O43248,HOXC11,cytosol;nucleus,2
P31270,HOXA11,nucleus,1
Q96PV7-2,FAM193B,nucleolus;nucleus,2
Q8IYX8,CEP57L1,cytoskeleton,1
P01106-2,MYC,endoplasmic_reticulum;nucleolus;nucleus,3
Q96DY7,MTBP,nucleus,1
Q8NCN4,RNF169,cytosol;nucleolus;nucleus,3
P33897,ABCD1,cytosol;endoplasmic_reticulum;lysosome;mitochondrion;nucleus;peroxisome,6
O00411,POLRMT,mitochondrion,1
O60318,MCM3AP,cytosol;nucleus,2
Q15464,SHB,cytosol;plasma_membrane,2
Q9ULL1,PLEKHG1,cytosol;nucleus,2
Q7Z7E8,UBE2Q1,cytosol;nucleus;plasma_membrane,3
Q12923-3,PTPN13,cytoskeleton;extracellular;nucleus;plasma_membrane;vesicle,5
Q6AHZ1,ZNF518A,nucleus,1
Q8NF91-2,SYNE1,cell junction;cytoskeleton;endoplasmic_reticulum;golgi;nucleolus;nucleus;plasma_membrane;synapse,8
Q7Z5J4-2,RAI1,nucleus,1
Q6SPF0,SAMD1,extracellular;nucleus,2
P67775,PPP2CA,cytoskeleton;cytosol;extracellular;mitochondrion;nucleus;vesicle,6
Q99961,SH3GL1,cell junction;cytoskeleton;cytosol;endosome;synapse;vesicle,6
Q9P2W1,PSMC3IP,nucleus,1
O60551,NMT2,cytosol;golgi;plasma_membrane,3
O95948,ONECUT2,nucleus,1
Q9NRZ9-2,HELLS,nucleus,1
Q6PJF5-2,RHBDF2,endoplasmic_reticulum;golgi;nucleus;plasma_membrane,4
Q5VT06,CEP350,cytoskeleton;nucleus;plasma_membrane,3
P23760,PAX3,nucleus,1
Q8TES7-2,FBF1,cell junction;cytoskeleton;cytosol;plasma_membrane,4
P20265,POU3F2,nucleus,1
O75132,ZBED4,nucleus,1
Q9H0K1,SIK2,endoplasmic_reticulum;nucleus,2
Q9UJ04,TSPYL4,nucleus,1
Q12948,FOXC1,cytosol;nucleus,2
Q13613-2,MTMR1,cytosol;plasma_membrane,2
Q8WW38,ZFPM2,nucleus,1
Q92585,MAML1,nucleus,1
Q9H4Z3,PCIF1,cytoskeleton;extracellular;nucleus,3
P42858,HTT,cell junction;cytoskeleton;cytosol;endoplasmic_reticulum;endosome;golgi;nucleus;plasma_membrane;synapse;vesicle,10
Q8NBJ4-2,GOLM1,endoplasmic_reticulum;extracellular;golgi;plasma_membrane,4
Q15468-2,STIL,cytoskeleton;cytosol;plasma_membrane,3
Q6P1S2,C3orf33,extracellular;mitochondrion,2
O15085,ARHGEF11,cytosol;plasma_membrane,2
Q92786,PROX1,cytosol;nucleus,2
E9PKC0,PLEKHA7,cell junction;cytoskeleton;cytosol;extracellular;nucleus;vesicle,6
Q86XZ4,SPATS2,cytosol,1
Q7RTP6,MICAL3,cytoskeleton;cytosol;nucleus;plasma_membrane,4
Q8NEM0,MCPH1,cytoskeleton;nucleus,2
Q9Y2I9,TBC1D30,cytoskeleton;cytosol;plasma_membrane,3
Q6ZRI6-2,C15orf39,cytosol;nucleus,2
Q9HBH1,PDF,mitochondrion,1
P26367-2,PAX6,cytosol;nucleus,2
Q6QNY0,BLOC1S3,cytosol;vesicle,2
Q9UIU6,SIX4,nucleus,1
Q13614,MTMR2,cell junction;cytosol;endosome;extracellular;nucleus;plasma_membrane;synapse;vesicle,8
P35869,AHR,cytosol;nucleus,2
Q5TA31,RNF187,cytosol;nucleus,2
Q5BKY9,FAM133B,nucleolus;nucleus,2
P52272-2,HNRNPM,extracellular;nucleolus;nucleus;vesicle,4
Q5VTR2,RNF20,nucleolus;nucleus,2
Q9BYP7-2,WNK3,cell junction;cytosol,2
Q9H4A3-2,WNK1,cytoskeleton;cytosol;nucleus,3
Q9Y3S1-2,WNK2,cytosol;plasma_membrane,2
P09630,HOXC6,nucleus,1
P46939,UTRN,cell junction;cytoskeleton;cytosol;extracellular;plasma_membrane;synapse;vesicle,7
O75044,SRGAP2,cell junction;cytosol;nucleus;plasma_membrane;synapse;vesicle,6
Q16352,INA,cell junction;cytoskeleton;extracellular;synapse,4
Q8WWI1-3,LMO7,cell junction;cytoskeleton;cytosol;mitochondrion;nucleus;plasma_membrane,6
Q7Z3E5-2,ARMC9,cytoskeleton;extracellular;plasma_membrane;vesicle,4
Q96RK0,CIC,nucleus,1
Q3I768,RAB11FIP2,endosome;plasma_membrane;vesicle,3
Q6W2J9-2,BCOR,nucleus,1
P43243,MATR3,nucleus,1
Q96PY6-2,NEK1,cytoskeleton;cytosol;nucleus,3
Q9NP80,PNPLA8,endoplasmic_reticulum;mitochondrion;nucleus;peroxisome,4
Q9NQS7-2,INCENP,cytoskeleton;cytosol;nucleus,3
Q96T88,UHRF1,cytoskeleton;nucleus,2
Q96N67-2,DOCK7,cell junction;plasma_membrane,2
Q86VW0,SESTD1,cytoskeleton,1
Q09472,EP300,cytosol;nucleus,2
Q99594,TEAD3,nucleus,1
P0C7T5,ATXN1L,nucleolus;nucleus;plasma_membrane,3
Q9BT92,TCHP,cell junction;cytoskeleton;cytosol;mitochondrion;plasma_membrane,5
O75154-3,RAB11FIP3,cytoskeleton;cytosol;endosome;extracellular;golgi;mitochondrion;nucleus;plasma_membrane;vesicle,9
Q96SI1,KCTD15,nucleus,1
Q719H9,KCTD1,cytoskeleton;cytosol;extracellular;nucleolus;nucleus,5
Q8NFU7,TET1,nucleus,1
O43365,HOXA3,nucleus,1
Q8NI77,KIF18A,cytoskeleton;cytosol;extracellular;nucleus;plasma_membrane,5
Q8TEP8,CEP192,cytoskeleton;cytosol;plasma_membrane,3
Q92966,SNAPC3,nucleus,1
Q9Y4K3,TRAF6,cell junction;cytosol;endosome;nucleus;plasma_membrane;synapse;vesicle,7
Q93009,USP7,cytosol;nucleus,2
Q9BTE3-2,MCMBP,cell junction;cytosol;nucleus,3
P27361,MAPK3,cell junction;cytoskeleton;cytosol;endoplasmic_reticulum;endosome;golgi;mitochondrion;nucleus;plasma_membrane;vesicle,10
Q13332-2,PTPRS,cell junction;extracellular;plasma_membrane;synapse;vesicle,5
Q86U44,METTL3,cytosol;nucleus,2
Q9C0B1,FTO,cytosol;nucleus;plasma_membrane,3
P49366,DHPS,cytosol,1
P41743,PRKCI,cell junction;cytosol;endosome;extracellular;nucleus;plasma_membrane;vesicle,7
Q9Y305-2,ACOT9,mitochondrion,1
Q96EK7,FAM120B,nucleus,1
Q96GG9,DCUN1D1,cytosol;nucleus,2
P04632,CAPNS1,cytosol;extracellular;plasma_membrane;vesicle,4
Q13177,PAK2,cell junction;cytosol;nucleus;plasma_membrane,4
P19174-2,PLCG1,cytosol;nucleus;plasma_membrane,3
Q9NS86,LANCL2,cytoskeleton;cytosol;nucleus;plasma_membrane,4
Q9NXF7,DCAF16,nucleus,1
Q9NP77,SSU72,nucleus,1
Q9Y2E5,MAN2B2,extracellular;lysosome;vesicle,3
Q9NVS9,PNPO,cytosol;mitochondrion,2
Q9H9V9-2,JMJD4,cytosol;nucleus,2
P02649,APOE,cell junction;endoplasmic_reticulum;endosome;extracellular;golgi;nucleus;plasma_membrane;synapse;vesicle,9
Q96EE3-1,SEH1L,cytosol;lysosome;nucleus,3
Q8WY07,SLC7A3,plasma_membrane,1
B2CI53,SLC4A7,plasma_membrane,1
P07093-2,SERPINE2,cell junction;cytosol;extracellular;synapse;vesicle,5
B7ZAQ6-2,GPR89A,golgi;vesicle,2
Q9NVH2-2,INTS7,nucleus,1
Q9Y4F1,FARP1,cell junction;cytoskeleton;cytosol;plasma_membrane;synapse,5
Q9BVM2,DPCD,nucleus,1
P47895,ALDH1A3,cytosol;extracellular;nucleus;vesicle,4
Q9H3F6,KCTD10,cytosol;nucleus,2
Q68E01-2,INTS3,nucleus,1
Q01804-3,OTUD4,cytosol;nucleus,2
Q9Y6D6,ARFGEF1,cytosol;golgi;nucleolus;nucleus,4
O43823,AKAP8,nucleolus;nucleus,2
Q9Y375,NDUFAF1,cytosol;mitochondrion,2
E9PBV3,SBSN,extracellular;vesicle,2
P31944,CASP14,cytosol;mitochondrion;nucleus,3
Q96QA5,GSDMA,cytosol;nucleus;plasma_membrane,3
P23490,LOR,cytosol;nucleus;plasma_membrane,3
Q8IUX1-4,TMEM126B,mitochondrion,1
Q5T749,KPRP,extracellular;vesicle,2
Q9H2K2,TNKS2,cytoskeleton;cytosol;golgi;nucleus,4
O95271-2,TNKS,cytoskeleton;cytosol;golgi;nucleus,4
Q9NPB8,GPCPD1,cytosol,1
Q9P2N5,RBM27,nucleus,1
Q5T8P6-2,RBM26,nucleus,1
Q8WUB8-2,PHF10,nucleus,1
Q96JP5-2,ZFP91,nucleolus;nucleus,2
Q8NAF0,ZNF579,nucleus,1
Q5JTH9-2,RRP12,nucleolus;nucleus;plasma_membrane,3
Q14966-3,ZNF638,nucleus,1
Q96GA3,LTV1,cytosol;nucleus,2
P48634-2,PRRC2A,cytosol;extracellular;nucleus;plasma_membrane;vesicle,5
Q96SL8,FIZ1,nucleus,1
P05412,JUN,nucleus,1
O00488,ZNF593,nucleolus;nucleus,2
Q9NVX2,NLE1,nucleolus;nucleus,2
Q9H6S0,YTHDC2,endoplasmic_reticulum;nucleus,2
Q99575,POP1,extracellular;nucleolus;nucleus,3
Q13523,PRPF4B,nucleus,1
Q92901,RPL3L,cytosol,1
Q99676,ZNF184,nucleus,1
Q9UII5,ZNF107,nucleus,1
P17948-2,FLT1,cell junction;cytoskeleton;endosome;extracellular;plasma_membrane;vesicle,6
O60765,ZNF354A,cytosol;nucleolus;nucleus,3
P59923,ZNF445,nucleus,1
Q08AN1,ZNF616,nucleus,1
Q96IR2,ZNF845,nucleus,1
Q9P2J8,ZNF624,nucleus,1
Q3KP31,ZNF791,nucleus,1
Q9UC06,ZNF70,nucleus,1
Q9UEG4,ZNF629,nucleus,1
Q9NUL3-2,STAU2,cytoskeleton;cytosol;endoplasmic_reticulum;nucleolus;nucleus;plasma_membrane,6
Q13206,DDX10,nucleolus;nucleus,2
Q9GZL7,WDR12,nucleolus;nucleus,2
O60287,URB1,nucleolus;nucleus,2
Q9H7N4,SCAF1,nucleus,1
Q8IYB3-2,SRRM1,cytosol;nucleus,2
Q15361,TTF1,cytosol;nucleolus;nucleus;plasma_membrane,4
Q9NWT1,PAK1IP1,nucleolus;nucleus,2
A4D1E9,GTPBP10,mitochondrion;nucleolus;nucleus,3
P61353,RPL27,cell junction;cytosol;endoplasmic_reticulum;extracellular;nucleolus;nucleus;vesicle,7
P30050,RPL12,cell junction;cytosol;extracellular;synapse;vesicle,5
Q12873-2,CHD3,cytoskeleton;nucleolus;nucleus,3
Q9UHA3,RSL24D1,nucleolus;nucleus,2
Q9NVP1,DDX18,nucleolus;nucleus,2
Q9HCE1,MOV10,cytosol;extracellular;nucleus,3
Q92674,CENPI,cytosol;nucleus,2
Q5SVQ8,ZBTB41,nucleus,1
Q9UII4,HERC5,cytosol,1
O95631,NTN1,cytosol;extracellular,2
O15015-2,ZNF646,nucleus,1
Q96CB9,NSUN4,mitochondrion,1
P30414,NKTR,cytosol;nucleus;plasma_membrane,3
Q9NVU7,SDAD1,nucleolus;nucleus,2
Q14137,BOP1,nucleolus;nucleus,2
Q96BT3,CENPT,cytosol;nucleus,2
Q96L73-2,NSD1,nucleus,1
Q8N8A6,DDX51,nucleolus;nucleus,2
Q9NUQ6-2,SPATS2L,cytosol;nucleolus;nucleus,3
Q9H116,GZF1,nucleolus;nucleus,2
P17020,ZNF16,nucleolus;nucleus,2
P83731,RPL24,cytosol;endoplasmic_reticulum;extracellular;vesicle,4
Q9NS56,TOPORS,cytoskeleton;nucleus;plasma_membrane,3
Q9H2G4,TSPYL2,nucleolus;nucleus,2
Q9BRZ2,TRIM56,cytosol;nucleus,2
Q96G21,IMP4,nucleolus;nucleus,2
Q8TBK2,SETD6,cytosol;nucleus,2
Q7Z406-2,MYH14,cytoskeleton;cytosol;extracellular;vesicle,4
Q8NB90,SPATA5,cytoskeleton;cytosol;nucleus,3
Q9NSV4-1,DIAPH3,cytoskeleton;cytosol;nucleus;plasma_membrane,4
P19105,MYL12A,cytoskeleton;cytosol;extracellular;vesicle,4
O75506,HSBP1,cytosol;nucleus,2
Q7Z4L5,TTC21B,cytoskeleton;plasma_membrane,2
Q86UP3-2,ZFHX4,nucleus,1
O14976,GAK,cell junction;cytosol;golgi;vesicle,4
Q9Y5X3,SNX5,cytosol;endosome;plasma_membrane;vesicle,4
Q9BXN6,SPANXD,nucleus,1
Q9NS26,SPANXA2,nucleus,1
Q01581,HMGCS1,cytosol;nucleus;plasma_membrane,3
O15357,INPPL1,cytoskeleton;cytosol;nucleus;plasma_membrane,4
P61956,SUMO2,nucleus,1
P19634,SLC9A1,cell junction;extracellular;plasma_membrane;vesicle,4
Q9H3E2,SNX25,endosome;vesicle,2
Q7Z7K0,CMC1,mitochondrion,1
Q9NR09,BIRC6,cytoskeleton;cytosol;endosome;golgi;nucleus;vesicle,6
Q9Y573-2,IPP,cytoskeleton,1
Q13554-2,CAMK2B,cell junction;cytoskeleton;cytosol;endoplasmic_reticulum;nucleus;plasma_membrane;synapse;vesicle,8
P46736-2,BRCC3,cytoskeleton;cytosol;nucleus,3
O14618,CCS,cytosol;mitochondrion;nucleus,3
Q6ZVD7,STOX1,cytoskeleton;cytosol;nucleolus;nucleus,4
A4D1P6-2,WDR91,cytosol;endosome;vesicle,3
Q99418-2,CYTH2,cell junction;cytosol;golgi;plasma_membrane,4
Q14596-2,NBR1,cytosol;endosome;lysosome;nucleus;peroxisome;vesicle,6
P25092,GUCY2C,endoplasmic_reticulum;nucleus;plasma_membrane,3
Q9NRR4-2,DROSHA,nucleolus;nucleus,2
Q9NYF8-2,BCLAF1,nucleus,1
Q99873-2,PRMT1,cytosol;lysosome;nucleus,3
Q8NEY8-2,PPHLN1,cytosol;golgi;nucleus,3
Q99549-2,MPHOSPH8,cytosol;nucleolus;nucleus;plasma_membrane,4
Q9BZF3-5,OSBPL6,cytosol;endoplasmic_reticulum;endosome;nucleus;plasma_membrane;vesicle,6
Q9BRL6-2,SRSF8,cytosol;nucleus,2
P02788,LTF,endosome;extracellular;nucleus;plasma_membrane;vesicle,5
E9PFB9,CCDC18,cytoskeleton,1
Q14207,NPAT,nucleus,1
Q9Y5B9,SUPT16H,nucleus,1
P46100-2,ATRX,nucleus,1
Q13111,CHAF1A,nucleus,1
Q9H9B1-3,EHMT1,nucleus,1
P09874,PARP1,cytosol;mitochondrion;nucleolus;nucleus,4
Q8TEX9-2,IPO4,nucleus,1
Q96KQ7-2,EHMT2,nucleus,1
Q6ZRQ5,MMS22L,cytosol;nucleus,2
Q14566,MCM6,nucleus,1
P33991,MCM4,nucleus,1
P45973,CBX5,nucleolus;nucleus,2
Q96HA7-2,TONSL,nucleus,1
O95785,WIZ,extracellular;nucleus;vesicle,3
Q6ZU65,UBN2,extracellular;nucleus,2
Q8IV63-2,VRK3,nucleolus;nucleus,2
Q92968,PEX13,cytosol;peroxisome,2
Q5BKT4,ALG10,endoplasmic_reticulum;nucleus,2
Q8WYA6,CTNNBL1,cytoskeleton;cytosol;nucleus,3
Q9HCF6-11,TRPM3,plasma_membrane,1
O43734-2,TRAF3IP2,plasma_membrane,1
P62380,TBPL1,nucleus,1
Q92900-2,UPF1,cytosol;nucleus,2
O15355,PPM1G,nucleus,1
Q8N9T8-2,KRI1,nucleolus;nucleus,2
O15226,NKRF,nucleolus;nucleus,2
P49711,CTCF,nucleolus;nucleus,2
P41208,CETN2,cytoskeleton;cytosol;nucleus;plasma_membrane,4
Q8IUX4,APOBEC3F,nucleus,1
Q9NSD4,ZNF275,nucleus,1
O95625,ZBTB11,nucleolus;nucleus,2
P17010-2,ZFX,nucleolus;nucleus,2
Q13268,DHRS2,mitochondrion;nucleus,2
Q8IZL8-2,PELP1,nucleolus;nucleus,2
Q9Y2Q9,MRPS28,mitochondrion,1
Q9H4Z2-2,ZNF335,nucleus,1
Q05707-2,COL14A1,endoplasmic_reticulum;extracellular,2
P56730,PRSS12,cell junction;extracellular;plasma_membrane;synapse,4
P12109,COL6A1,endoplasmic_reticulum;extracellular;lysosome;vesicle,4
O15230,LAMA5,extracellular;nucleus;vesicle,3
Q9Y274,ST3GAL6,extracellular;golgi;vesicle,3
O95450-2,ADAMTS2,extracellular,1
Q8IWU6,SULF1,endoplasmic_reticulum;extracellular;golgi;plasma_membrane,4
P10515,DLAT,mitochondrion,1
P08559,PDHA1,mitochondrion;nucleolus;nucleus,3
Q96IW7,SEC22A,endoplasmic_reticulum;nucleus,2
P46199,MTIF2,mitochondrion;nucleus,2
Q9BYC8,MRPL32,mitochondrion,1
Q96GC5,MRPL48,mitochondrion,1
Q9NQ50,MRPL40,mitochondrion;nucleus,2
P09001,MRPL3,mitochondrion,1
Q9BYD6,MRPL1,mitochondrion,1
Q9H9J2,MRPL44,mitochondrion;nucleus,2
Q7Z7F7-2,MRPL55,mitochondrion,1
Q9Y421,FAM32A,nucleolus;nucleus,2
P49406,MRPL19,mitochondrion;nucleus,2
Q9P015,MRPL15,mitochondrion,1
Q9NRX2,MRPL17,mitochondrion,1
Q9UIW2,PLXNA1,extracellular;plasma_membrane;vesicle,3
Q9H7X3,ZNF696,nucleus,1
Q15072,ZNF146,nucleolus;nucleus,2
Q86VZ4,LRP11,plasma_membrane,1
P00750-4,PLAT,extracellular;plasma_membrane;vesicle,3
O94813,SLIT2,extracellular;vesicle,2
Q9H2E6-2,SEMA6A,plasma_membrane,1
Q7LGC8,CHST3,golgi,1
P13611-2,VCAN,cell junction;endoplasmic_reticulum;extracellular;golgi;lysosome;plasma_membrane;synapse,7
O96000,NDUFB10,mitochondrion,1
O43678,NDUFA2,mitochondrion,1
P56556,NDUFA6,mitochondrion,1
O00217,NDUFS8,mitochondrion,1
O95178,NDUFB2,mitochondrion,1
Q8N0U4,FAM185A,mitochondrion,1
Q16718,NDUFA5,mitochondrion,1
Q14194,CRMP1,cytoskeleton;cytosol;plasma_membrane,3
O75882-2,ATRN,extracellular;plasma_membrane;vesicle,3
P06213-2,INSR,endosome;extracellular;lysosome;plasma_membrane;vesicle,5
P42892-2,ECE1,endosome;extracellular;lysosome;plasma_membrane;vesicle,5
Q92896-2,GLG1,cytoskeleton;extracellular;golgi;plasma_membrane;vesicle,5
P20645,M6PR,endosome;golgi;lysosome;plasma_membrane;vesicle,5
Q9UBG0,MRC2,cell junction;plasma_membrane,2
Q6UXH1-2,CRELD2,endoplasmic_reticulum;extracellular,2
P29803,PDHA2,mitochondrion;nucleus,2
P18084,ITGB5,cell junction;extracellular;plasma_membrane;vesicle,4
O00462,MANBA,lysosome;plasma_membrane;vesicle,3
Q9Y219-2,JAG2,plasma_membrane,1
Q8NFZ4,NLGN2,cell junction;er_golgi_intermediate;plasma_membrane;synapse,4
Q86XP3-2,DDX42,nucleus,1
Q9BV90,SNRNP25,cytosol;extracellular;nucleus,3
P15923-2,TCF3,nucleus,1
Q99081-3,TCF12,nucleus,1
Q8TDZ2-2,MICAL1,cytoskeleton;cytosol;endosome;extracellular;plasma_membrane;vesicle,6
Q9NUQ3,TXLNG,cytosol;nucleus,2
P53582,METAP1,cytosol,1
A6NDG6,PGP,cytosol,1
Q6TFL4-2,KLHL24,cell junction;plasma_membrane,2
Q6IA69,NADSYN1,cytosol,1
Q9H4A5,GOLPH3L,cytosol;golgi,2
Q96HR9,REEP6,endoplasmic_reticulum;nucleus;vesicle,3
Q9BZK7,TBL1XR1,cytoskeleton;nucleus,2
O60907-2,TBL1X,cytoskeleton;nucleus,2
O15379-2,HDAC3,cytoskeleton;cytosol;nucleus,3
Q92769,HDAC2,nucleus,1
Q9UBB5-2,MBD2,cytosol;nucleus,2
Q14839-2,CHD4,cytoskeleton;nucleus,2
Q8TDI0,CHD5,nucleus,1
O94776,MTA2,nucleus,1
Q9BTC8-2,MTA3,nucleus,1
Q9Y484-2,WDR45,cytosol,1
Q9BTZ2-4,DHRS4,cytosol;endoplasmic_reticulum;mitochondrion;nucleus;peroxisome,5
P21283,ATP6V1C1,cytosol;extracellular;lysosome;plasma_membrane;vesicle,5
Q16864,ATP6V1F,cell junction;cytosol;endosome;extracellular;golgi;lysosome;plasma_membrane;synapse;vesicle,9
Q96A05,ATP6V1E2,cytosol,1
P36543,ATP6V1E1,cell junction;cytosol;endosome;extracellular;lysosome;plasma_membrane;synapse;vesicle,8
P38606,ATP6V1A,cytosol;endosome;extracellular;golgi;lysosome;nucleus;plasma_membrane;vesicle,8
Q8TDJ6,DMXL2,cell junction;extracellular;synapse;vesicle,4
O00507-2,USP9Y,cytosol;nucleus,2
Q9H0D6-2,XRN2,nucleolus;nucleus,2
P11277-2,SPTB,cell junction;cytoskeleton;cytosol;plasma_membrane;synapse,5
P11047,LAMC1,endoplasmic_reticulum;extracellular;vesicle,3
Q9NZJ5,EIF2AK3,cytosol;endoplasmic_reticulum;mitochondrion;nucleus,4
Q9UMR5-2,PPT2,extracellular;lysosome;vesicle,3
Q96Q05-2,TRAPPC9,cytosol;endoplasmic_reticulum;golgi;vesicle,4
P02751-15,FN1,endoplasmic_reticulum;er_golgi_intermediate;extracellular;plasma_membrane;vesicle,5
Q05932-2,FPGS,cytosol;mitochondrion,2
O75962-2,TRIO,cell junction;cytosol;synapse,3
Q7Z460,CLASP1,cytoskeleton;cytosol;golgi;nucleus,4
Q9UPU5,USP24,cytosol;nucleus,2
Q13395,TARBP1,nucleus,1
Q8N2G8,GHDC,endoplasmic_reticulum;extracellular;nucleus;vesicle,4
Q15003,NCAPH,cytosol;nucleus,2
O95202,LETM1,mitochondrion,1
P63098,PPP3R1,cytosol;nucleus;plasma_membrane,3
Q9Y263,PLAA,cell junction;cytosol;extracellular;nucleus;plasma_membrane;synapse;vesicle,7
P50748,KNTC1,cytoskeleton;cytosol;nucleus;plasma_membrane,4
Q86W50,METTL16,nucleus,1
P42345,MTOR,cytosol;endoplasmic_reticulum;golgi;lysosome;mitochondrion;nucleus;plasma_membrane;vesicle,8
Q86YH6-2,PDSS2,cytosol;mitochondrion,2
Q9UL46,PSME2,cytosol;extracellular;nucleus;vesicle,4
Q7Z434,MAVS,mitochondrion;peroxisome,2
Q15021,NCAPD2,cytosol;nucleolus;nucleus,3
Q9HD23-2,MRS2,mitochondrion,1
Q32NB8-2,PGS1,endoplasmic_reticulum;mitochondrion,2
Q8WUK0-2,PTPMT1,mitochondrion;nucleus,2
P50336,PPOX,mitochondrion,1
Q68DK2-2,ZFYVE26,cytoskeleton;endosome;lysosome;vesicle,4
Q9P253,VPS18,cell junction;endosome;lysosome;synapse;vesicle,5
Q9Y3D7,PAM16,mitochondrion,1
P57737-2,CORO7,cytoskeleton;cytosol;golgi;plasma_membrane;vesicle,5
Q9NXA8-2,SIRT5,cytosol;mitochondrion;nucleus,3
Q8IZD4,DCP1B,cytosol;nucleus,2
Q9Y3A5,SBDS,cytoskeleton;cytosol;nucleolus;nucleus,4
P51587,BRCA2,cytoskeleton;cytosol;nucleus;vesicle,4
Q8TCU4-2,ALMS1,cytoskeleton;cytosol;plasma_membrane,3
P48200,IREB2,cytosol,1
Q14667-2,KIAA0100,endoplasmic_reticulum;mitochondrion;nucleus;plasma_membrane,4
O15350-5,TP73,cytosol;nucleus,2
Q8NEV8-2,EXPH5,endosome;vesicle,2
Q96I15,SCLY,cytosol;golgi,2
P46063,RECQL,nucleus,1
Q8NFW8-2,CMAS,nucleolus;nucleus,2
P49915,GMPS,cytosol,1
P20585,MSH3,nucleus,1
Q8WVY7,UBLCP1,nucleolus;nucleus,2
P23378,GLDC,mitochondrion,1
P55212,CASP6,cytosol;nucleolus;nucleus,3
Q96C19,EFHD2,plasma_membrane,1
Q96H79,ZC3HAV1L,cytosol,1
Q5T440,IBA57,mitochondrion,1
P54920,NAPA,cell junction;cytosol;extracellular;plasma_membrane;synapse;vesicle,6
Q8WVM8,SCFD1,cytosol;endoplasmic_reticulum;golgi;nucleus;vesicle,5
O95249,GOSR1,golgi;vesicle,2
Q13190-2,STX5,cytosol;endoplasmic_reticulum;er_golgi_intermediate;golgi;nucleus;vesicle,6
A2RRP1-2,NBAS,cytosol;endoplasmic_reticulum;nucleus;vesicle,4
Q96AJ9-2,VTI1A,cell junction;endoplasmic_reticulum;endosome;golgi;nucleus;plasma_membrane;synapse;vesicle,8
O14653-2,GOSR2,endoplasmic_reticulum;endosome;er_golgi_intermediate;golgi;nucleus;vesicle,6
P51809-3,VAMP7,cell junction;endoplasmic_reticulum;endosome;extracellular;golgi;lysosome;nucleus;plasma_membrane;synapse;vesicle,10
Q9BV40,VAMP8,cytosol;endosome;extracellular;lysosome;plasma_membrane;vesicle,6
Q96RE7,NACC1,cell junction;cytosol;nucleus,3
Q9Y2X7-3,GIT1,cell junction;cytoskeleton;cytosol;mitochondrion;plasma_membrane;synapse,6
P55197,MLLT10,cytosol;nucleus,2
Q9Y618-3,NCOR2,nucleus,1
A2RRD8,ZNF320,nucleus,1
Q96PV6-2,LENG8,nucleus,1
Q15813,TBCE,cytoskeleton,1
Q86TI0,TBC1D1,golgi;nucleolus;nucleus,3
Q96L15-2,ART5,extracellular,1
Q9P244,LRFN1,cell junction;plasma_membrane;synapse,3
O43414-2,ERI3,cytosol,1
P51805,PLXNA3,plasma_membrane,1
Q15788-2,NCOA1,cytosol;nucleus;plasma_membrane,3
O43264,ZW10,cytoskeleton;cytosol;endoplasmic_reticulum;nucleus;vesicle,5
Q6PJ69,TRIM65,cytosol;nucleus,2
O95551-2,TDP2,nucleolus;nucleus,2
O95071,UBR5,cytosol;nucleus,2
Q7L266,ASRGL1,cytosol;nucleus,2
Q08722-2,CD47,extracellular;plasma_membrane;vesicle,3
Q4J6C6-3,PREPL,cytoskeleton;cytosol;golgi;mitochondrion;nucleus,5
Q4G0I0,C16orf91,mitochondrion,1
P52888,THOP1,cytosol;mitochondrion,2
P13591-1,NCAM1,cytosol;extracellular;golgi;plasma_membrane,4
Q14766-2,LTBP1,endoplasmic_reticulum;extracellular,2
Q13123,IK,cytoskeleton;nucleus,2
B2RTY4-2,MYO9A,cell junction;cytoskeleton;cytosol;plasma_membrane;synapse,5
O43432,EIF4G3,cytosol,1
Q13585,GPR50,cell junction;nucleus;plasma_membrane;synapse,4
P54707-2,ATP12A,plasma_membrane,1
Q9H7D7-2,WDR26,cytosol;mitochondrion;nucleus,3
P49454,CENPF,cytoskeleton;cytosol;nucleus;plasma_membrane,4
Q8IW35-2,CEP97,cytoskeleton;cytosol,2
Q8TBZ8,ZNF564,nucleus,1
P61966,AP1S1,cytosol;endosome;golgi;lysosome;plasma_membrane;vesicle,6
O15111,CHUK,cytosol;nucleus;plasma_membrane,3
Q9HAU0-2,PLEKHA5,cytosol;nucleus,2
Q5T5Y3-3,CAMSAP1,cytoskeleton;cytosol,2
Q5EBL8-2,PDZD11,cell junction;cytosol;extracellular;plasma_membrane,4
Q14587,ZNF268,nucleus,1
O95714,HERC2,cytoskeleton;cytosol;nucleus,3
C9J9J2,ZNF783,nucleus,1
Q8N1G0,ZNF687,nucleus,1
O95239-2,KIF4A,cytoskeleton;cytosol;nucleus,3
Q2KHM9,KIAA0753,cytoskeleton,1
Q9Y3M9,ZNF337,nucleus,1
Q2NKJ3,CTC1,nucleus,1
P51692,STAT5B,cytosol;nucleus,2
P82664,MRPS10,mitochondrion,1
Q14669,TRIP12,cytosol;nucleus,2
P82650,MRPS22,mitochondrion,1
Q5F1R6-2,DNAJC21,cytosol;nucleolus;nucleus,3
Q9Y291,MRPS33,mitochondrion,1
P82921,MRPS21,mitochondrion,1
Q8IYN0,ZNF100,nucleus,1
Q9H8G1,ZNF430,nucleus,1
Q6P2C8,MED27,cytosol;nucleolus;nucleus,3
Q9H6F5,CCDC86,nucleolus;nucleus,2
P0CB38,PABPC4L,cytosol;nucleus,2
P25398,RPS12,cytosol;nucleus,2
Q9NQV6-1,PRDM10,nucleus,1
Q9UIF9-2,BAZ2A,cytosol;nucleolus;nucleus,3
Q12899,TRIM26,cytosol;nucleus,2
P78345,RPP38,nucleolus;nucleus,2
Q96RF0-2,SNX18,endosome;extracellular;plasma_membrane;vesicle,4
Q709F0,ACAD11,mitochondrion;nucleus;peroxisome,3
Q9NRG4,SMYD2,cytosol;nucleus,2
Q9NUQ7,UFSP2,endoplasmic_reticulum;nucleus,2
Q9NVV0,TMEM38B,endoplasmic_reticulum;nucleus,2
Q16891-2,IMMT,mitochondrion,1
Q9Y512,SAMM50,extracellular;mitochondrion;vesicle,3
Q5HYI7-4,MTX3,mitochondrion,1
Q5H9S7,DCAF17,cytosol;nucleolus;nucleus,3
Q96JN8-2,NEURL4,cytoskeleton;mitochondrion,2
Q6N069,NAA16,cytosol;extracellular;nucleus;vesicle,4
Q96QC0,PPP1R10,nucleus,1
Q02252,ALDH6A1,mitochondrion;nucleus,2
Q13825,AUH,mitochondrion,1
Q9UM22,EPDR1,extracellular;lysosome,2
P54098,POLG,extracellular;mitochondrion;nucleolus;nucleus,4
Q6DD88,ATL3,endoplasmic_reticulum;nucleus,2
Q9UI14,RABAC1,cell junction;golgi;plasma_membrane;synapse;vesicle,5
O60831,PRAF2,endosome;vesicle,2
Q8NHH9-2,ATL2,endoplasmic_reticulum;nucleus,2
Q9Y5W8-2,SNX13,endosome;vesicle,2
Q15041,ARL6IP1,endoplasmic_reticulum;nucleus,2
P61106,RAB14,cytosol;endoplasmic_reticulum;endosome;extracellular;golgi;lysosome;nucleus;plasma_membrane;vesicle,9
Q96SB3,PPP1R9B,cell junction;cytoskeleton;nucleus;plasma_membrane;synapse,5
Q17R31-2,TATDN3,mitochondrion;nucleus,2
Q5XPI4,RNF123,cytosol;nucleus,2
E7ERJ1,ITSN1,cytosol;endosome;nucleus;plasma_membrane;vesicle,5
Q0JRZ9,FCHO2,cytosol;plasma_membrane;vesicle,3
O94973-2,AP2A2,cytosol;endosome;lysosome;plasma_membrane;vesicle,5
Q8WXE9,STON2,cell junction;cytosol;golgi;nucleolus;nucleus;plasma_membrane;synapse;vesicle,8
O95782-2,AP2A1,cytosol;endosome;golgi;lysosome;plasma_membrane;vesicle,6
Q9NSY1-2,BMP2K,nucleus,1
Q2M2I8-2,AAK1,cell junction;cytosol;plasma_membrane;synapse;vesicle,5
P42566,EPS15,cytosol;endosome;plasma_membrane;vesicle,4
P09668,CTSH,cytosol;endosome;extracellular;lysosome;vesicle,5
Q9NRZ5,AGPAT4,endoplasmic_reticulum;mitochondrion;nucleus,3
O94919,ENDOD1,cytosol;extracellular;vesicle,3
P47813,EIF1AX,cytosol,1
O00443,PIK3C2A,cytosol;extracellular;golgi;nucleus;plasma_membrane;vesicle,6
O75792,RNASEH2A,cytosol;nucleus,2
A6NFN3,RBFOX3,nucleus,1
Q8WVD3,RNF138,nucleus,1
Q9H7S9,ZNF703,mitochondrion;nucleus,2
Q9BZE9-2,ASPSCR1,er_golgi_intermediate;nucleus;plasma_membrane;vesicle,4
Q6ZTN6,ANKRD13D,endosome;plasma_membrane;vesicle,3
P78559-2,MAP1A,cell junction;cytoskeleton;cytosol;plasma_membrane;synapse,5
Q86SJ6-2,DSG4,cell junction;plasma_membrane,2
Q14571,ITPR2,endoplasmic_reticulum;nucleus;plasma_membrane;vesicle,4
Q14573,ITPR3,endoplasmic_reticulum;nucleus;plasma_membrane;vesicle,4
Q14643-2,ITPR1,endoplasmic_reticulum;nucleus;plasma_membrane;vesicle,4
P42785,PRCP,extracellular;lysosome;plasma_membrane;vesicle,4
P80108,GPLD1,extracellular;lysosome;vesicle,3
Q8NBF6,AVL9,endosome;vesicle,2
Q9NT99,LRRC4B,cell junction;plasma_membrane;synapse,3
Q02487-2,DSC2,cell junction;cytosol;extracellular;plasma_membrane;vesicle,5
Q9NXC5,MIOS,cell junction;cytosol;lysosome;nucleus,4
Q9NS93,TM7SF3,cytosol;extracellular;nucleus;plasma_membrane;vesicle,5
P78357,CNTNAP1,cell junction;plasma_membrane;synapse,3
O60243,HS6ST1,golgi;plasma_membrane,2
Q03167-2,TGFBR3,cytosol;extracellular;plasma_membrane;vesicle,4
Q6UXD5-2,SEZ6L2,endoplasmic_reticulum;nucleus;plasma_membrane,3
Q9HDB5-2,NRXN3,cell junction;plasma_membrane;synapse,3
Q8NCN5,PDPR,mitochondrion,1
Q9Y6B6,SAR1B,cytosol;endoplasmic_reticulum;golgi;lysosome;nucleus;vesicle,6
O00746,NME4,mitochondrion,1
Q3T8J9-3,GON4L,nucleus,1
Q96P70,IPO9,cytosol;nucleus,2
Q9UNS1-2,TIMELESS,nucleus,1
Q8N108-7,MIER1,nucleus,1
P62979,RPS27A,cytosol;endoplasmic_reticulum;endosome;extracellular;mitochondrion;nucleolus;nucleus;plasma_membrane;vesicle,9
P18887,XRCC1,nucleolus;nucleus,2
O94880-2,PHF14,nucleus,1
Q9BRT9,GINS4,nucleus,1
P47928,ID4,nucleus,1
Q03001-8,DST,cell junction;cytoskeleton;cytosol;endoplasmic_reticulum;extracellular;nucleus;plasma_membrane;vesicle,8
Q92576-2,PHF3,nucleus,1
P25490,YY1,nucleolus;nucleus,2
Q92824,PCSK5,extracellular;golgi,2
Q9UQ35,SRRM2,nucleus,1
P17480-2,UBTF,nucleolus;nucleus,2
P42568,MLLT3,cytosol;extracellular;nucleus;vesicle,4
Q13427-2,PPIG,cytosol;nucleus,2
O15047,SETD1A,nucleus,1
O75052,NOS1AP,cell junction;cytoskeleton;cytosol;endoplasmic_reticulum;mitochondrion;nucleus;plasma_membrane;synapse,8
O15417,TNRC18,cytosol;mitochondrion;nucleus,3
Q3L8U1-2,CHD9,cytosol;nucleus,2
P25440-2,BRD2,nucleus,1
O60244,MED14,nucleus,1
O75586,MED6,nucleus,1
Q9Y3C7,MED31,nucleus,1
Q96G25-2,MED8,nucleus,1
Q96HR3,MED30,nucleus,1
Q71SY5-2,MED25,nucleus,1
Q86YW9-4,MED12L,nucleus,1
O75781-2,PALM,cell junction;nucleus;plasma_membrane;synapse;vesicle,5
Q9UHV7,MED13,nucleus,1
O95402,MED26,nucleus,1
Q71F56,MED13L,nucleus,1
Q9Y2X0-2,MED16,nucleus,1
Q07065,CKAP4,cytoskeleton;endoplasmic_reticulum;extracellular;lysosome;nucleus;plasma_membrane;vesicle,7
P17677,GAP43,cell junction;plasma_membrane;synapse,3
Q96RN5-2,MED15,nucleus,1
Q9BZM5,ULBP2,endoplasmic_reticulum;extracellular;plasma_membrane,3
Q12860-2,CNTN1,extracellular;plasma_membrane;vesicle,3
Q15836,VAMP3,cell junction;cytosol;endosome;golgi;plasma_membrane;synapse;vesicle,7
Q9P086,MED11,nucleus,1
Q14201-2,BTG3,nucleus,1
A5YKK6-2,CNOT1,cytosol;extracellular;nucleus;peroxisome,4
Q9NZN8,CNOT2,cytosol;nucleus;plasma_membrane,3
Q9ULM6,CNOT6,cytosol;nucleus,2
Q9UFF9,CNOT8,cytosol;nucleus,2
O95819-2,MAP4K4,cell junction,1
Q14106,TOB2,nucleus,1
P23786,CPT2,mitochondrion;nucleolus;nucleus,3
Q9HCK8-2,CHD8,nucleus,1
Q8WVF1-3,OSCP1,plasma_membrane,1
Q6ZRS2-2,SRCAP,golgi;nucleus,2
Q9UHW9-2,SLC12A6,plasma_membrane,1
Q9Y666-2,SLC12A7,plasma_membrane,1
Q14332,FZD2,cell junction;plasma_membrane;vesicle,3
Q86XT9,TMEM219,plasma_membrane,1
Q68CP4-2,HGSNAT,lysosome;plasma_membrane;vesicle,3
Q9Y5G1-2,PCDHGB3,plasma_membrane,1
Q9H254-4,SPTBN4,cell junction;cytoskeleton;cytosol;extracellular;nucleus;plasma_membrane;vesicle,7
P12830,CDH1,cell junction;cytoskeleton;endoplasmic_reticulum;endosome;extracellular;golgi;lysosome;nucleus;plasma_membrane;vesicle,10
Q6Q0C0,TRAF7,nucleus;vesicle,2
Q15785,TOMM34,cytosol;mitochondrion;nucleus,3
Q8N8S7-2,ENAH,cell junction;cytoskeleton;cytosol;plasma_membrane,4
O60610-2,DIAPH1,cytoskeleton;cytosol;nucleus;plasma_membrane;vesicle,5
Q12789-3,GTF3C1,nucleus,1
Q13352-2,ITGB3BP,cytosol;nucleus,2
Q7L3S4,ZNF771,nucleolus;nucleus,2
O75820-2,ZNF189,nucleus,1
Q9NR48-2,ASH1L,cell junction;nucleus,2
O15439-2,ABCC4,plasma_membrane;vesicle,2
P04114,APOB,cytosol;endoplasmic_reticulum;endosome;extracellular;lysosome;nucleus;plasma_membrane;vesicle,8
O15162,PLSCR1,cytosol;extracellular;golgi;nucleolus;nucleus;plasma_membrane;vesicle,7
Q8WWI5,SLC44A1,cytosol;extracellular;mitochondrion;nucleus;plasma_membrane;vesicle,6
Q8TB61-2,SLC35B2,endoplasmic_reticulum;golgi;nucleus,3
O96008,TOMM40,cytosol;mitochondrion,2
Q9UEW8,STK39,cytosol;nucleus,2
Q9Y2L5-2,TRAPPC8,cytosol;golgi;vesicle,3
Q9Y296,TRAPPC4,cell junction;cytosol;endoplasmic_reticulum;golgi;plasma_membrane;synapse;vesicle,7
O75865-2,TRAPPC6A,cytosol;endoplasmic_reticulum;golgi;vesicle,4
O43617,TRAPPC3,cytosol;endoplasmic_reticulum;golgi;vesicle,4
Q9H115,NAPB,cell junction;extracellular;plasma_membrane;synapse;vesicle,5
Q12846,STX4,cell junction;cytosol;endosome;extracellular;lysosome;plasma_membrane;synapse;vesicle,8
O60499-2,STX10,cell junction;golgi;synapse;vesicle,4
Q8N8L6,ARL10,mitochondrion,1
Q8N6S4,ANKRD13C,endoplasmic_reticulum;nucleus,2
O95166,GABARAP,cytoskeleton;cytosol;golgi;plasma_membrane;vesicle,5
Q6P2E9-2,EDC4,cytosol;nucleus,2
A6NNY8,USP27X,cytosol;nucleus,2
Q92878-2,RAD50,nucleus,1
Q8TCT0,CERK,plasma_membrane,1
Q6KC79-2,NIPBL,extracellular;nucleus;vesicle,3
O60763-2,USO1,cytoskeleton;cytosol;endoplasmic_reticulum;golgi;vesicle,5
P17544-2,ATF7,nucleus,1
P80303-2,NUCB2,cytosol;endoplasmic_reticulum;er_golgi_intermediate;extracellular;golgi;plasma_membrane;vesicle,7
P17535,JUND,nucleus,1
A6NKD9,CCDC85C,cell junction,1
Q15834,CCDC85B,cell junction;cytoskeleton;nucleus,3
Q9Y520-2,PRRC2C,cytosol,1
Q96DN6,MBD6,nucleolus;nucleus,2
Q6ZN30,BNC2,nucleolus;nucleus,2
P56182,RRP1,nucleolus;nucleus,2
Q5VTB9,RNF220,nucleus,1
Q96K12,FAR2,peroxisome,1
O75907,DGAT1,endoplasmic_reticulum;nucleus;plasma_membrane;vesicle,4
Q70CQ3,USP30,cytosol;mitochondrion;nucleus;peroxisome,4
Q9UBQ6,EXTL2,cytosol;endoplasmic_reticulum;extracellular;golgi;nucleus,5
Q9NZJ7-2,MTCH1,mitochondrion,1
P49641-3,MAN2A2,golgi,1
O43306-2,ADCY6,plasma_membrane,1
Q9GZU1,MCOLN1,endosome;golgi;lysosome;nucleus;plasma_membrane;vesicle,6
Q86XX4-2,FRAS1,extracellular;plasma_membrane,2
O00461,GOLIM4,endosome;golgi;vesicle,3
Q9NVV5-2,AIG1,plasma_membrane,1
Q96AE7,TTC17,cytoskeleton;plasma_membrane,2
Q06481-2,APLP2,endoplasmic_reticulum;extracellular;nucleus;plasma_membrane;vesicle,5
Q9NP72,RAB18,cytosol;endoplasmic_reticulum;golgi;nucleus;plasma_membrane;vesicle,6
P19823,ITIH2,endoplasmic_reticulum;extracellular;vesicle,3
O60462-2,NRP2,cell junction;extracellular;plasma_membrane;synapse,4
P20337,RAB3B,cell junction;endosome;extracellular;golgi;plasma_membrane;synapse;vesicle,7
P09486,SPARC,extracellular;nucleus;plasma_membrane;vesicle,4
P15291-2,B4GALT1,cell junction;extracellular;golgi;lysosome;plasma_membrane;vesicle,6
P48645,NMU,cell junction;extracellular;plasma_membrane;synapse,4
O43286,B4GALT5,golgi,1
O14981,BTAF1,nucleus,1
Q9UIA9,XPO7,nucleus,1
Q96N66-3,MBOAT7,endoplasmic_reticulum;mitochondrion;nucleus,3
O00429-2,DNM1L,cell junction;cytoskeleton;cytosol;endoplasmic_reticulum;golgi;mitochondrion;nucleus;peroxisome;plasma_membrane;synapse;vesicle,11
Q14671-2,PUM1,cytosol;nucleus,2
P55060-3,CSE1L,cytosol;extracellular;nucleus;vesicle,4
Q92538,GBF1,cytosol;er_golgi_intermediate;golgi,3
O43913,ORC5,cytosol;nucleus,2
Q9C0E2,XPO4,cytosol;nucleus,2
Q8TBA6-2,GOLGA5,golgi;vesicle,2
Q3SXM5,HSDL1,mitochondrion,1
Q9BTE7,DCUN1D5,cytoskeleton;nucleus,2
Q14534,SQLE,endoplasmic_reticulum;nucleus,2
Q9Y5L0-1,TNPO3,cytosol;nucleus,2
Q6YHU6-2,THADA,endoplasmic_reticulum;nucleus,2
Q8N3P4,VPS8,endosome;vesicle,2
Q6PJG6,BRAT1,cytosol;nucleus,2
Q2PZI1,DPY19L1,endoplasmic_reticulum;nucleus,2
Q8N201,INTS1,nucleus,1
P51798,CLCN7,lysosome,1
O00391-2,QSOX1,endoplasmic_reticulum;extracellular;golgi;vesicle,4
Q96KG9-2,SCYL1,cytoskeleton;cytosol;er_golgi_intermediate;golgi;nucleus;vesicle,6
O14757,CHEK1,cytoskeleton;cytosol;extracellular;nucleus,4
P17301,ITGA2,cell junction;plasma_membrane,2
P13612,ITGA4,cell junction;extracellular;plasma_membrane;vesicle,4
Q13501-2,SQSTM1,cytosol;endoplasmic_reticulum;endosome;extracellular;lysosome;nucleus;vesicle,7
Q13683-3,ITGA7,plasma_membrane,1
P63241-2,EIF5A,cytosol;endoplasmic_reticulum;nucleus,3
Q96RL7-2,VPS13A,endoplasmic_reticulum;endosome;golgi;lysosome;mitochondrion;nucleus;vesicle,7
Q9Y3P9,RABGAP1,cytoskeleton;cytosol,2
P61020,RAB5B,endosome;extracellular;plasma_membrane;vesicle,4
Q9HA65,TBC1D17,cytosol;endosome;vesicle,3
O43772,SLC25A20,cytosol;mitochondrion,2
Q658Y4,FAM91A1,golgi;vesicle,2
Q9H6K4,OPA3,mitochondrion,1
Q8NCM8-2,DYNC2H1,cytoskeleton;extracellular;golgi;nucleus;plasma_membrane;vesicle,6
Q05193-2,DNM1,cell junction;cytoskeleton;extracellular;plasma_membrane;synapse;vesicle,6
O60281-2,ZNF292,nucleus,1
Q15058,KIF14,cytoskeleton;cytosol;nucleus,3
Q9NX00,TMEM160,mitochondrion,1
Q92973-2,TNPO1,cytosol;extracellular;nucleolus;nucleus;plasma_membrane;vesicle,6
Q96BI1,SLC22A18,nucleus;plasma_membrane,2
Q53R41,FASTKD1,mitochondrion,1
Q8NEB9,PIK3C3,cytoskeleton;cytosol;endosome;lysosome;peroxisome;plasma_membrane;vesicle,7
Q9H0H0,INTS2,nucleus,1
Q9UBB6-2,NCDN,cell junction;cytosol;endosome;plasma_membrane;synapse;vesicle,6
P58004,SESN2,cytosol;lysosome,2
O00471,EXOC5,cytosol;vesicle,2
P21359-2,NF1,cytosol;nucleolus;nucleus;plasma_membrane,4
Q96KP1,EXOC2,cytosol;plasma_membrane;vesicle,3
Q9H900-2,ZWILCH,cytoskeleton;cytosol;nucleus,3
Q96Q15-2,SMG1,cytosol;nucleus,2
Q9Y2H6-2,FNDC3A,golgi,1
O00458,IFRD1,nucleus,1
Q14185,DOCK1,cell junction;cytosol;nucleus;plasma_membrane;synapse,5
Q14CZ7,FASTKD3,mitochondrion;nucleus,2
P48735,IDH2,extracellular;mitochondrion;vesicle,3
O14733-2,MAP2K7,cytosol;nucleus,2
Q6SZW1,SARM1,cell junction;cytoskeleton;cytosol;mitochondrion;plasma_membrane;synapse,6
O95140,MFN2,cytosol;mitochondrion,2
Q75T13,PGAP1,endoplasmic_reticulum;nucleus,2
Q9BXB4,OSBPL11,cytosol;endosome;golgi;lysosome;nucleus;vesicle,6
Q9UBT7-2,CTNNAL1,cytoskeleton;cytosol;plasma_membrane,3
Q8NEC7,GSTCD,extracellular;nucleus;vesicle,3
O75113,N4BP1,cytosol;nucleolus;nucleus,3
Q14BN4-2,SLMAP,cytoskeleton;endoplasmic_reticulum;mitochondrion;nucleus;plasma_membrane,5
P09884,POLA1,cytosol;nucleolus;nucleus,3
Q9UHQ1-2,NARF,cytoskeleton;nucleolus;nucleus,3
Q58EX7-2,PLEKHG4,cytosol;plasma_membrane,2
Q96SU4-2,OSBPL9,cytosol;endoplasmic_reticulum;endosome;golgi;lysosome;vesicle,6
Q12816,TRO,nucleus;plasma_membrane,2
Q9NXB0-2,MKS1,cytoskeleton;cytosol;plasma_membrane,3
Q9NZ71-2,RTEL1,nucleus,1
A0PK00,TMEM120B,nucleus,1
Q9UMX1,SUFU,cytosol;nucleus;plasma_membrane,3
Q9Y5A7-2,NUB1,cytosol;nucleolus;nucleus,3
Q14997,PSME4,cytosol;nucleus,2
Q8N960,CEP120,cytoskeleton,1
Q9H8H0,NOL11,nucleolus;nucleus,2
Q5VZE5,NAA35,cytosol,1
P78356,PIP4K2B,cytosol;endoplasmic_reticulum;nucleus;plasma_membrane,4
Q9Y6V7,DDX49,nucleolus;nucleus,2
Q9C0H5-2,ARHGAP39,cell junction;cytosol;nucleus;synapse,4
Q92802-2,N4BP2L2,extracellular;nucleus;vesicle,3
Q13009,TIAM1,cell junction;cytosol;nucleus;plasma_membrane;synapse,5
O43166-2,SIPA1L1,cell junction;cytoskeleton;plasma_membrane;synapse,4
Q9BY12,SCAPER,cytosol;endoplasmic_reticulum;nucleus,3
Q8N264-2,ARHGAP24,cell junction;cytoskeleton,2
Q96GX5-2,MASTL,cytoskeleton;nucleus;plasma_membrane,3
Q00653-4,NFKB2,cytosol;nucleus,2
Q6Y7W6-3,GIGYF2,cytosol;endoplasmic_reticulum;endosome;golgi;plasma_membrane;vesicle,6
Q969Q6,PPP2R3C,cytoskeleton;cytosol;golgi;nucleus,4
Q05397-2,PTK2,cell junction;cytoskeleton;cytosol;nucleus;plasma_membrane,5
Q70EK8,USP53,cell junction,1
Q99496,RNF2,nucleus,1
P52594-2,AGFG1,cytosol;nucleus;vesicle,3
Q96DU7,ITPKC,cytosol;nucleus,2
Q9UNK9,ANGEL1,cytosol;endoplasmic_reticulum;golgi;mitochondrion;nucleus,5
E9PLN6,EYA4,nucleus,1
P53814-5,SMTN,cytoskeleton;nucleus,2
Q5T6F2,UBAP2,nucleus,1
Q8TD10,MIPOL1,cytosol;nucleus,2
Q9HBM6,TAF9B,nucleus,1
Q6NXT1,ANKRD54,nucleus,1
Q5U5Q3,MEX3C,nucleus,1
Q96BR9,ZBTB8A,nucleus,1
Q13619,CUL4A,nucleus,1
P36776,LONP1,cytosol;mitochondrion;nucleus,3
Q9H3L0,MMADHC,cytosol;mitochondrion,2
Q92541,RTF1,nucleus,1
Q96B23-2,C18orf25,nucleus,1
O00267-2,SUPT5H,nucleus,1
O00203,AP3B1,endosome;golgi;lysosome;vesicle,4
O75064,DENND4B,cytosol;golgi;vesicle,3
P28370-2,SMARCA1,nucleus,1
O60264,SMARCA5,nucleolus;nucleus,2
Q9NRL2,BAZ1A,nucleus,1
E9PNC7,DRAP1,nucleus,1
Q9NXN4-2,GDAP2,lysosome,1
Q9NRG0,CHRAC1,nucleus,1
O43379-4,WDR62,cytoskeleton;nucleus,2
O75953,DNAJB5,cytosol,1
Q86WA8,LONP2,cytosol;peroxisome,2
Q9H9L7,AKIRIN1,nucleus,1
Q9Y217,MTMR6,cytosol;endoplasmic_reticulum;er_golgi_intermediate;nucleus;plasma_membrane,5
Q7L1V2,MON1B,endosome;vesicle,2
Q96GJ1-2,TRMT2B,mitochondrion,1
P26378-2,ELAVL4,plasma_membrane,1
Q9H2U1-2,DHX36,cytosol;extracellular;mitochondrion;nucleus;plasma_membrane;vesicle,6
Q92974-2,ARHGEF2,cell junction;cytoskeleton;cytosol;golgi;plasma_membrane;vesicle,6
O95453,PARN,cytosol;nucleolus;nucleus,3
Q9BVS4,RIOK2,cytosol;nucleus,2
P54132,BLM,cytosol;nucleolus;nucleus,3
Q9H8V3-2,ECT2,cell junction;cytoskeleton;cytosol;nucleus;plasma_membrane,5
Q6ZR52-2,ZNF493,nucleus,1
Q14593-2,ZNF273,nucleus,1
Q03936-3,ZNF92,nucleus,1
O75346,ZNF253,nucleus,1
Q9UPY3,DICER1,cytosol;extracellular;nucleus;vesicle,4
Q8TF50,ZNF526,nucleus,1
Q8IZH2-2,XRN1,cytosol;nucleus;plasma_membrane,3
Q96KR1,ZFR,nucleus,1
P19525,EIF2AK2,cytosol;nucleus,2
Q6NUN9-2,ZNF746,cytosol;nucleus,2
Q9UKV3,ACIN1,cytosol;nucleus;plasma_membrane,3
P18583-10,SON,nucleus,1
Q14498-2,RBM39,cytoskeleton;nucleus,2
Q9UKJ3-2,GPATCH8,nucleus,1
Q9H2G2-2,SLK,cytosol;extracellular;vesicle,3
P46020-2,PHKA1,cytosol;plasma_membrane,2
Q93100-2,PHKB,cytosol;plasma_membrane,2
Q9BYW2,SETD2,nucleus,1
O15234,CASC3,cytosol;nucleus;plasma_membrane,3
Q96MU7-2,YTHDC1,nucleus;plasma_membrane,2
Q5T200-2,ZC3H13,nucleus,1
O75494-2,SRSF10,nucleus,1
Q13085-4,ACACA,cytoskeleton;cytosol;mitochondrion;nucleolus;nucleus,5
Q9UPN9-2,TRIM33,nucleus,1
Q9NZW5,MPP6,cell junction;extracellular;plasma_membrane;vesicle,4
Q9Y3L3,SH3BP1,cell junction;cytosol;nucleus;plasma_membrane,4
O14974-3,PPP1R12A,cell junction;cytoskeleton;cytosol;nucleolus;nucleus;plasma_membrane,6
Q9UPN6,SCAF8,nucleus,1
O75382-2,TRIM3,endosome;golgi;plasma_membrane;vesicle,4
Q7Z7G8-2,VPS13B,endosome;er_golgi_intermediate;golgi;lysosome;vesicle,5
Q96RG2-2,PASK,cytosol;nucleus,2
O75563,SKAP2,cytosol;nucleus;plasma_membrane,3
Q16555,DPYSL2,cytoskeleton;cytosol;extracellular;plasma_membrane;vesicle,5
Q9Y680-2,FKBP7,endoplasmic_reticulum,1
Q6PCB0,VWA1,endoplasmic_reticulum;extracellular;vesicle,3
P61077-2,UBE2D3,cytosol;endosome;extracellular;nucleus;plasma_membrane;vesicle,6
Q96FW1,OTUB1,cytosol;extracellular;nucleus;vesicle,4
Q8IYS0,GRAMD1C,endoplasmic_reticulum;nucleus;plasma_membrane,3
Q96CP6-2,GRAMD1A,cytosol;endoplasmic_reticulum;nucleus;plasma_membrane;vesicle,5
Q8IZT6,ASPM,cytoskeleton;nucleus,2
Q12756-2,KIF1A,cell junction;cytoskeleton;plasma_membrane;synapse;vesicle,5
P42684,ABL2,cytoskeleton;cytosol;plasma_membrane,3
Q9ULV0,MYO5B,cytoskeleton;extracellular;vesicle,3
P20020-2,ATP2B1,cell junction;extracellular;nucleus;plasma_membrane;synapse;vesicle,6
Q16720-2,ATP2B3,cell junction;er_golgi_intermediate;extracellular;plasma_membrane;synapse;vesicle,6
O15078,CEP290,cytoskeleton;cytosol;extracellular;nucleus;plasma_membrane;vesicle,6
P16298-2,PPP3CB,cytosol;nucleus;plasma_membrane,3
Q5THJ4-2,VPS13D,extracellular;mitochondrion;vesicle,3
A8K8P3-2,SFI1,cytoskeleton;cytosol,2
O14795,UNC13B,cell junction;cytosol;golgi;plasma_membrane;synapse;vesicle,6
Q86U90,YRDC,mitochondrion;plasma_membrane,2
Q96PE2,ARHGEF17,cytosol,1
Q14999,CUL7,cytoskeleton;cytosol;golgi;nucleus;plasma_membrane,5
Q5VZ89-2,DENND4C,cytosol;golgi;plasma_membrane;vesicle,4
Q99590-2,SCAF11,nucleolus;nucleus,2
P29144,TPP2,cytosol;nucleus,2
O76024,WFS1,endoplasmic_reticulum;nucleus;plasma_membrane;vesicle,4
Q5T0W9,FAM83B,cytosol,1
Q9Y283-2,INVS,cytoskeleton;nucleus;plasma_membrane,3
Q8N3Y1-2,FBXW8,cytoskeleton;cytosol;golgi;plasma_membrane,4
P78411,IRX5,nucleus,1
Q8NEV4,MYO3A,cytoskeleton;plasma_membrane,2
F5GWF2,JRK,nucleus,1
Q96P11-2,NSUN5,nucleolus;nucleus,2
P23677,ITPKA,cytoskeleton;cytosol;nucleus,3
P85298-2,ARHGAP8,cytosol,1
Q7Z628-2,NET1,cytosol;nucleus,2
Q9NRF2-2,SH2B1,cytosol;nucleus;plasma_membrane,3
Q9Y613,FHOD1,cytoskeleton;cytosol;nucleus;plasma_membrane,4
Q15040,JOSD1,cytosol;plasma_membrane,2
Q15853-3,USF2,nucleus,1
Q8IUH5,ZDHHC17,cell junction;golgi;plasma_membrane;synapse;vesicle,5
Q14166,TTLL12,cytoskeleton;cytosol;nucleus,3
Q14249,ENDOG,mitochondrion;nucleus,2
P29320,EPHA3,cytoskeleton;cytosol;endosome;extracellular;nucleus;plasma_membrane;vesicle,7
Q5JZY3-2,EPHA10,extracellular;plasma_membrane,2
Q9HDC5,JPH1,endoplasmic_reticulum;nucleus;plasma_membrane,3
P30154-2,PPP2R1B,cytosol;extracellular;nucleus;vesicle,4
P63151,PPP2R2A,cytosol;nucleus,2
O95825,CRYZL1,cytosol;endosome;vesicle,3
O75534-2,CSDE1,cytosol;golgi;plasma_membrane,3
Q8NBF2,NHLRC2,cytosol;extracellular;vesicle,3
P98164,LRP2,endosome;extracellular;lysosome;plasma_membrane;vesicle,5
P35556,FBN2,extracellular,1
Q96RS6-2,NUDCD1,cytosol;nucleus,2
P23142-3,FBLN1,extracellular;vesicle,2
Q9NVM4-3,PRMT7,cytosol;nucleolus;nucleus,3
Q15751,HERC1,cytosol;golgi,2
P15848,ARSB,endoplasmic_reticulum;extracellular;lysosome;plasma_membrane;vesicle,5
Q9BY44,EIF2A,extracellular,1
P30622-1,CLIP1,cytoskeleton;cytosol;nucleus;plasma_membrane;vesicle,5
Q8N697,SLC15A4,endosome;lysosome;plasma_membrane;vesicle,4
Q9Y3C4-3,TPRKB,cytosol;nucleus,2
P18846,ATF1,nucleus,1
Q9Y4X4,KLF12,nucleus,1
P0CG13,CHTF8,nucleus,1
P50991,CCT4,cytoskeleton;cytosol;extracellular;vesicle,4
P17987,TCP1,cytoskeleton;cytosol;extracellular;vesicle,4
P40227,CCT6A,cytoskeleton;cytosol;extracellular;vesicle,4
Q6ZWB6,KCTD8,cell junction;plasma_membrane;synapse,3
Q07812-2,BAX,cytosol;endoplasmic_reticulum;extracellular;mitochondrion;nucleus;vesicle,6
O95817,BAG3,cytosol;nucleus,2
Q5GLZ8-2,HERC4,cytosol;nucleolus;nucleus,3
P42694,HELZ,cytosol;nucleus,2
A0AVF1,TTC26,cytoskeleton;plasma_membrane,2
Q5VUA4,ZNF318,nucleus,1
Q6ZRV2,FAM83H,cytoskeleton,1
Q9UG01-2,IFT172,cytoskeleton;extracellular;plasma_membrane;vesicle,4
O14628-4,ZNF195,nucleus,1
O94972-2,TRIM37,cytosol;nucleus;peroxisome,3
Q8TB72-3,PUM2,cytosol;nucleus,2
Q96PU5-2,NEDD4L,cytosol;endosome;extracellular;golgi;nucleus;plasma_membrane;vesicle,7
P23468-3,PTPRD,cell junction;extracellular;plasma_membrane;synapse;vesicle,5
Q9NPF0,CD320,endoplasmic_reticulum;plasma_membrane,2
Q86WH2,RASSF3,cytoskeleton;cytosol,2
P11362-14,FGFR1,cytosol;extracellular;nucleus;plasma_membrane;vesicle,5
E9PJD7,CYHR1,nucleus,1
P36894,BMPR1A,plasma_membrane,1
Q9P2P5,HECW2,cytoskeleton,1
Q7Z4F1,LRP10,plasma_membrane,1
Q9BYM8,RBCK1,cytosol,1
Q9UGP4,LIMD1,cell junction;cytosol;nucleus;plasma_membrane,4
Q5T7V8,GORAB,golgi,1
Q86V97,KBTBD6,cytosol;nucleus,2
Q86XN8,MEX3D,nucleus,1
Q9UKY4,POMT2,endoplasmic_reticulum;nucleus,2
Q8N4A0,GALNT4,extracellular;golgi;vesicle,3
Q9NZU0,FLRT3,cell junction;endoplasmic_reticulum;extracellular;nucleus;plasma_membrane;synapse,6
Q9Y624,F11R,cell junction;extracellular;plasma_membrane;vesicle,4
Q5W0Z9-3,ZDHHC20,endoplasmic_reticulum;er_golgi_intermediate;golgi;nucleus;plasma_membrane,5
Q6RW13,AGTRAP,endoplasmic_reticulum;golgi;nucleus;plasma_membrane;vesicle,5
P78312-2,FAM193A,nucleus,1
Q96FA3,PELI1,cytosol;nucleolus;nucleus,3
P20393,NR1D1,cell junction;nucleus;plasma_membrane;synapse,4
Q96JG8-4,MAGED4B,nucleus,1
Q8IY18,SMC5,nucleus,1
Q16513,PKN2,cell junction;cytoskeleton;cytosol;nucleus;plasma_membrane,5
P54646,PRKAA2,cytosol;endoplasmic_reticulum;nucleus;plasma_membrane,4
Q5BKZ1,ZNF326,nucleus,1
Q9H000,MKRN2,nucleus,1
P11940-2,PABPC1,cell junction;cytosol;extracellular;nucleus;plasma_membrane;vesicle,6
Q9Y6M1-1,IGF2BP2,cytoskeleton;cytosol;nucleus,3
Q96E39,RBMXL1,nucleus,1
Q7Z6J9,TSEN54,nucleolus;nucleus,2
Q6PKG0,LARP1,cytosol,1
P14866,HNRNPL,extracellular;nucleus;vesicle,3
O75319,DUSP11,extracellular;mitochondrion;nucleolus;nucleus,4
A6NFI3,ZNF316,nucleus,1
O14556,GAPDHS,cytosol;nucleus,2
O76071,CIAO1,cytoskeleton;cytosol,2
Q9BX10-2,GTPBP2,extracellular;vesicle,2
Q9H6U8-3,ALG9,endoplasmic_reticulum;nucleus,2
Q9BQT9,CLSTN3,cell junction;endoplasmic_reticulum;golgi;nucleus;plasma_membrane;synapse,6
Q9BY71,LRRC3,plasma_membrane,1
Q7Z2K6,ERMP1,endoplasmic_reticulum;nucleus,2
O96005-2,CLPTM1,plasma_membrane,1
Q9Y561-2,LRP12,plasma_membrane,1
Q9Y6Y8,SEC23IP,cytosol;endoplasmic_reticulum;er_golgi_intermediate;golgi;vesicle,5
P61764-2,STXBP1,cytosol;extracellular;mitochondrion;nucleus;plasma_membrane;vesicle,6
Q9BT67,NDFIP1,cell junction;endoplasmic_reticulum;endosome;extracellular;golgi;plasma_membrane;synapse;vesicle,8
Q9BTT6,LRRC1,cytosol,1
Q5T1M5,FKBP15,endosome;plasma_membrane;vesicle,3
P63027,VAMP2,cell junction;cytosol;golgi;plasma_membrane;synapse;vesicle,6
Q13136,PPFIA1,cell junction;cytosol;synapse,3
Q9UJP4,KLHL21,cytoskeleton;cytosol,2
Q9UL63,MKLN1,cytosol;nucleus;plasma_membrane,3
Q6VN20,RANBP10,cytosol;nucleus,2
Q2TAA5,ALG11,endoplasmic_reticulum;nucleus,2
Q9UBE0,SAE1,cytosol;nucleus,2
P46060,RANGAP1,cytoskeleton;cytosol;nucleus,3
O75197,LRP5,endoplasmic_reticulum;plasma_membrane,2
Q6RFH5-2,WDR74,nucleolus;nucleus,2
O75161,NPHP4,cell junction;cytoskeleton;cytosol;nucleus;plasma_membrane,5
Q8WVP7-3,LMBR1,plasma_membrane,1
Q68DH5,LMBRD2,plasma_membrane,1
P38435,GGCX,endoplasmic_reticulum;nucleus,2
O43759-2,SYNGR1,cell junction;cytosol;lysosome;plasma_membrane;synapse;vesicle,6
O43760,SYNGR2,cell junction;extracellular;synapse;vesicle,4
O43808,SLC25A17,cytosol;peroxisome,2
P33527-2,ABCC1,cell junction;extracellular;plasma_membrane;vesicle,4
Q92520,FAM3C,extracellular;golgi;vesicle,3
P04920-2,SLC4A2,cell junction;plasma_membrane,2
Q5T3U5-2,ABCC10,lysosome;plasma_membrane,2
Q9H490-2,PIGU,endoplasmic_reticulum;nucleus;plasma_membrane,3
Q96GC9,VMP1,endoplasmic_reticulum;er_golgi_intermediate;nucleolus;nucleus;plasma_membrane,5
Q8N6M3,FITM2,endoplasmic_reticulum;nucleus,2
P53794,SLC5A3,plasma_membrane,1
Q5T3F8-3,TMEM63B,cytoskeleton;endoplasmic_reticulum;endosome;lysosome;nucleus;plasma_membrane;vesicle,7
Q8WU17,RNF139,endoplasmic_reticulum;nucleus,2
Q9NUT2-2,ABCB8,mitochondrion;nucleolus;nucleus;plasma_membrane,4
Q9BTV4,TMEM43,endoplasmic_reticulum;golgi;nucleus;plasma_membrane,4
Q9UGH3,SLC23A2,plasma_membrane,1
Q9H1C4,UNC93B1,endoplasmic_reticulum;endosome;golgi;lysosome;nucleus;vesicle,6
P48029,SLC6A8,plasma_membrane,1
Q6UWP7,LCLAT1,endoplasmic_reticulum;nucleus,2
Q9NR77,PXMP2,cytosol;peroxisome,2
Q8WUD6,CHPT1,endoplasmic_reticulum;golgi;nucleus,3
A6NGC4,TLCD2,plasma_membrane,1
Q99717,SMAD5,cytosol;mitochondrion;nucleus,3
Q99828,CIB1,cytoskeleton;endoplasmic_reticulum;extracellular;golgi;nucleus;plasma_membrane;vesicle,7
Q86YT6,MIB1,cytoskeleton;cytosol;plasma_membrane,3
Q9BTN0,LRFN3,cell junction;plasma_membrane;synapse,3
P09038-1,FGF2,extracellular;nucleus,2
Q9Y5Q8-2,GTF3C5,nucleus,1
Q9UKD1,GMEB2,cytosol;nucleus,2
Q969F1,GTF3C6,nucleus,1
E7ETE0,METTL8,mitochondrion,1
P55010,EIF5,cytosol;plasma_membrane,2
P53367,ARFIP1,cytosol;golgi,2
Q5T8D3-2,ACBD5,cytosol;nucleus;peroxisome,3
Q9BSJ8-2,ESYT1,endoplasmic_reticulum;nucleus;plasma_membrane,3
Q8N1B4,VPS52,endosome;golgi;vesicle,3
O14523,C2CD2L,endoplasmic_reticulum;nucleus;plasma_membrane,3
Q8NEN9,PDZD8,endoplasmic_reticulum;mitochondrion;nucleus,3
Q969V5,MUL1,mitochondrion;peroxisome;plasma_membrane,3
O60266,ADCY3,golgi;plasma_membrane,2
Q9BWL3-2,C1orf43,cytosol;endoplasmic_reticulum;golgi;mitochondrion;nucleus;plasma_membrane,6
O43739-2,CYTH3,cell junction;cytosol;golgi;plasma_membrane,4
O75973,C1QL1,cell junction;extracellular;synapse,3
Q14674,ESPL1,cytoskeleton;cytosol;nucleus,3
Q15042,RAB3GAP1,cytosol;endoplasmic_reticulum;extracellular;golgi;nucleus;vesicle,6
O15027-5,SEC16A,cytosol;endoplasmic_reticulum;golgi;nucleus;vesicle,5
Q9UKA4,AKAP11,cytoskeleton;cytosol,2
Q9NRA8-2,EIF4ENIF1,cytosol;nucleus,2
Q6PFW1-2,PPIP5K1,cytosol;plasma_membrane,2
Q9UJC3,HOOK1,cytoskeleton,1
Q8NEY1-2,NAV1,cytoskeleton;plasma_membrane,2
Q9BY89,KIAA1671,plasma_membrane,1
Q9Y2K6,USP20,cytoskeleton;cytosol;endoplasmic_reticulum,3
P04792,HSPB1,cell junction;cytoskeleton;cytosol;extracellular;nucleus;plasma_membrane;vesicle,7
O43933,PEX1,cytosol;extracellular;peroxisome;vesicle,4
Q9NQC8-2,IFT46,cytoskeleton;plasma_membrane,2
Q2M3G4,SHROOM1,cell junction;cytoskeleton;plasma_membrane,3
Q92540-2,SMG7,cytoskeleton;cytosol;nucleolus;nucleus,4
Q13387-2,MAPK8IP2,cell junction;synapse,2
Q9BSF8,BTBD10,nucleolus;nucleus,2
Q9P2P1,NYNRIN,nucleus,1
Q969F9-2,HPS3,cytosol;endosome;vesicle,3
Q8TEV9,SMCR8,cell junction;nucleus;synapse,3
Q9HC77,CENPJ,cytoskeleton;cytosol,2
P50542-2,PEX5,cytosol;golgi;peroxisome,3
Q9P2L0-2,WDR35,cytoskeleton;plasma_membrane,2
Q9H3S7,PTPN23,cytoskeleton;cytosol;endosome;extracellular;nucleus;plasma_membrane;vesicle,7
Q96RY7,IFT140,cytoskeleton;plasma_membrane,2
Q9HCH0-3,NCKAP5L,cytoskeleton,1
Q4KWH8-2,PLCH1,plasma_membrane,1
Q14181,POLA2,nucleus,1
Q96ME1-2,FBXL18,cytosol,1
Q92888-3,ARHGEF1,cytosol;plasma_membrane,2
Q9Y2K2-3,SIK3,nucleus,1
O95155-2,UBE4B,nucleus,1
Q9UPR3,SMG5,cytosol;nucleus,2
Q01167,FOXK2,nucleus,1
P85037,FOXK1,nucleus,1
O14672,ADAM10,cell junction;endoplasmic_reticulum;extracellular;golgi;plasma_membrane;synapse;vesicle,7
Q13444-2,ADAM15,cell junction;extracellular;plasma_membrane;vesicle,4
Q5VSG8,MANEAL,golgi,1
Q9H6R6-2,ZDHHC6,endoplasmic_reticulum;golgi;nucleus,3
O75581,LRP6,endoplasmic_reticulum;endosome;extracellular;plasma_membrane;vesicle,5
Q8NC67,NETO2,cell junction;plasma_membrane;synapse,3
Q15842,KCNJ8,plasma_membrane,1
Q9UM47,NOTCH3,cytosol;endoplasmic_reticulum;extracellular;golgi;nucleus;plasma_membrane,6
Q9H4M9,EHD1,endosome;extracellular;plasma_membrane;vesicle,4
Q9H223,EHD4,cell junction;endoplasmic_reticulum;endosome;extracellular;nucleus;plasma_membrane;vesicle,7
Q9GZP9,DERL2,endoplasmic_reticulum;nucleus,2
Q8N556,AFAP1,cell junction;cytoskeleton;cytosol,3
P51157,RAB28,cytoskeleton;nucleus;plasma_membrane,3
O75592-2,MYCBP2,cytosol;nucleus;plasma_membrane,3
Q9Y266,NUDC,cytoskeleton;cytosol;nucleus,3
Q9UKT8-2,FBXW2,cytosol,1
P61803,DAD1,endoplasmic_reticulum;nucleus,2
Q9H819,DNAJC18,endoplasmic_reticulum;nucleus,2
Q9H461,FZD8,golgi;plasma_membrane,2
P35658-2,NUP214,cytosol;nucleus,2
Q69YQ0,SPECC1L,cell junction;cytoskeleton,2
Q8TCG2,PI4K2B,cytosol;endoplasmic_reticulum;endosome;golgi;nucleus;plasma_membrane;vesicle,7
P46778,RPL21,cytosol;endoplasmic_reticulum;nucleolus;nucleus,4
Q08043,ACTN3,cell junction;cytoskeleton;cytosol;extracellular;plasma_membrane;vesicle,6
P12883,MYH7,cytoskeleton,1
Q96HP0,DOCK6,cytosol,1
O75427,LRCH4,nucleus;plasma_membrane,2
P02768,ALB,endoplasmic_reticulum;extracellular;golgi;nucleus;vesicle,5
P17035,ZNF28,nucleus,1
Q6ZN06,ZNF813,nucleus,1
P02647,APOA1,cytosol;endoplasmic_reticulum;endosome;extracellular;plasma_membrane;vesicle,6
Q8IW41-2,MAPKAPK5,cytosol;nucleus,2
P01024,C3,endoplasmic_reticulum;extracellular;lysosome;plasma_membrane;vesicle,5
P02787,TF,endoplasmic_reticulum;endosome;extracellular;plasma_membrane;vesicle,5
P00738,HP,extracellular;vesicle,2
O95405,ZFYVE9,cytosol;endosome;vesicle,3
Q9NZM3-2,ITSN2,cytoskeleton;cytosol;extracellular;plasma_membrane;vesicle,5
Q86WN1,FCHSD1,cell junction;endosome;synapse;vesicle,4
O60861-1,GAS7,plasma_membrane;vesicle,2
Q96T37-2,RBM15,nucleus,1
Q05655,PRKCD,cytosol;endoplasmic_reticulum;endosome;extracellular;golgi;lysosome;mitochondrion;nucleus;plasma_membrane;vesicle,10
Q8NEJ9-2,NGDN,nucleolus;nucleus;plasma_membrane,3
Q9NY61,AATF,nucleolus;nucleus,2
Q9H0S4,DDX47,nucleolus;nucleus,2
Q96IJ6-2,GMPPA,cytosol;extracellular;vesicle,3
Q8NFP9,NBEA,cytosol;golgi;plasma_membrane,3
Q9BZQ6,EDEM3,endoplasmic_reticulum,1
Q9H6S3,EPS8L2,cytosol;extracellular;plasma_membrane;vesicle,4
Q13464,ROCK1,cytoskeleton;cytosol;extracellular;golgi;plasma_membrane;vesicle,6
Q99720,SIGMAR1,cell junction;cytosol;endoplasmic_reticulum;nucleus;plasma_membrane;synapse;vesicle,7
O15127,SCAMP2,endosome;extracellular;golgi;vesicle,4
P78527,PRKDC,cytosol;nucleolus;nucleus,3
O60488-2,ACSL4,endoplasmic_reticulum;extracellular;mitochondrion;nucleus;plasma_membrane;vesicle,6
Q86TW2-2,ADCK1,mitochondrion,1
Q5UIP0-2,RIF1,cytoskeleton;nucleus,2
Q92536,SLC7A6,plasma_membrane,1
O00124-3,UBXN8,endoplasmic_reticulum;nucleolus;nucleus,3
Q02338,BDH1,mitochondrion,1
Q96A46,SLC25A28,mitochondrion,1
Q53FV1,ORMDL2,endoplasmic_reticulum;nucleus,2
Q15633-2,TARBP2,cytosol;nucleus,2
Q9NWM8,FKBP14,endoplasmic_reticulum,1
P42336,PIK3CA,cell junction;cytosol;plasma_membrane,3
Q8NBK3,SUMF1,endoplasmic_reticulum,1
Q8WVC6,DCAKD,mitochondrion,1
P51693-2,APLP1,extracellular;golgi;nucleus;plasma_membrane,4
P41134-2,ID1,nucleus,1
Q02535,ID3,nucleus,1
Q7RTU0,TCF24,nucleus,1
P68032,ACTC1,cell junction;cytoskeleton;cytosol;extracellular;plasma_membrane;vesicle,6
Q96AY3,FKBP10,endoplasmic_reticulum,1
P27448-2,MARK3,cytosol;extracellular;plasma_membrane;vesicle,4
Q7KZI7-10,MARK2,cytoskeleton;cytosol;mitochondrion;nucleus;plasma_membrane,5
Q96TA2-2,YME1L1,mitochondrion;nucleus,2
Q66GS9,CEP135,cytoskeleton;cytosol,2
Q9P1Z2-2,CALCOCO1,cytosol;nucleus,2
Q9P1Q0-2,VPS54,golgi;vesicle,2
O60271-2,SPAG9,cytoskeleton;cytosol;extracellular;lysosome;vesicle,5
Q05048,CSTF1,nucleus,1
Q9H6R4-2,NOL6,mitochondrion;nucleolus;nucleus,3
Q12955,ANK3,cell junction;cytoskeleton;cytosol;endoplasmic_reticulum;golgi;lysosome;plasma_membrane;synapse,8
P16220-2,CREB1,nucleus,1
Q93008-1,USP9X,cytoskeleton;cytosol;nucleus;plasma_membrane,4
Q12986-2,NFX1,nucleolus;nucleus,2
Q96EB6,SIRT1,cytosol;mitochondrion;nucleolus;nucleus,4
P07199,CENPB,nucleus,1
P57086,SCAND1,nucleus,1
Q8N2S1-3,LTBP4,extracellular,1
Q9BUZ4,TRAF4,cell junction;cytoskeleton;cytosol;nucleolus;nucleus;plasma_membrane,6
A0FGR8-2,ESYT2,cytosol;endoplasmic_reticulum;nucleus;plasma_membrane,4
Q86X52,CHSY1,extracellular;golgi,2
Q9Y394-2,DHRS7,endoplasmic_reticulum;nucleus,2
P25311,AZGP1,extracellular;nucleus;plasma_membrane;vesicle,4
Q8NC56,LEMD2,cytoskeleton;nucleus,2
P27338,MAOB,mitochondrion,1
P28288,ABCD3,cytosol;peroxisome,2
Q9H0V1,TMEM168,nucleus;vesicle,2
Q8NG11-2,TSPAN14,endoplasmic_reticulum;plasma_membrane;vesicle,3
Q9NRP0,OSTC,endoplasmic_reticulum;nucleus,2
P20810-2,CAST,cytosol;endoplasmic_reticulum;plasma_membrane,3
Q8TCZ2-2,CD99L2,cell junction;extracellular;plasma_membrane,3
Q9H1E5,TMX4,endoplasmic_reticulum;nucleus,2
Q96S06,LMF1,endoplasmic_reticulum;nucleus,2
Q8IVD9,NUDCD3,cytoskeleton,1
Q9UH17,APOBEC3B,nucleus,1
Q14296,FASTK,mitochondrion,1
Q9UL54,TAOK2,cytoskeleton;nucleolus;nucleus;plasma_membrane;vesicle,5
Q9ULH0-2,KIDINS220,cell junction;cytosol;endosome;synapse;vesicle,5
Q9Y4I1-2,MYO5A,cytoskeleton;cytosol;extracellular;plasma_membrane;vesicle,5
Q9NQ11-2,ATP13A2,endosome;lysosome;plasma_membrane;vesicle,4
Q9H1B5-2,XYLT2,extracellular;golgi,2
Q6IC98,GRAMD4,endoplasmic_reticulum;mitochondrion;nucleus,3
Q7Z7B1,PIGW,endoplasmic_reticulum;nucleus,2
O60934,NBN,cytosol;nucleolus;nucleus,3
Q96L58,B3GALT6,golgi,1
Q96BQ5,CCDC127,mitochondrion,1
Q6ZPD9,DPY19L3,endoplasmic_reticulum;nucleus,2
O00189,AP4M1,endosome;extracellular;golgi;vesicle,4
Q9Y587-2,AP4S1,endosome;golgi;vesicle,3
D6RBM0,HNRNPH1,cytosol;nucleus,2
Q14031-2,COL4A6,endoplasmic_reticulum;extracellular,2
P08572,COL4A2,endoplasmic_reticulum;extracellular;vesicle,3
Q4VC44-2,FLYWCH1,nucleus,1
P02462,COL4A1,endoplasmic_reticulum;extracellular,2
P39060-1,COL18A1,endoplasmic_reticulum;extracellular;vesicle,3
Q17RS7,GEN1,cytoskeleton;nucleus,2
P24723,PRKCH,cytosol;extracellular;plasma_membrane;vesicle,4
P09228,CST2,extracellular;vesicle,2
Q8NFH8-2,REPS2,cytosol;plasma_membrane,2
Q96LD4,TRIM47,cytosol;nucleus,2
Q9H9S5,FKRP,cytosol;endoplasmic_reticulum;extracellular;golgi;nucleus;plasma_membrane,6
Q09328,MGAT5,extracellular;golgi;vesicle,3
Q7Z7H5-2,TMED4,endoplasmic_reticulum;er_golgi_intermediate;golgi;nucleus;vesicle,5
Q96A26,FAM162A,cytosol;mitochondrion,2
Q96EC8,YIPF6,endoplasmic_reticulum;golgi,2
Q9UHQ9,CYB5R1,endoplasmic_reticulum;extracellular;mitochondrion;nucleus;plasma_membrane;vesicle,6
Q9Y397,ZDHHC9,endoplasmic_reticulum;er_golgi_intermediate;golgi;nucleus,4
Q9GZR5,ELOVL4,endoplasmic_reticulum;nucleus,2
Q9UPQ8,DOLK,endoplasmic_reticulum;nucleolus;nucleus,3
Q13424,SNTA1,cell junction;cytoskeleton;plasma_membrane;synapse,4
Q13884-2,SNTB1,cell junction;cytoskeleton;plasma_membrane;synapse,4
O15294,OGT,cytosol;mitochondrion;nucleus;plasma_membrane,4
P51610,HCFC1,nucleus,1
Q8IXJ9,ASXL1,nucleus,1
Q9C0F0,ASXL3,nucleus,1
P51790,CLCN3,cell junction;endosome;er_golgi_intermediate;golgi;lysosome;plasma_membrane;synapse;vesicle,8
Q6P5S2,C6orf58,extracellular;vesicle,2
Q15048,LRRC14,cytosol,1
Q92624,APPBP2,cytoskeleton;nucleus;vesicle,3
Q96JP0,FEM1C,cytosol;nucleus,2
Q6PID8,KLHDC10,cytosol;nucleus,2
Q96L50-2,LRR1,cytosol;nucleus,2
Q96T58,SPEN,extracellular;nucleus;vesicle,3
Q9BQF6,SENP7,nucleus,1
Q8TEK3-2,DOT1L,nucleus,1
Q5PSV4,BRMS1L,nucleus,1
Q9H0E3,SAP130,nucleus,1
Q9UIG0-2,BAZ1B,nucleolus;nucleus,2
Q9UPS6,SETD1B,nucleus,1
Q7Z3K3-2,POGZ,cytosol;nucleus,2
Q52LJ0,FAM98B,nucleus,1
Q9Y3I0,RTCB,cytosol;nucleus,2
Q9BVC5,C2orf49,nucleus,1
Q96S59,RANBP9,cytosol;nucleus;plasma_membrane,3
P49862-2,KLK7,extracellular;plasma_membrane;vesicle,3
Q16531,DDB1,extracellular;nucleolus;nucleus;vesicle,4
P20930,FLG,cytosol;extracellular;nucleus;plasma_membrane,4
Q9BW61,DDA1,nucleus,1
Q7L3B6,CDC37L1,cytosol;extracellular;vesicle,3
Q16698,DECR1,cytosol;mitochondrion;nucleus,3
Q86YD1-3,PTOV1,nucleus;plasma_membrane,2
Q5T4S7-2,UBR4,cytoskeleton;cytosol;endosome;nucleus;plasma_membrane;vesicle,6
Q9Y2Z2-2,MTO1,cytosol;mitochondrion,2
P11171-2,EPB41,cell junction;cytoskeleton;cytosol;extracellular;nucleus;plasma_membrane,6
Q6UX04,CWC27,nucleus,1
P51825,AFF1,nucleus,1
Q5TZA2,CROCC,cytoskeleton;cytosol;extracellular;plasma_membrane;vesicle,5
Q13625,TP53BP2,cell junction;cytosol;nucleus,3
Q9BW19,KIFC1,cytoskeleton;endosome;nucleus;vesicle,4
Q9Y483-2,MTF2,cell junction;nucleus,2
Q92833,JARID2,nucleus,1
O75530-2,EED,cytosol;nucleus,2
Q9Y4A5-2,TRRAP,golgi;nucleus,2
Q12962,TAF10,nucleus,1
Q16594,TAF9,nucleus,1
O94864-2,SUPT7L,nucleus,1
O75486-2,SUPT3H,nucleus,1
O15265-2,ATXN7,cytoskeleton;cytosol;nucleolus;nucleus,4
P10768,ESD,cytosol;endoplasmic_reticulum;extracellular;vesicle,4
Q3KQU3-2,MAP7D1,cytoskeleton,1
O75056,SDC3,extracellular;golgi;lysosome;plasma_membrane,4
Q9Y625,GPC6,cell junction;extracellular;golgi;lysosome;nucleus;plasma_membrane;synapse,7
O14936-2,CASK,cell junction;cytoskeleton;cytosol;extracellular;nucleolus;nucleus;plasma_membrane;synapse,8
Q16363-2,LAMA4,cell junction;extracellular;plasma_membrane;synapse;vesicle,5
Q8N158,GPC2,cell junction;endoplasmic_reticulum;extracellular;golgi;lysosome;plasma_membrane;synapse,7
O00468,AGRN,cell junction;extracellular;golgi;lysosome;plasma_membrane;synapse;vesicle,7
P48509,CD151,cell junction;cytosol;extracellular;plasma_membrane,4
E5RFB8,SCARF2,cell junction,1
Q5SWA1,PPP1R15B,endoplasmic_reticulum,1
Q9Y2K1-2,ZBTB1,cytoskeleton;nucleus,2
Q9UJA3-3,MCM8,mitochondrion;nucleus,2
P54278,PMS2,cytosol;nucleus;plasma_membrane,3
Q9Y2M0,FAN1,nucleus,1
Q9UHC1,MLH3,nucleus,1
P45954,ACADSB,mitochondrion,1
Q9NP58-4,ABCB6,endoplasmic_reticulum;endosome;extracellular;golgi;lysosome;mitochondrion;nucleus;plasma_membrane;vesicle,9
Q9NW82,WDR70,nucleus,1
Q14978-2,NOLC1,nucleolus;nucleus,2
Q13428-2,TCOF1,cytosol;nucleolus;nucleus,3
Q5T2N8,ATAD3C,mitochondrion,1
Q14781,CBX2,nucleus,1
P55201-2,BRPF1,nucleus,1
Q96C57,C12orf43,nucleolus;nucleus,2
Q99457,NAP1L3,nucleus,1
Q7Z695,ADCK2,mitochondrion,1
Q8WU67,ABHD3,plasma_membrane,1
Q8WVV5,BTN2A2,plasma_membrane,1
P22670,RFX1,nucleus,1
P48378,RFX2,nucleus,1
P98198-3,ATP8B2,endoplasmic_reticulum;golgi;nucleus;plasma_membrane,4
O15440,ABCC5,endosome;golgi;plasma_membrane;vesicle,4
Q8N129,CNPY4,extracellular,1
Q7L1W4,LRRC8D,endoplasmic_reticulum;nucleus;plasma_membrane,3
Q8NCG7-2,DAGLB,lysosome;nucleus;plasma_membrane,3
Q9BV23,ABHD6,endosome;lysosome;mitochondrion;plasma_membrane;vesicle,5
Q8TEY7-2,USP33,cell junction;cytoskeleton;cytosol;golgi;nucleus,5
Q6UVM3-2,KCNT2,plasma_membrane,1
Q9NTZ6,RBM12,nucleus,1
O94855-2,SEC24D,cytosol;endoplasmic_reticulum;golgi;nucleus;vesicle,5
O95487-2,SEC24B,cytosol;endoplasmic_reticulum;golgi;nucleus;vesicle,5
O95486,SEC24A,cytosol;endoplasmic_reticulum;golgi;nucleus;vesicle,5
P53992,SEC24C,cytosol;endoplasmic_reticulum;golgi;nucleus;vesicle,5
O95025,SEMA3D,extracellular;plasma_membrane,2
Q14563,SEMA3A,cell junction;extracellular;plasma_membrane;synapse,4
Q13275,SEMA3F,extracellular;plasma_membrane,2
Q5R3I4,TTC38,extracellular;vesicle,2
Q8N9U0,TC2N,nucleus,1
Q504Q3-2,PAN2,cytosol;nucleus,2
P35611-2,ADD1,cell junction;cytoskeleton;cytosol;nucleus;plasma_membrane;synapse,6
P01011,SERPINA3,extracellular;lysosome;nucleus;vesicle,4
P30740,SERPINB1,cytosol;endosome;extracellular;lysosome;vesicle,5
P12429,ANXA3,extracellular;nucleus;plasma_membrane;vesicle,4
P41218,MNDA,cytosol;extracellular;lysosome;nucleolus;nucleus;vesicle,6
P28676,GCA,cytosol;extracellular;lysosome;plasma_membrane;vesicle,5
P00450,CP,endoplasmic_reticulum;extracellular;lysosome;plasma_membrane;vesicle,5
P17213,BPI,extracellular;lysosome;vesicle,3
P05164-2,MPO,extracellular;lysosome;nucleus;vesicle,4
Q9UGM3-2,DMBT1,extracellular;vesicle,2
Q14469,HES1,nucleus,1
P19622,EN2,nucleolus;nucleus,2
O43435-3,TBX1,nucleus,1
Q8IY37,DHX37,nucleolus;nucleus,2
O15397,IPO8,cytosol;nucleus,2
Q16385,SSX2B,nucleus,1
P08107,HSPA1B,cell junction;cytoskeleton;cytosol;endoplasmic_reticulum;extracellular;mitochondrion;nucleus;plasma_membrane;vesicle,9
Q13563,PKD2,cytoskeleton;cytosol;endoplasmic_reticulum;extracellular;golgi;nucleus;plasma_membrane;vesicle,8
O75376,NCOR1,cytoskeleton;cytosol;nucleus,3
Q16760-2,DGKD,cytosol;nucleus;plasma_membrane;vesicle,4
O75165,DNAJC13,endosome;extracellular;lysosome;plasma_membrane;vesicle,5
O43462,MBTPS2,golgi,1
Q6UX53,METTL7B,cytosol;endoplasmic_reticulum;nucleus,3
Q9HC35,EML4,cytoskeleton;cytosol;extracellular,3
P11274,BCR,cell junction;cytosol;extracellular;plasma_membrane;synapse;vesicle,6
Q13888,GTF2H2,nucleus,1
Q9Y6N1,COX11,mitochondrion,1
Q96EZ8-2,MCRS1,cytoskeleton;lysosome;nucleolus;nucleus;plasma_membrane,5
Q96CG3,TIFA,cytosol,1
P29597,TYK2,cytosol;extracellular;nucleus;plasma_membrane;vesicle,5
P48058,GRIA4,cell junction;extracellular;plasma_membrane;synapse;vesicle,5
Q9BU23-2,LMF2,endoplasmic_reticulum;nucleus,2
Q9Y2C9,TLR6,golgi;plasma_membrane;vesicle,3
Q8WZA1,POMGNT1,golgi,1
O60476,MAN1A2,endoplasmic_reticulum;extracellular;golgi;vesicle,4
Q14393-2,GAS6,endoplasmic_reticulum;extracellular;golgi;vesicle,4
Q13188,STK3,cytoskeleton;cytosol;nucleus,3
Q13043-2,STK4,cytosol;nucleus,2
Q9ULJ8,PPP1R9A,cell junction;cytoskeleton;plasma_membrane;synapse,4
O43164-2,PJA2,cell junction;cytoskeleton;cytosol;endoplasmic_reticulum;golgi;nucleus;plasma_membrane;synapse,8
O14782,KIF3C,cytoskeleton;cytosol;plasma_membrane,3
O15066,KIF3B,cell junction;cytoskeleton;cytosol;extracellular;plasma_membrane;synapse;vesicle,7
Q99584,S100A13,cytosol;extracellular;nucleus,3
Q13370,PDE3B,cytosol;endoplasmic_reticulum;golgi,3
Q3ZCT1,ZNF260,nucleus,1
Q8NI29,FBXO27,cytosol,1
Q5BLP8-2,C4orf48,extracellular,1
Q7L945,ZNF627,nucleus,1
Q8IZC7,ZNF101,nucleus,1
Q9NUA8,ZBTB40,nucleus,1
P51957,NEK4,cytosol;plasma_membrane,2
Q6JQN1,ACAD10,mitochondrion,1
Q9NPH3,IL1RAP,extracellular;plasma_membrane,2
Q9UN73-2,PCDHA6,extracellular;plasma_membrane,2
Q9Y5I3-3,PCDHA1,extracellular;plasma_membrane,2
Q9Y6A1-2,POMT1,endoplasmic_reticulum;nucleus,2
Q96PD2-2,DCBLD2,plasma_membrane,1
Q9Y5F0,PCDHB13,plasma_membrane,1
Q9Y5F1,PCDHB12,plasma_membrane,1
Q8IY17-2,PNPLA6,cytosol;endoplasmic_reticulum;nucleus,3
Q5M775-2,SPECC1,cytoskeleton;cytosol;nucleolus;nucleus,4
Q8N394,TMTC2,endoplasmic_reticulum;nucleus,2
Q14118,DAG1,cell junction;cytoskeleton;cytosol;endoplasmic_reticulum;extracellular;golgi;nucleus;plasma_membrane;synapse;vesicle,10
Q8NBR0,TP53I13,plasma_membrane,1
Q9BW72,HIGD2A,mitochondrion,1
Q8IZA0-2,KIAA0319L,golgi;nucleolus;nucleus;plasma_membrane;vesicle,5
Q24JP5-2,TMEM132A,endoplasmic_reticulum;extracellular;golgi;nucleus;vesicle,5
Q9Y5G5-2,PCDHGA8,plasma_membrane,1
O95822-2,MLYCD,cytosol;mitochondrion;peroxisome,3
P22059,OSBP,cytosol;endoplasmic_reticulum;golgi;nucleus;plasma_membrane,5
P54760,EPHB4,cytosol;extracellular;plasma_membrane;vesicle,4
Q14680,MELK,plasma_membrane,1
Q5T0N5-3,FNBP1L,cytoskeleton;cytosol;plasma_membrane;vesicle,4
Q9Y5K6,CD2AP,cytoskeleton;extracellular;plasma_membrane;vesicle,4
Q15642-2,TRIP10,cytoskeleton;cytosol;extracellular;golgi;lysosome;nucleus;plasma_membrane;vesicle,8
P35670-3,ATP7B,endosome;golgi;mitochondrion;plasma_membrane;vesicle,5
Q9Y5H2-2,PCDHGA11,plasma_membrane,1
Q9Y5E7,PCDHB2,plasma_membrane,1
O60330,PCDHGA12,plasma_membrane,1
Q4KMG0-2,CDON,plasma_membrane,1
P35916-2,FLT4,cytosol;extracellular;nucleus;plasma_membrane,4
P22223-2,CDH3,cell junction;plasma_membrane,2
Q9HCL0-2,PCDH18,plasma_membrane,1
Q8TB96,ITFG1,extracellular;plasma_membrane;vesicle,3
P41273,TNFSF9,extracellular;plasma_membrane,2
Q8TAB3-2,PCDH19,plasma_membrane,1
O75674,TOM1L1,cytosol;endosome;extracellular;golgi;lysosome;vesicle,6
Q9UK28,TMEM59L,golgi,1
O95070,YIF1A,endoplasmic_reticulum;er_golgi_intermediate;golgi;nucleus;vesicle,5
P09327,VIL1,cytoskeleton;extracellular;plasma_membrane;vesicle,4
Q9BRR0,ZKSCAN3,nucleus,1
P04083,ANXA1,cell junction;cytosol;endosome;extracellular;nucleus;plasma_membrane;vesicle,7
Q5VWH6,PTPRE,nucleus;plasma_membrane,2
P49447,CYB561,lysosome;vesicle,2
P62070,RRAS2,cell junction;endoplasmic_reticulum;extracellular;golgi;plasma_membrane;vesicle,6
P01111,NRAS,cytosol;endoplasmic_reticulum;extracellular;golgi;nucleus;plasma_membrane;vesicle,7
P01116-2,KRAS,cell junction;cytosol;endoplasmic_reticulum;golgi;mitochondrion;nucleus;plasma_membrane,7
Q92625,ANKS1A,cytosol;nucleus;plasma_membrane,3
P00519-2,ABL1,cell junction;cytoskeleton;cytosol;mitochondrion;nucleolus;nucleus;plasma_membrane;synapse,8
Q8IXQ5-2,KLHL7,cytosol;nucleolus;nucleus,3
Q15119,PDK2,cytosol;mitochondrion;nucleus,3
Q99569-2,PKP4,cell junction;cytoskeleton;nucleus;plasma_membrane,4
P14923,JUP,cell junction;cytoskeleton;cytosol;extracellular;nucleus;plasma_membrane;vesicle,7
P49768-2,PSEN1,cell junction;cytoskeleton;endoplasmic_reticulum;endosome;golgi;lysosome;mitochondrion;nucleus;plasma_membrane;synapse;vesicle,11
O14617-2,AP3D1,cell junction;endosome;golgi;lysosome;plasma_membrane;synapse;vesicle,7
P18031,PTPN1,cytosol;endoplasmic_reticulum;endosome;nucleus;vesicle,5
Q14728,MFSD10,nucleus;plasma_membrane;vesicle,3
Q96G74-3,OTUD5,cytosol;nucleus,2
Q6B0I6,KDM4D,extracellular;nucleus,2
Q14974,KPNB1,cytosol;endoplasmic_reticulum;extracellular;nucleus;vesicle,5
P49790,NUP153,nucleus,1
Q13283,G3BP1,cell junction;cytosol;nucleus,3
O15084-1,ANKRD28,cytosol;nucleus;plasma_membrane,3
Q9UPN7,PPP6R1,cytosol;nucleus;plasma_membrane,3
Q9Y2I7,PIKFYVE,endosome;golgi;vesicle,3
Q9BZG8,DPH1,cell junction;cytosol;nucleus,3
Q02127,DHODH,cytosol;mitochondrion;nucleus,3
A8MXV4,NUDT19,cytosol;mitochondrion;peroxisome,3
Q9Y5I0-2,PCDHA13,plasma_membrane,1
P0CG41,CTAGE8,endoplasmic_reticulum;nucleus,2
Q96RT6,CTAGE1,endoplasmic_reticulum;nucleus,2
A6NKT7,RGPD3,nucleus,1
Q03060-21,CREM,nucleus,1
Q96IZ0,PAWR,cytosol;nucleus,2
Q9H814,PHAX,cytosol;nucleus,2
O00629,KPNA4,cytosol;nucleus,2
O00505,KPNA3,cytosol;nucleus,2
O94916-2,NFAT5,cytosol;nucleus,2
Q9NX24,NHP2,nucleolus;nucleus,2
P55268,LAMB2,endoplasmic_reticulum;extracellular;vesicle,3
Q86YN6-2,PPARGC1B,cytosol;nucleus,2
Q6ZUT9-2,DENND5B,cytosol,1
Q9UPY8,MAPRE3,cytoskeleton,1
P35558,PCK1,cytosol;endoplasmic_reticulum;extracellular;mitochondrion;vesicle,5
P06737,PYGL,cytosol;extracellular;vesicle,3
P11217,PYGM,cytosol;extracellular;vesicle,3
P13807,GYS1,cytosol,1
Q9H0H3,KLHL25,cytosol,1
P11498,PC,cytosol;mitochondrion,2
P14625,HSP90B1,cell junction;cytosol;endoplasmic_reticulum;extracellular;nucleus;vesicle,6
Q9Y463,DYRK1B,nucleolus;nucleus,2
O76074-2,PDE5A,cytosol,1
Q9UKE5-2,TNIK,cytoskeleton;cytosol;endosome;extracellular;nucleus;plasma_membrane;vesicle,7
P52848,NDST1,golgi,1
Q95460-3,MR1,endoplasmic_reticulum;endosome;extracellular;golgi;nucleus;plasma_membrane;vesicle,7
P98155-2,VLDLR,extracellular;lysosome;plasma_membrane,3
P54802,NAGLU,extracellular;lysosome;vesicle,3
P51161-2,FABP6,cytosol;nucleus,2
P98174,FGD1,cytoskeleton;cytosol;golgi;plasma_membrane,4
Q15155,NOMO1,endoplasmic_reticulum;nucleus,2
Q92544,TM9SF4,endosome;golgi;vesicle,3
Q6P996,PDXDC1,golgi,1
Q9UJJ9,GNPTG,extracellular;golgi;vesicle,3
Q12772,SREBF2,cytosol;endoplasmic_reticulum;golgi;nucleus;vesicle,5
Q9Y4P3,TBL2,cytosol;endoplasmic_reticulum;nucleus,3
O15270,SPTLC2,endoplasmic_reticulum;nucleus,2
Q9NUE0,ZDHHC18,endoplasmic_reticulum;golgi,2
Q93052,LPP,cell junction;cytoskeleton;cytosol;nucleus;plasma_membrane,5
Q9H972-2,C14orf93,extracellular,1
P46976-2,GYG1,cytosol;extracellular;lysosome;nucleus;vesicle,5
P35573-2,AGL,cytosol;extracellular;nucleus;vesicle,4
Q8N2Q7-2,NLGN1,cell junction;er_golgi_intermediate;extracellular;golgi;plasma_membrane;synapse,6
Q5T9L3-2,WLS,cytosol;endoplasmic_reticulum;endosome;extracellular;golgi;nucleus;plasma_membrane;vesicle,8
Q9BV10,ALG12,endoplasmic_reticulum;nucleus,2
Q7Z736-2,PLEKHH3,extracellular,1
Q92817,EVPL,cell junction;cytoskeleton;cytosol;extracellular;plasma_membrane;vesicle,6
P40394,ADH7,cytosol;plasma_membrane,2
Q14134-2,TRIM29,cell junction;cytosol;lysosome,3
P07476,IVL,cytosol;extracellular;plasma_membrane;vesicle,4
Q5K651,SAMD9,cytosol,1
Q96LJ7,DHRS1,endoplasmic_reticulum,1
P23141-2,CES1,endoplasmic_reticulum,1
P32926,DSG3,cell junction;cytosol;extracellular;plasma_membrane;vesicle,5
O95171-2,SCEL,cytosol;extracellular;nucleus;plasma_membrane;vesicle,5
P57735,RAB25,endosome;extracellular;golgi;plasma_membrane;vesicle,5
Q96FQ6,S100A16,cytosol;extracellular;nucleolus;nucleus;vesicle,5
P21926,CD9,cell junction;extracellular;plasma_membrane;vesicle,4
O00204-2,SULT2B1,cytosol;extracellular;nucleus;vesicle,4
Q14914,PTGR1,extracellular;vesicle,2
P21128-2,ENDOU,extracellular;plasma_membrane,2
Q8TAX7,MUC7,extracellular;golgi;plasma_membrane;vesicle,4
P29373,CRABP2,cytosol;endoplasmic_reticulum;extracellular;nucleus;vesicle,5
O60235,TMPRSS11D,extracellular;plasma_membrane;vesicle,3
Q14CN2,CLCA4,extracellular;plasma_membrane,2
Q53G59,KLHL12,cytoskeleton;cytosol;golgi;vesicle,4
Q8NHG7,SVIP,endoplasmic_reticulum;extracellular;golgi;lysosome;nucleus;plasma_membrane;vesicle,7
Q96AX1,VPS33A,endosome;lysosome;vesicle,3
Q9H7E2-2,TDRD3,cytosol;golgi;nucleus,3
Q8NFD5-2,ARID1B,cytosol;nucleus;plasma_membrane,3
O14497,ARID1A,nucleus,1
Q969T9,WBP2,cytosol;nucleus,2
Q92922,SMARCC1,nucleus,1
Q6STE5-2,SMARCD3,nucleus,1
Q92925-2,SMARCD2,nucleus,1
P51532,SMARCA4,extracellular;nucleolus;nucleus,3
P51531-2,SMARCA2,cytoskeleton;nucleus,2
Q07157-2,TJP1,cell junction;cytoskeleton;cytosol;plasma_membrane,4
Q6GQQ9,OTUD7B,cytosol;nucleus,2
P49750-3,YLPM1,nucleus,1
Q5TC82-2,RC3H1,cytosol;plasma_membrane,2
Q5HYK7-2,SH3D19,cytosol;nucleus;plasma_membrane,3
O43318-2,MAP3K7,cytosol;endoplasmic_reticulum;endosome;nucleus;plasma_membrane;vesicle,6
Q8N5C8-2,TAB3,cytosol;endoplasmic_reticulum;endosome;extracellular;plasma_membrane;vesicle,6
Q9H3P7,ACBD3,golgi;mitochondrion,2
Q9H4L7-2,SMARCAD1,nucleus,1
Q9HCM9-2,TRIM39,cytosol;mitochondrion;nucleus,3
Q9Y6M5,SLC30A1,endoplasmic_reticulum;golgi;nucleus;plasma_membrane;vesicle,5
Q8N8Z6-2,DCBLD1,plasma_membrane,1
Q13433,SLC39A6,plasma_membrane,1
P16499,PDE6A,plasma_membrane,1
P11388-2,TOP2A,nucleolus;nucleus,2
Q8WZA2-3,RAPGEF4,cytosol;plasma_membrane,2
Q16832,DDR2,cell junction;cytoskeleton;plasma_membrane,3
Q9H501,ESF1,extracellular;nucleolus;nucleus,3
Q9HCU5,PREB,endoplasmic_reticulum;nucleus,2
Q7L5Y1,ENOSF1,mitochondrion,1
O94806,PRKD3,cytosol;plasma_membrane,2
O43747-2,AP1G1,cytosol;endosome;golgi;lysosome;plasma_membrane;vesicle,6
Q9BXS5,AP1M1,cytosol;endosome;extracellular;golgi;lysosome;plasma_membrane;vesicle,7
Q6GYQ0-2,RALGAPA1,nucleus,1
O43426-2,SYNJ1,cell junction;cytosol;plasma_membrane;synapse;vesicle,5
Q14831-2,GRM7,cell junction;plasma_membrane;synapse,3
P53041,PPP5C,cytosol;nucleus;plasma_membrane,3
Q9HAW4-2,CLSPN,golgi;nucleus,2
Q9UQ84-4,EXO1,nucleus;plasma_membrane,2
P07942,LAMB1,endoplasmic_reticulum;extracellular;vesicle,3
P14543-2,NID1,extracellular;vesicle,2
P25391,LAMA1,cell junction;extracellular;plasma_membrane;synapse,4
P23284,PPIB,cell junction;cytosol;endoplasmic_reticulum;extracellular;nucleus;vesicle,6
Q9Y5J1,UTP18,nucleolus;nucleus,2
Q12788,TBL3,nucleolus;nucleus,2
Q8IWA0,WDR75,nucleolus;nucleus,2
P52429,DGKE,cytosol;nucleus;plasma_membrane,3
Q8IUH4,ZDHHC13,endoplasmic_reticulum;golgi;vesicle,3
Q9NYG2-2,ZDHHC3,endoplasmic_reticulum;golgi,2
O43556,SGCE,cytoskeleton;endoplasmic_reticulum;golgi;nucleus;plasma_membrane,5
Q9UBD5-2,ORC3,nucleus,1
Q6PCD5,RFWD3,cytosol;nucleus,2
Q8NCT1,ARRDC4,endosome;extracellular;plasma_membrane;vesicle,4
Q96J02-2,ITCH,cytosol;endosome;extracellular;mitochondrion;nucleus;plasma_membrane;vesicle,7
Q8TBH0-2,ARRDC2,plasma_membrane;vesicle,2
Q86YD5,LDLRAD3,plasma_membrane,1
Q14590-2,ZNF235,nucleus,1
Q02880-2,TOP2B,cytosol;nucleolus;nucleus,3
Q8NCR0-2,B3GALNT2,endoplasmic_reticulum;golgi;nucleus,3
Q8IUD2-2,ERC1,cell junction;cytoskeleton;cytosol;golgi;plasma_membrane;synapse,6
O00469-2,PLOD2,endoplasmic_reticulum;extracellular;golgi;nucleus;vesicle,5
Q5T2T1,MPP7,cell junction;nucleus;plasma_membrane,3
Q12959-2,DLG1,cell junction;cytoskeleton;cytosol;endoplasmic_reticulum;extracellular;golgi;nucleus;plasma_membrane;synapse;vesicle,10
O00291,HIP1,cell junction;cytoskeleton;cytosol;golgi;nucleus;synapse;vesicle,7
Q3T906,GNPTAB,golgi,1
Q8WXH0-2,SYNE2,cell junction;cytoskeleton;endoplasmic_reticulum;extracellular;mitochondrion;nucleus;plasma_membrane;vesicle,8
P55884-2,EIF3B,cytosol;extracellular;vesicle,3
Q14152,EIF3A,cytosol,1
P20648,ATP4A,extracellular;plasma_membrane,2
P50993,ATP1A2,extracellular;plasma_membrane;vesicle,3
P27037,ACVR2A,plasma_membrane,1
Q86XA9-2,HEATR5A,golgi;vesicle,2
Q96M95,CCDC42,cytoskeleton;plasma_membrane,2
Q9UHY8-2,FEZ2,plasma_membrane,1
Q6UVK1,CSPG4,cell junction;extracellular;golgi;lysosome;plasma_membrane;vesicle,6
Q9Y5S2,CDC42BPB,cell junction;cytoskeleton;cytosol;extracellular;plasma_membrane;vesicle,6
P35790-2,CHKA,cytosol,1
Q92908-2,GATA6,nucleus,1
Q10472,GALNT1,endoplasmic_reticulum;er_golgi_intermediate;extracellular;golgi;nucleus,5
Q96QZ7-2,MAGI1,cell junction;nucleolus;nucleus;plasma_membrane,4
Q8NEW0,SLC30A7,endoplasmic_reticulum;golgi;mitochondrion;nucleus;vesicle,5
Q13114,TRAF3,cytosol;endosome;mitochondrion;plasma_membrane;vesicle,5
O95180-2,CACNA1H,plasma_membrane,1
Q5M7Z0,RNFT1,endoplasmic_reticulum;nucleus,2
Q15036,SNX17,cytosol;endosome;golgi;vesicle,4
P01033,TIMP1,endoplasmic_reticulum;extracellular;vesicle,3
Q8N5M9,JAGN1,endoplasmic_reticulum;nucleus,2
Q76KP1,B4GALNT4,golgi,1
O95158,NXPH4,extracellular,1
Q14494-2,NFE2L1,cytosol;endoplasmic_reticulum;nucleus,3
Q50LG9,LRRC24,plasma_membrane,1
Q00973,B4GALNT1,golgi,1
Q5VU97,CACHD1,plasma_membrane,1
Q9P2E5,CHPF2,golgi,1
P06756-2,ITGAV,cell junction;cytosol;extracellular;plasma_membrane;vesicle,5
Q9HBR0-3,SLC38A10,golgi,1
Q92854,SEMA4D,extracellular;plasma_membrane,2
P35475,IDUA,extracellular;lysosome;vesicle,3
P26006-2,ITGA3,cell junction;extracellular;plasma_membrane;synapse;vesicle,5
Q16706,MAN2A1,extracellular;golgi;vesicle,3
Q16880,UGT8,endoplasmic_reticulum;nucleus,2
Q96MM7-2,HS6ST2,golgi,1
Q9Y4D7,PLXND1,plasma_membrane,1
P98161-2,PKD1,endoplasmic_reticulum;extracellular;golgi;mitochondrion;nucleus;plasma_membrane;vesicle,7
Q9UBV7,B4GALT7,golgi,1
O96014,WNT11,extracellular,1
Q3SY77,UGT3A2,endoplasmic_reticulum;nucleus,2
E7EN22,USP19,cytosol;endoplasmic_reticulum;nucleus,3
Q96QT4,TRPM7,nucleus;plasma_membrane;vesicle,3
Q16585,SGCB,cell junction;cytoskeleton;endoplasmic_reticulum;golgi;nucleus;plasma_membrane;synapse,7
Q6ZXV5-2,TMTC3,endoplasmic_reticulum,1
Q96S52-2,PIGS,endoplasmic_reticulum;nucleus,2
P55011-3,SLC12A2,extracellular;plasma_membrane;vesicle,3
Q9BZM4,ULBP3,extracellular;plasma_membrane,2
Q8N442,GUF1,mitochondrion,1
Q8WW22-2,DNAJA4,cytosol,1
Q9BWS9-3,CHID1,endosome;extracellular;golgi;lysosome;nucleus;vesicle,6
Q9BQB6-2,VKORC1,endoplasmic_reticulum;nucleus,2
Q96JP9,CDHR1,plasma_membrane,1
Q99733,NAP1L4,nucleus,1
Q969S3,ZNF622,cytosol;nucleolus;nucleus,3
Q9NXE8,CWC25,nucleus,1
Q9P2Q2,FRMD4A,cell junction;cytoskeleton,2
Q9Y6N7-2,ROBO1,er_golgi_intermediate;plasma_membrane,2
O00170,AIP,cytosol;nucleus,2
Q5SQN1-2,SNAP47,lysosome;plasma_membrane,2
P40189,IL6ST,extracellular;plasma_membrane;vesicle,3
Q13224,GRIN2B,cell junction;cytoskeleton;endoplasmic_reticulum;endosome;lysosome;nucleus;plasma_membrane;synapse;vesicle,9
Q9H2F5-2,EPC1,nucleolus;nucleus,2
Q9UGU0-2,TCF20,nucleus,1
Q8TBE0-2,BAHD1,nucleus,1
P08069,IGF1R,plasma_membrane,1
B4DTU0,ALCAM,cell junction;extracellular;plasma_membrane;synapse;vesicle,5
P46531,NOTCH1,cell junction;cytosol;endoplasmic_reticulum;endosome;extracellular;golgi;nucleus;plasma_membrane;vesicle,9
Q92823-2,NRCAM,extracellular;nucleus;plasma_membrane,3
Q7Z5N4-3,SDK1,cell junction;plasma_membrane;synapse,3
Q12866,MERTK,extracellular;plasma_membrane,2
Q13308-4,PTK7,cell junction;plasma_membrane,2
P56199,ITGA1,cell junction;extracellular;plasma_membrane;vesicle,4
Q12913,PTPRJ,cell junction;extracellular;plasma_membrane;synapse;vesicle,5
P22413,ENPP1,extracellular;lysosome;plasma_membrane,3
Q9HCM3-2,KIAA1549,plasma_membrane,1
Q5ZPR3-4,CD276,plasma_membrane,1
O15118,NPC1,endoplasmic_reticulum;endosome;extracellular;lysosome;nucleus;plasma_membrane;vesicle,7
Q6P4Q7,CNNM4,plasma_membrane,1
P12821-2,ACE,endosome;extracellular;lysosome;plasma_membrane;vesicle,5
Q2VWP7,PRTG,extracellular,1
P05556,ITGB1,cell junction;endosome;extracellular;plasma_membrane;synapse;vesicle,6
Q92859-2,NEO1,golgi;nucleus;plasma_membrane,3
Q9ULI3,HEG1,cell junction;extracellular,2
Q9UMF0,ICAM5,cell junction;plasma_membrane;synapse,3
Q9NS00,C1GALT1,golgi,1
Q9UMZ2-3,SYNRG,golgi;vesicle,2
P69891,HBG1,cytosol,1
P31153,MAT2A,cytosol,1
Q96BS2,TESC,cytosol;nucleus;plasma_membrane,3
P19971,TYMP,cytosol,1
P61812-2,TGFB2,extracellular;plasma_membrane;vesicle,3
Q5SVS4,SLC25A30,mitochondrion,1
Q9UKV5,AMFR,cytosol;endoplasmic_reticulum;golgi;nucleus,4
Q75V66,ANO5,endoplasmic_reticulum;nucleus;plasma_membrane,3
Q9Y6X8,ZHX2,nucleus,1
P20700,LMNB1,cytoskeleton;nucleus,2
Q9BXI6,TBC1D10A,extracellular;plasma_membrane;vesicle,3
Q96IG2-2,FBXL20,cytosol,1
Q9P2D0-2,IBTK,cytosol;nucleus,2
P16260,SLC25A16,mitochondrion,1
Q9NUQ2,AGPAT5,endoplasmic_reticulum;mitochondrion;nucleolus;nucleus,4
Q96LU5,IMMP1L,mitochondrion,1
Q9Y2B2,PIGL,endoplasmic_reticulum;nucleus,2
Q9Y462-2,ZNF711,nucleus,1
P05455,SSB,cytosol;nucleus,2
Q8TF47,ZFP90,nucleus,1
P49841-2,GSK3B,cell junction;cytoskeleton;cytosol;endoplasmic_reticulum;nucleus;plasma_membrane;synapse,7
Q0D2J5-2,ZNF763,nucleus,1
Q06265-2,EXOSC9,cytosol;extracellular;nucleolus;nucleus;vesicle,5
Q01780-2,EXOSC10,cytosol;nucleolus;nucleus,3
Q8TED0,UTP15,endoplasmic_reticulum;nucleolus;nucleus,3
Q6NZY4,ZCCHC8,nucleus,1
Q5RKV6,EXOSC6,cytosol;nucleolus;nucleus,3
Q9BZW7,TSGA10,cytoskeleton;plasma_membrane,2
Q9NQH7-2,XPNPEP3,cytosol;mitochondrion,2
Q9P0K7-2,RAI14,cell junction;cytoskeleton;nucleus,3
Q6P0N0,MIS18BP1,nucleus,1
Q6P4R8-2,NFRKB,nucleus,1
Q7Z478,DHX29,cytosol,1
O95373,IPO7,cytosol;nucleus,2
O15321,TM9SF1,lysosome;vesicle,2
Q9H2C2,ARV1,endoplasmic_reticulum;golgi;nucleus,3
Q8NCW6,GALNT11,golgi,1
Q96ES6,MFSD3,plasma_membrane,1
Q9NW38,FANCL,cytosol;nucleus,2
Q7RTY0,SLC16A13,golgi;plasma_membrane,2
Q6PML9,SLC30A9,cytoskeleton;endoplasmic_reticulum;mitochondrion;nucleus;vesicle,5
Q6MZM0,HEPHL1,plasma_membrane,1
Q9NVJ2,ARL8B,cell junction;cytoskeleton;endosome;extracellular;lysosome;synapse;vesicle,7
P15309-2,ACPP,cytosol;extracellular;lysosome;nucleus;plasma_membrane;vesicle,6
P38405,GNAL,extracellular;plasma_membrane;vesicle,3
Q9P2D3-3,HEATR5B,golgi;vesicle,2
Q63HQ0,AP1AR,endosome;golgi;vesicle,3
P41223,BUD31,nucleus,1
P30419-2,NMT1,cytosol;plasma_membrane,2
Q9NUJ3,TCP11L1,cytoskeleton,1
Q5JTY5,CBWD3,nucleus,1
Q6GTS8,PM20D1,extracellular;vesicle,2
Q7L5L3-1,GDPD3,endoplasmic_reticulum;extracellular;nucleus;vesicle,4
Q15126,PMVK,cytosol;extracellular;peroxisome;vesicle,4
O15523,DDX3Y,cytosol;nucleus,2
Q5JTZ9,AARS2,mitochondrion,1
Q9NW07,ZNF358,nucleus,1
P0CJ79,ZNF888,nucleus,1
P62266,RPS23,cytosol;endoplasmic_reticulum;nucleus,3
Q9BT73,PSMG3,cytosol,1
Q9BZ67-2,FRMD8,cytosol;plasma_membrane,2
Q9Y490,TLN1,cell junction;cytoskeleton;cytosol;extracellular;plasma_membrane;vesicle,6
Q00688,FKBP3,cytosol;nucleus,2
Q9H0C8,ILKAP,cytosol;nucleus,2
P82970,HMGN5,mitochondrion;nucleus,2
O75914-2,PAK3,cytosol;plasma_membrane,2
P62495,ETF1,cytosol,1
Q14847-2,LASP1,cell junction;cytoskeleton,2
Q12972,PPP1R8,nucleus,1
P30043,BLVRB,cytosol;extracellular;nucleus;plasma_membrane;vesicle,5
O95747,OXSR1,cytosol;extracellular;vesicle,3
O60684,KPNA6,cytosol;nucleus,2
P41219-2,PRPH,cytoskeleton;extracellular;plasma_membrane;vesicle,4
O15061,SYNM,cell junction;cytoskeleton;plasma_membrane,3
Q9BZF9,UACA,cytoskeleton;cytosol;extracellular;nucleus;vesicle,5
Q5JTD0-2,TJAP1,cell junction;golgi;plasma_membrane,3
Q6P4E1,CASC4,golgi,1
Q9NS87-2,KIF15,cytoskeleton;cytosol,2
P49459,UBE2A,cytosol;endosome;lysosome;nucleus;vesicle,5
Q14676-2,MDC1,cell junction;nucleus,2
P33764,S100A3,cytosol;golgi;plasma_membrane,3
Q92521,PIGB,endoplasmic_reticulum;nucleus,2
Q9UBF2,COPG2,cytosol;endoplasmic_reticulum;er_golgi_intermediate;golgi;nucleus;vesicle,6
Q9Y4D2,DAGLA,cell junction;endosome;plasma_membrane;synapse;vesicle,5
Q99758,ABCA3,endosome;extracellular;lysosome;plasma_membrane;vesicle,5
P08183,ABCB1,extracellular;nucleus;plasma_membrane;vesicle,4
Q99835,SMO,extracellular;plasma_membrane;vesicle,3
Q8IWB9-2,TEX2,endoplasmic_reticulum;nucleus,2
Q14689-2,DIP2A,cell junction;mitochondrion;plasma_membrane;synapse,4
O43174,CYP26A1,endoplasmic_reticulum;nucleus,2
O95476,CTDNEP1,endoplasmic_reticulum;nucleus,2
Q8IZY2-2,ABCA7,cell junction;endoplasmic_reticulum;endosome;golgi;plasma_membrane;vesicle,6
O75460,ERN1,endoplasmic_reticulum;nucleus,2
Q8IWI9,MGA,nucleus,1
Q8WWZ7-2,ABCA5,endosome;golgi;lysosome;plasma_membrane;vesicle,5
O60353,FZD6,endoplasmic_reticulum;nucleus;plasma_membrane;vesicle,4
Q5SNT2,TMEM201,cytoskeleton;nucleus,2
P50443,SLC26A2,extracellular;plasma_membrane;vesicle,3
Q8TD43-2,TRPM4,endoplasmic_reticulum;golgi;plasma_membrane,3
Q9H1H9-2,KIF13A,cytoskeleton;endosome;golgi;vesicle,4
Q08999,RBL2,extracellular;nucleolus;nucleus;vesicle,4
Q8WWL7,CCNB3,nucleus,1
Q92793,CREBBP,cytosol;nucleus,2
Q5VT25-2,CDC42BPA,cell junction;cytoskeleton;cytosol;extracellular;plasma_membrane;vesicle,6
Q9NZ56,FMN2,cytoskeleton;cytosol;endoplasmic_reticulum;nucleolus;nucleus;plasma_membrane;vesicle,7
P51784,USP11,cytosol;nucleus,2
P32519,ELF1,nucleus,1
P60981,DSTN,cytoskeleton;extracellular;vesicle,3
Q9Y281,CFL2,cytoskeleton;extracellular;nucleus;vesicle,4
Q4ZG55-4,GREB1,extracellular;nucleus;vesicle,3
Q9Y4K4,MAP4K5,cytosol,1
Q9P265,DIP2B,extracellular;nucleus;plasma_membrane;vesicle,4
Q9Y3E5,PTRH2,cytosol;mitochondrion,2
Q8WWM7-2,ATXN2L,cytosol;nucleus,2
Q9Y244,POMP,cytosol;nucleus,2
O95456-2,PSMG1,cytosol;endoplasmic_reticulum;golgi;nucleus,4
Q96ED9-2,HOOK2,cytoskeleton;cytosol;golgi,3
O00257-3,CBX4,nucleus,1
Q9P0L2,MARK1,cytoskeleton;plasma_membrane,2
Q9Y697-2,NFS1,cytoskeleton;cytosol;mitochondrion;nucleus,4
Q96EU7,C1GALT1C1,extracellular;golgi;vesicle,3
Q14145,KEAP1,cytoskeleton;cytosol;nucleus,3
Q9H553-2,ALG2,endoplasmic_reticulum;nucleus,2
O60701,UGDH,cytosol;extracellular;nucleus;vesicle,4
Q86UN3,RTN4RL2,extracellular;plasma_membrane;vesicle,3
Q99583,MNT,nucleus,1
Q14582,MXD4,cytosol;nucleus,2
P50539-2,MXI1,cytosol;nucleolus;nucleus,3
Q9UBY5,LPAR3,plasma_membrane,1
O15069,NACAD,nucleus,1
Q13765,NACA,extracellular;nucleus;vesicle,3
Q9H009,NACA2,nucleus,1
Q53S58,TMEM177,mitochondrion,1
Q96AX9-2,MIB2,cytosol;golgi,2
Q8TC92,ENOX1,extracellular;plasma_membrane,2
Q16206-2,ENOX2,cytosol;extracellular;plasma_membrane,3
Q14376,GALE,cytosol,1
Q9H334-2,FOXP1,nucleus,1
Q6PD62,CTR9,nucleus,1
Q8NB91,FANCB,cytosol;nucleus,2
Q9GZT9-2,EGLN1,cytosol;nucleus,2
O95248-4,SBF1,cytosol;endoplasmic_reticulum;nucleus;plasma_membrane,4
Q9NZC9,SMARCAL1,nucleus,1
O75417,POLQ,mitochondrion;nucleus,2
Q92698,RAD54L,nucleus,1
Q9C0D5-2,TANC1,cell junction;synapse,2
Q8NEZ3,WDR19,plasma_membrane,1
Q96EN8,MOCOS,cytosol,1
Q6PI77,BHLHB9,cytosol;extracellular;nucleus;vesicle,4
Q99973-2,TEP1,nucleus,1
Q96L34-2,MARK4,cytoskeleton;cytosol;plasma_membrane,3
Q6P1N0-2,CC2D1A,cytoskeleton;cytosol;extracellular;nucleus;vesicle,5
Q03468,ERCC6,nucleolus;nucleus,2
Q92547,TOPBP1,cytoskeleton;nucleus;plasma_membrane,3
Q86VX9,MON1A,cytosol;endosome;vesicle,3
Q9Y6W3,CAPN7,extracellular;nucleus;vesicle,3
Q504T8,MIDN,cytosol;nucleolus;nucleus,3
Q8TAT5,NEIL3,nucleus,1
Q66K74,MAP1S,cell junction;cytoskeleton;cytosol;nucleolus;nucleus;plasma_membrane;synapse,7
P43487,RANBP1,cytosol;nucleus,2
Q14CX7,NAA25,cytosol,1
P48304,REG1B,extracellular;vesicle,2
P61599,NAA20,cytosol;nucleus,2
Q99643-2,SDHC,mitochondrion,1
P31629,HIVEP2,nucleus,1
Q9Y2K7,KDM2A,nucleus,1
Q5H9F3-2,BCORL1,nucleus;plasma_membrane,2
O14503,BHLHE40,nucleus,1
Q9UKC9,FBXL2,plasma_membrane,1
Q8NEZ5,FBXO22,cytosol;nucleus,2
Q7Z6K3,PTAR1,mitochondrion,1
P15822,HIVEP1,cytosol;mitochondrion;nucleus,3
O94952-1,FBXO21,cytosol,1
Q5XUX0,FBXO31,cytoskeleton;cytosol,2
Q9NXK8,FBXL12,cytosol,1
P41002,CCNF,cytoskeleton;cytosol;nucleus,3
Q96CD0,FBXL8,cytosol,1
Q9UMY4-2,SNX12,endosome;vesicle,2
P49848,TAF6,cytosol;nucleus,2
Q92750,TAF4B,nucleolus;nucleus,2
O00268,TAF4,nucleus,1
Q15543,TAF13,nucleolus;nucleus,2
P21675-3,TAF1,nucleus,1
Q15545,TAF7,nucleus,1
Q6P1X5,TAF2,nucleus,1
Q15542,TAF5,nucleus,1
Q15544,TAF11,golgi;nucleus,2
Q7Z388,DPY19L4,endoplasmic_reticulum;nucleus,2
Q99460-2,PSMD1,cell junction;cytosol;extracellular;lysosome;nucleus;synapse;vesicle,7
O00231,PSMD11,cell junction;cytosol;extracellular;nucleus;synapse;vesicle,6
Q15008,PSMD6,cell junction;cytosol;extracellular;nucleus;synapse;vesicle,6
Q9NRR5,UBQLN4,cytosol;endoplasmic_reticulum;nucleus;vesicle,4
Q9UHD9,UBQLN2,cytosol;nucleus;vesicle,3
Q9UMX0-2,UBQLN1,cytosol;endoplasmic_reticulum;nucleus;plasma_membrane;vesicle,5
O00487,PSMD14,cell junction;cytosol;extracellular;nucleus;synapse;vesicle,6
P45974-2,USP5,cytosol;lysosome;nucleus,3
Q9UGI0,ZRANB1,cytosol;nucleus,2
P54252-2,ATXN3,cytosol;lysosome;mitochondrion;nucleolus;nucleus;plasma_membrane,6
O75521-2,ECI2,cytosol;mitochondrion;peroxisome,3
Q9H6Y7,RNF167,cytosol;endosome;lysosome;plasma_membrane;vesicle,5
Q86TV6-2,TTC7B,cytosol;plasma_membrane,2
Q8IXS8,FAM126B,cell junction;cytosol;plasma_membrane,3
Q9NU22,MDN1,nucleolus;nucleus,2
Q9BUK6-2,MSTO1,cytosol;mitochondrion,2
O94822,LTN1,cytosol,1
Q9NZJ4,SACS,mitochondrion;nucleus;plasma_membrane,3
Q96JJ3,ELMO2,cytosol,1
Q07889,SOS1,cytosol;plasma_membrane,2
Q2LD37-4,KIAA1109,endoplasmic_reticulum;mitochondrion;nucleus;plasma_membrane,4
P62253,UBE2G1,cytosol;extracellular;vesicle,3
O43824,GTPBP6,mitochondrion,1
Q02045,MYL5,cytoskeleton;cytosol,2
Q9BXC9,BBS2,cytoskeleton;cytosol;plasma_membrane,3
Q96RK4-2,BBS4,cytoskeleton;cytosol;plasma_membrane,3
Q8TAM2-2,TTC8,cytoskeleton;cytosol;mitochondrion;plasma_membrane,4
Q9NVH0,EXD2,mitochondrion;nucleus,2
Q3SYG4-2,BBS9,cytoskeleton;cytosol;plasma_membrane,3
Q8NE01,CNNM3,plasma_membrane,1
Q9H8M5-2,CNNM2,plasma_membrane,1
P42898,MTHFR,cytosol,1
Q567V2-2,MPV17L2,mitochondrion,1
Q9BSV6,TSEN34,nucleolus;nucleus,2
P29762,CRABP1,cytosol;nucleus,2
Q92681,RSC1A1,golgi;nucleus;plasma_membrane,3
Q5JS54,PSMG4,cytosol,1
Q5T7W0-2,ZNF618,nucleus,1
Q5JVF3-2,PCID2,nucleus,1
O43147-2,SGSM2,vesicle,1
Q9P0V3,SH3BP4,extracellular;nucleus;plasma_membrane;vesicle,4
Q92546,RGP1,cytosol;golgi,2
O75369-2,FLNB,cell junction;cytoskeleton;cytosol;extracellular;plasma_membrane;vesicle,6
P21333-2,FLNA,cell junction;cytoskeleton;cytosol;extracellular;nucleolus;nucleus;plasma_membrane;vesicle,8
Q12830-4,BPTF,cytosol;extracellular;nucleus;vesicle,4
Q9NZN5-2,ARHGEF12,cytosol;extracellular;vesicle,3
Q15797,SMAD1,cytosol;nucleus,2
P98160,HSPG2,cell junction;extracellular;golgi;lysosome;plasma_membrane;synapse;vesicle,7
Q13445,TMED1,endoplasmic_reticulum;er_golgi_intermediate;golgi;nucleus;plasma_membrane;vesicle,6
Q9P2K1-2,CC2D2A,cytosol;plasma_membrane,2
Q9UPM9,B9D1,cytoskeleton;cytosol;plasma_membrane,3
P35580-2,MYH10,cell junction;cytoskeleton;cytosol;extracellular;nucleus;plasma_membrane;synapse;vesicle,8
Q8WXR4-2,MYO3B,plasma_membrane,1
Q6IPM2-2,IQCE,plasma_membrane,1
Q9UJW0-2,DCTN4,cytoskeleton;cytosol;nucleus,3
P46013-2,MKI67,nucleolus;nucleus,2
O75694-2,NUP155,cytosol;nucleus,2
Q9H9J4-2,USP42,cytosol;nucleus,2
Q9UNI6,DUSP12,cytosol;nucleus,2
P17152,TMEM11,mitochondrion;plasma_membrane,2
Q9HAV4,XPO5,cytosol;nucleus,2
Q8NFT2,STEAP2,cytosol;endosome;golgi;plasma_membrane;vesicle,5
Q9Y5J9,TIMM8B,extracellular;mitochondrion,2
Q14980-2,NUMA1,cytoskeleton;cytosol;extracellular;nucleus;plasma_membrane;vesicle,6
P82094-2,TMF1,cytosol;endoplasmic_reticulum;golgi;nucleus,4
O60524-3,NEMF,cytosol;nucleus,2
Q15007,WTAP,nucleus,1
Q8TDR0-2,TRAF3IP1,cytoskeleton;plasma_membrane,2
Q8IVL1-10,NAV2,cytoskeleton;nucleus;plasma_membrane,3
Q9P2H3,IFT80,cytoskeleton;plasma_membrane,2
Q9UJV3-2,MID2,cytoskeleton;extracellular;vesicle,3
Q8WXX7-2,AUTS2,cytoskeleton;nucleus;plasma_membrane,3
A6NCE7,MAP1LC3B2,cytoskeleton;vesicle,2
P53621-2,COPA,cytosol;endoplasmic_reticulum;extracellular;golgi;nucleus;plasma_membrane;vesicle,7
P35606,COPB2,cytosol;endoplasmic_reticulum;golgi;nucleus;vesicle,5
P53618,COPB1,cytosol;endoplasmic_reticulum;er_golgi_intermediate;golgi;nucleus;plasma_membrane;vesicle,7
P48444,ARCN1,cytosol;endoplasmic_reticulum;golgi;nucleus;vesicle,5
Q96QD8,SLC38A2,plasma_membrane,1
Q8NEH6,MNS1,cytoskeleton;plasma_membrane,2
Q9Y6D9,MAD1L1,cytoskeleton;cytosol;nucleus,3
Q9UPS8-3,ANKRD26,cytoskeleton,1
Q14524-2,SCN5A,cell junction;endoplasmic_reticulum;nucleolus;nucleus;plasma_membrane,5
Q8N6N3-2,C1orf52,nucleus,1
O60563,CCNT1,nucleus,1
Q96G75-2,RMND5B,cytosol;nucleus,2
P18085,ARF4,cell junction;cytosol;extracellular;golgi;plasma_membrane;synapse;vesicle,7
P61204,ARF3,extracellular;golgi;plasma_membrane;vesicle,4
F5H3A6,ARF1,cell junction;cytosol;extracellular;golgi;plasma_membrane;synapse;vesicle,7
Q13099-2,IFT88,cytoskeleton;cytosol;nucleus;plasma_membrane,4
Q9Y547,HSPB11,cytoskeleton;plasma_membrane,2
Q9Y366,IFT52,cytoskeleton;plasma_membrane,2
Q8NG68,TTL,cytoskeleton,1
Q9NQC7-2,CYLD,cytoskeleton;cytosol;plasma_membrane,3
O75604-2,USP2,cytosol;nucleus,2
Q9HA77,CARS2,mitochondrion,1
Q6P1L8,MRPL14,mitochondrion,1
P51649,ALDH5A1,mitochondrion,1
Q8N9N5-2,BANP,nucleus,1
O43151,TET3,nucleus,1
Q96BD5-2,PHF21A,nucleus,1
O95347,SMC2,cytosol;extracellular;nucleolus;nucleus;vesicle,5
Q9NTJ3,SMC4,cytosol;nucleus,2
Q6UXM1-2,LRIG3,extracellular;plasma_membrane;vesicle,3
P07225,PROS1,endoplasmic_reticulum;extracellular;golgi;nucleus;plasma_membrane;vesicle,6
Q495W5,FUT11,endoplasmic_reticulum;nucleus,2
Q9UF33,EPHA6,nucleus;plasma_membrane,2
Q9NRA1,PDGFC,cytosol;endoplasmic_reticulum;extracellular;golgi;nucleus;plasma_membrane;vesicle,7
P54868,HMGCS2,mitochondrion,1
Q5JPI3-2,C3orf38,nucleus,1
C9JCP4,RNF213,cytosol;nucleolus;nucleus,3
O95258-2,SLC25A14,mitochondrion;plasma_membrane,2
Q01196-10,RUNX1,nucleus,1
Q9H6Z4-2,RANBP3,nucleus,1
P09914,IFIT1,cytosol,1
Q9UNL4-2,ING4,nucleus,1
Q9ULD4,BRPF3,cytosol;extracellular;nucleus,3
O43293,DAPK3,cytoskeleton;cytosol;nucleus,3
Q3B7J2,GFOD2,extracellular,1
Q2PPJ7,RALGAPA2,cytosol;extracellular;plasma_membrane,3
O60238,BNIP3L,endoplasmic_reticulum;mitochondrion;nucleus,3
Q9NQW7-2,XPNPEP1,cytosol;extracellular;vesicle,3
Q9Y4D1-2,DAAM1,cytoskeleton;cytosol;plasma_membrane,3
P10619,CTSA,endoplasmic_reticulum;extracellular;lysosome;vesicle,4
Q9H582,ZNF644,nucleus,1
Q92610,ZNF592,nucleus,1
Q9Y2I1,NISCH,cytoskeleton;cytosol;endosome;extracellular;nucleus;plasma_membrane;vesicle,7
Q6MZP7,LIN54,nucleus,1
Q86WG5,SBF2,cytosol;endosome;plasma_membrane;vesicle,4
P98194-2,ATP2C1,endoplasmic_reticulum;golgi;plasma_membrane,3
P27986-4,PIK3R1,cytosol;nucleus;plasma_membrane,3
Q08050-2,FOXM1,nucleolus;nucleus,2
Q86UK7-2,ZNF598,cytosol,1
Q8WU39,MZB1,endoplasmic_reticulum;extracellular,2
Q9BXW6,OSBPL1A,cytosol;endoplasmic_reticulum;endosome;extracellular;plasma_membrane;vesicle,6
Q13459-2,MYO9B,cell junction;cytoskeleton;cytosol;plasma_membrane;synapse,5
Q8TD26,CHD6,nucleus,1
Q8TDN4,CABLES1,cytosol;nucleus,2
Q9H8M2,BRD9,nucleus,1
Q8N5I9,C12orf45,nucleus,1
Q86YF9-2,DZIP1,cytoskeleton;cytosol;nucleus;plasma_membrane,4
Q9NPG3-2,UBN1,cell junction;nucleus,2
Q9NPI1-2,BRD7,nucleus,1
Q15649,ZNHIT3,nucleus,1
Q8IZL9-2,CDK20,nucleus;plasma_membrane,2
O75385,ULK1,cytosol;endoplasmic_reticulum;endosome;mitochondrion;nucleus;vesicle,6
O75143-2,ATG13,cytosol;endoplasmic_reticulum;mitochondrion;nucleus,4
Q9Y6W5,WASF2,cytoskeleton;cytosol;extracellular;plasma_membrane;vesicle,5
Q9UM21,MGAT4A,endoplasmic_reticulum;er_golgi_intermediate;extracellular;golgi;peroxisome;vesicle,6
Q92558,WASF1,cell junction;cytoskeleton;cytosol;plasma_membrane,4
Q8N1F8,STK11IP,extracellular;lysosome;vesicle,3
Q9UDR5,AASS,cytosol;mitochondrion;nucleus,3
Q96EF0,MTMR8,cytosol;nucleus,2
Q9P0U3-2,SENP1,nucleus,1
P45880-1,VDAC2,mitochondrion;nucleus;plasma_membrane;vesicle,4
Q9UKU7,ACAD8,mitochondrion,1
Q15406-2,NR6A1,nucleus,1
O43592,XPOT,cytosol;nucleus,2
P57740,NUP107,cytosol;nucleus,2
A6NIH7,UNC119B,cytosol;plasma_membrane,2
Q9NZI6,TFCP2L1,nucleus,1
Q13769,THOC5,nucleus,1
Q9Y606-2,PUS1,mitochondrion;nucleus,2
Q96CM8,ACSF2,mitochondrion,1
Q8IVH2,FOXP4,cytosol;nucleus,2
Q6I9Y2,THOC7,cytosol;nucleus,2
Q9BT17,MTG1,mitochondrion,1
Q9NRG7-2,SDR39U1,mitochondrion;nucleus,2
P25788-2,PSMA3,cell junction;cytosol;extracellular;nucleus;synapse;vesicle,6
P60900,PSMA6,cell junction;cytosol;extracellular;nucleus;plasma_membrane;synapse;vesicle,7
P28072,PSMB6,cell junction;cytosol;extracellular;nucleus;synapse;vesicle,6
P26374,CHML,cytosol;nucleus,2
P24386,CHM,cytosol;nucleus,2
Q9H9L3,ISG20L2,nucleolus;nucleus,2
Q8IXK0-4,PHC2,nucleus,1
Q9HC52,CBX8,nucleus,1
Q8IWY9-1,CDAN1,cytosol;nucleus;plasma_membrane,3
Q5JTW2-2,CEP78,cytoskeleton;cytosol;plasma_membrane,3
Q8NFZ5,TNIP2,cytosol;nucleus,2
Q9UI15,TAGLN3,cytoskeleton,1
O75608-2,LYPLA1,cytosol;endoplasmic_reticulum;extracellular;mitochondrion;nucleus;plasma_membrane;vesicle,7
Q13129,RLF,nucleus,1
O15360,FANCA,cytosol;nucleus,2
A6NDB9,PALM3,plasma_membrane,1
Q16881-2,TXNRD1,cytosol;extracellular;mitochondrion;nucleolus;nucleus;vesicle,6
Q96I59,NARS2,mitochondrion,1
Q9NP95,FGF20,extracellular,1
Q70Z53-2,FRA10AC1,nucleus,1
Q16254,E2F4,nucleus,1
Q15329-2,E2F5,nucleolus;nucleus,2
O00178,GTPBP1,cytosol,1
P13716-2,ALAD,cytosol;extracellular;nucleus;vesicle,4
Q9UFC0,LRWD1,cytoskeleton;nucleolus;nucleus,3
Q9NVE7,PANK4,cytosol;nucleus,2
Q70CQ2-2,USP34,cytosol;nucleus,2
Q9ULL5-3,PRR12,cell junction;nucleus;plasma_membrane;synapse,4
P12270,TPR,cytoskeleton;nucleus,2
Q969E8,TSR2,nucleus,1
Q96IZ5-2,RBM41,nucleus,1
O76064,RNF8,cytosol;nucleus,2
P78344-2,EIF4G2,cell junction;cytosol,2
Q9BZE2,PUS3,cytosol;nucleus,2
Q13480-2,GAB1,cell junction;cytosol,2
O60890,OPHN1,cell junction;cytoskeleton;plasma_membrane;synapse,4
P13984,GTF2F2,cytoskeleton;nucleus,2
Q8IY92,SLX4,nucleus,1
P11413-2,G6PD,cytoskeleton;cytosol;extracellular;plasma_membrane;vesicle,5
O60870,KIN,cytosol;nucleus,2
P36896-2,ACVR1B,plasma_membrane,1
Q16739,UGCG,golgi,1
Q9HAD4,WDR41,lysosome,1
Q969Y2-2,GTPBP3,mitochondrion;nucleus,2
Q9HAJ7,SAP30L,nucleolus;nucleus,2
Q96Q89-2,KIF20B,cytoskeleton;nucleolus;nucleus;plasma_membrane,4
O60282,KIF5C,cytoskeleton;plasma_membrane,2
Q8NG08,HELB,cytosol;nucleus,2
Q86UQ0,ZNF589,nucleus,1
Q8TAA3-5,PSMA8,extracellular;nucleus;vesicle,3
P40306,PSMB10,cytosol;nucleus,2
P61006,RAB8A,cell junction;cytoskeleton;cytosol;endosome;extracellular;golgi;lysosome;plasma_membrane;synapse;vesicle,10
P20340-2,RAB6A,cytosol;endoplasmic_reticulum;endosome;extracellular;golgi;nucleus;plasma_membrane;vesicle,8
Q9Y2I6,NINL,cytoskeleton;cytosol,2
Q9UPT8,ZC3H4,cytosol;nucleus,2
Q9NRA0-2,SPHK2,cytosol;endoplasmic_reticulum;lysosome;mitochondrion;nucleus;plasma_membrane,6
Q14258,TRIM25,cytosol;nucleus,2
Q16623-2,STX1A,cell junction;cytosol;extracellular;plasma_membrane;synapse;vesicle,6
O95376,ARIH2,nucleus,1
O43464,HTRA2,cytoskeleton;cytosol;endoplasmic_reticulum;mitochondrion;nucleus;plasma_membrane,6
Q9H4I2,ZHX3,nucleus,1
Q9UID6,ZNF639,nucleus,1
O15169-2,AXIN1,cytosol;nucleolus;nucleus;plasma_membrane;vesicle,5
Q96JH8-1,RADIL,cytoskeleton,1
Q8WVM7,STAG1,cytoskeleton;cytosol;nucleus,3
Q9NZT1,CALML5,extracellular;vesicle,2
Q8TF74,WIPF2,cytoskeleton;cytosol,2
Q96P48-3,ARAP1,cytoskeleton;cytosol;endosome;golgi;nucleus;plasma_membrane;vesicle,7
P22681,CBL,cytosol;golgi;plasma_membrane,3
Q07890,SOS2,cytosol;plasma_membrane,2
Q9ULH1-2,ASAP1,cytoskeleton;cytosol;golgi;plasma_membrane,4
O43150-2,ASAP2,cytosol;golgi;plasma_membrane,3
Q6ZUJ8,PIK3AP1,cytosol;plasma_membrane,2
P52952,NKX2-5,nucleus,1
O00750,PIK3C2B,cytosol;endoplasmic_reticulum;nucleus;plasma_membrane,4
Q9H9H4,VPS37B,endosome;extracellular;plasma_membrane;vesicle,4
O43516,WIPF1,cytoskeleton;cytosol;plasma_membrane;vesicle,4
A6NGB9,WIPF3,cytosol;endosome;vesicle,3
P23497,SP100,nucleolus;nucleus,2
Q96LD8,SENP8,cytosol,1
Q9Y3D3,MRPS16,mitochondrion,1
Q96RP9,GFM1,mitochondrion,1
Q13423,NNT,mitochondrion,1
Q9NUB1-2,ACSS1,mitochondrion,1
Q5ST30,VARS2,cytosol;mitochondrion,2
Q8NE62,CHDH,mitochondrion,1
Q9Y2X9,ZNF281,nucleus,1
O60239,SH3BP5,mitochondrion;nucleus;vesicle,3
Q8IYJ3,SYTL1,extracellular;plasma_membrane;vesicle,3
Q96C24,SYTL4,endosome;plasma_membrane;vesicle,3
Q9HCH5-6,SYTL2,cytosol;plasma_membrane;vesicle,3
P04062-2,GBA,endoplasmic_reticulum;extracellular;golgi;lysosome;vesicle,5
Q4VX76-2,SYTL3,plasma_membrane;vesicle,2
Q8TF30-2,WHAMM,cytoskeleton;cytosol;er_golgi_intermediate;golgi;vesicle,5
Q2KHT3-2,CLEC16A,cytosol;endosome;golgi;lysosome;vesicle,5
P61970,NUTF2,cytosol;extracellular;nucleus;vesicle,4
Q68DN6,RGPD2,nucleus,1
A6NED0,GSTZ1,cytosol;mitochondrion,2
Q9BZX4,ROPN1B,plasma_membrane,1
P01243,CSH2,endoplasmic_reticulum;extracellular;vesicle,3
Q8WU79-2,SMAP2,cytosol;nucleus,2
P06727,APOA4,cytosol;endoplasmic_reticulum;endosome;extracellular;vesicle,5
P78347-2,GTF2I,nucleus,1
O43791,SPOP,cytosol;nucleus,2
Q8N5Z0,AADAT,mitochondrion,1
Q8TEA7-2,TBCK,cytoskeleton;endosome;vesicle,3
Q9NX04,C1orf109,cytosol;nucleolus;nucleus,3
P01241-2,GH1,endosome;extracellular;vesicle,3
A2RUB6-3,CCDC66,cell junction;cytoskeleton;cytosol;plasma_membrane,4
Q13487,SNAPC2,cytosol;nucleus,2
Q9P2D1,CHD7,nucleolus;nucleus,2
Q96JF6,ZNF594,nucleus,1
Q8NAP8-2,ZBTB8B,cytosol;nucleus,2
A6NFM0,POLR2J2,nucleus,1
Q8WUJ0,STYX,cytosol;nucleus,2
P53803,POLR2K,cytosol;nucleolus;nucleus,3
Q9BRP4,PAAF1,cytosol,1
P61026,RAB10,cell junction;cytosol;endoplasmic_reticulum;endosome;extracellular;golgi;lysosome;nucleus;plasma_membrane;vesicle,10
P13987,CD59,cell junction;endoplasmic_reticulum;er_golgi_intermediate;extracellular;golgi;nucleus;plasma_membrane;vesicle,8
Q92879-2,CELF1,nucleus,1
Q92995,USP13,cytosol;nucleus,2
P42704,LRPPRC,cytoskeleton;mitochondrion;nucleus,3
O95757,HSPA4L,cytosol;nucleus,2
Q92598-2,HSPH1,cytosol;extracellular;nucleus;vesicle,4
Q5VVJ2,MYSM1,nucleolus;nucleus,2
O15525,MAFG,nucleus,1
P52597,HNRNPF,cytosol;nucleus;plasma_membrane,3
O76031,CLPX,cytosol;mitochondrion;nucleus,3
Q9NPI6,DCP1A,cytosol;nucleus,2
Q96GV9,C5orf30,cytosol;plasma_membrane,2
P50053-2,KHK,cytosol;extracellular;vesicle,3
Q969E2-2,SCAMP4,endosome;golgi;vesicle,3
Q96F07-2,CYFIP2,cell junction;cytosol;extracellular;nucleus;plasma_membrane;synapse;vesicle,7
Q8IZP0-10,ABI1,cell junction;cytoskeleton;cytosol;endoplasmic_reticulum;extracellular;nucleus;plasma_membrane;synapse;vesicle,9
P10092,CALCB,extracellular,1
Q9BY32,ITPA,cytosol;nucleus,2
Q96KP4,CNDP2,cytosol;extracellular;nucleus;vesicle,4
P52788-2,SMS,cytosol;extracellular;vesicle,3
Q9BZH6,WDR11,cytoskeleton;cytosol;golgi;lysosome;nucleus;plasma_membrane;vesicle,7
P53420,COL4A4,endoplasmic_reticulum;extracellular,2
P02452,COL1A1,endoplasmic_reticulum;extracellular,2
P05997,COL5A2,endoplasmic_reticulum;extracellular,2
P02461-2,COL3A1,endoplasmic_reticulum;extracellular,2
P20908,COL5A1,endoplasmic_reticulum;extracellular,2
Q99715-4,COL12A1,endoplasmic_reticulum;extracellular;vesicle,3
Q5TAT6-2,COL13A1,cell junction;endoplasmic_reticulum;extracellular;plasma_membrane;synapse,5
P18847,ATF3,nucleolus;nucleus,2
Q9UKF6,CPSF3,nucleus,1
Q86VW2-2,ARHGEF25,cytosol;plasma_membrane,2
Q8IY47,KBTBD2,nucleus,1
P12882,MYH1,cytoskeleton,1
P13535,MYH8,cytoskeleton;cytosol,2
Q9UKX2,MYH2,cell junction;cytoskeleton;cytosol,3
P20929,NEB,cytoskeleton;cytosol;extracellular;vesicle,4
P68133,ACTA1,cytoskeleton;cytosol;extracellular;plasma_membrane;vesicle,5
Q8WZ42-2,TTN,cytoskeleton;cytosol;extracellular;nucleus;plasma_membrane;vesicle,6
P05976-2,MYL1,cytoskeleton;cytosol,2
Q96A32,MYLPF,cytoskeleton;cytosol;lysosome,3
P07451,CA3,cytosol,1
Q14324,MYBPC2,cytosol,1
Q8IX04,UEVLD,endosome;extracellular;vesicle,3
P50990,CCT8,cytoskeleton;cytosol;extracellular;lysosome;nucleus;vesicle,6
Q9UHE5,NAT8,endoplasmic_reticulum;er_golgi_intermediate;nucleus,3
P27701,CD82,extracellular;plasma_membrane;vesicle,3
Q9BU61,NDUFAF3,mitochondrion;nucleus,2
Q9NZJ9,NUDT4,cytosol;nucleus,2
Q5TBB1,RNASEH2B,nucleus,1
P26572,MGAT1,er_golgi_intermediate;extracellular;golgi;vesicle,4
Q05BV3-5,EML5,cytoskeleton;extracellular;vesicle,3
P46379-2,BAG6,cytosol;extracellular;nucleus;vesicle,4
Q9H8Y5,ANKZF1,cytosol,1
Q9UHR4,BAIAP2L1,cell junction;cytoskeleton;cytosol;extracellular;nucleus;plasma_membrane;vesicle,7
Q8N9B5-2,JMY,cytoskeleton;nucleus;vesicle,3
Q13367,AP3B2,endosome;golgi;vesicle,3
Q9NYS0,NKIRAS1,cytosol;endoplasmic_reticulum,2
Q9BW27,NUP85,cytoskeleton;cytosol;nucleus,3
Q96BZ9-3,TBC1D20,endoplasmic_reticulum;er_golgi_intermediate;golgi;nucleus,4
Q92503-2,SEC14L1,cytosol;golgi,2
P46734-2,MAP2K3,cytosol;nucleus,2
P10589,NR2F1,cytosol;nucleus,2
Q9Y233,PDE10A,cytosol,1
Q9NQ66-2,PLCB1,cytosol;extracellular;nucleus;vesicle,4
O95837,GNA14,extracellular;plasma_membrane;vesicle,3
Q5D862,FLG2,extracellular;nucleus;plasma_membrane;vesicle,4
Q9Y2T3,GDA,cytosol,1
P01562,IFNA13,extracellular,1
O14879,IFIT3,cytosol;mitochondrion,2
Q8TCB0,IFI44,cytosol,1
Q53G44,IFI44L,cytosol,1
P40938,RFC3,nucleus,1
O60683-2,PEX10,peroxisome,1
Q92994,BRF1,nucleus,1
Q96S16,JMJD8,endoplasmic_reticulum;nucleus,2
Q9Y5Y5-2,PEX16,cytosol;endoplasmic_reticulum;nucleus;peroxisome,4
O75356,ENTPD5,endoplasmic_reticulum;extracellular,2
P54725,RAD23A,cytosol;golgi;nucleus,3
Q96FV2,SCRN2,extracellular;nucleus;vesicle,3
O15194-2,CTDSPL,extracellular;nucleus;vesicle,3
O14964-2,HGS,cytosol;endosome;extracellular;lysosome;vesicle,5
Q6TCH7-2,PAQR3,golgi,1
P78552,IL13RA1,plasma_membrane,1
P54756-2,EPHA5,endoplasmic_reticulum;plasma_membrane;vesicle,3
Q08357,SLC20A2,extracellular;plasma_membrane;vesicle,3
Q9NPF2-2,CHST11,golgi,1
P57771-2,RGS8,nucleus;plasma_membrane,2
O75037-2,KIF21B,cytoskeleton;plasma_membrane;vesicle,3
Q8IY33-5,MICALL2,cell junction;endosome;plasma_membrane;vesicle,4
P51153,RAB13,cell junction;cytosol;endosome;extracellular;golgi;plasma_membrane;synapse;vesicle,8
P54886-2,ALDH18A1,mitochondrion,1
P19021-2,PAM,extracellular;vesicle,2
Q7Z3U7-2,MON2,endoplasmic_reticulum;endosome;extracellular;golgi;lysosome;vesicle,6
Q6ZS30,NBEAL1,cytosol,1
Q53EL6,PDCD4,cytosol;nucleus,2
Q8WZA9,IRGQ,lysosome;vesicle,2
Q8TBC4-2,UBA3,cytosol;nucleus,2
Q13564,NAE1,cytosol;plasma_membrane,2
Q15843,NEDD8,cytosol;extracellular;nucleus;vesicle,4
E7EQZ3,GSPT1,cytosol,1
Q12769,NUP160,cytosol;nucleus,2
A8MWY0-2,KIAA1324L,plasma_membrane,1
Q96EP1-2,CHFR,nucleus,1
Q3MIT2,PUS10,cytosol;mitochondrion;nucleus,3
Q7L7X3,TAOK1,cytoskeleton;cytosol;extracellular;vesicle,4
O75822,EIF3J,cytosol,1
Q03013-2,GSTM4,cytosol;extracellular,2
Q96NU0-2,CNTNAP3B,cell junction;plasma_membrane;synapse,3
O95479,H6PD,endoplasmic_reticulum,1
Q9NTN9-2,SEMA4G,plasma_membrane,1
Q6ZRP7,QSOX2,extracellular;golgi;nucleus;plasma_membrane,4
Q10469,MGAT2,golgi,1
Q8TE58,ADAMTS15,extracellular;plasma_membrane,2
P34820,BMP8B,extracellular,1
O75493,CA11,extracellular;plasma_membrane,2
P51178,PLCD1,extracellular;plasma_membrane;vesicle,3
Q9BYG4,PARD6G,cell junction;cytosol;nucleus;plasma_membrane,4
Q13153,PAK1,cell junction;cytoskeleton;cytosol;nucleus;plasma_membrane,5
O00221,NFKBIE,cytosol;nucleolus;nucleus,3
Q13542,EIF4EBP2,nucleus;plasma_membrane,2
Q1MSJ5-1,CSPP1,cytoskeleton;plasma_membrane,2
Q5JW85,GSTA3,cytosol;extracellular;vesicle,3
O15217,GSTA4,cytosol,1
Q00888,PSG4,extracellular,1
P27694,RPA1,nucleus,1
Q99816,TSG101,cytoskeleton;cytosol;endosome;extracellular;nucleolus;nucleus;plasma_membrane;vesicle,8
Q8N4W9,ZNF808,nucleus,1
P51911,CNN1,cell junction;cytoskeleton,2
A6NGU5,GGT2,endoplasmic_reticulum;extracellular;plasma_membrane;vesicle,4
P55957-2,BID,cytosol;mitochondrion,2
P61968,LMO4,nucleus,1
P49715,CEBPA,nucleolus;nucleus,2
O75391,SPAG7,nucleus,1
O00625,PIR,cytosol;nucleus,2
P35749,MYH11,cytoskeleton;cytosol;extracellular;plasma_membrane;vesicle,5
P43034,PAFAH1B1,cytoskeleton;cytosol;extracellular;nucleus;plasma_membrane;vesicle,6
Q6ZMS4-2,ZNF852,nucleus,1
P83916,CBX1,cytoskeleton;nucleus,2
P00568,AK1,cytosol;extracellular;vesicle,3
O00264,PGRMC1,cell junction;endoplasmic_reticulum;extracellular;mitochondrion;nucleus;plasma_membrane;synapse;vesicle,8
P20226,TBP,nucleolus;nucleus,2
P49419-2,ALDH7A1,cytosol;extracellular;golgi;mitochondrion;nucleus;plasma_membrane;vesicle,7
Q8TF42,UBASH3B,nucleus,1
Q8IXV7,KLHDC8B,cytosol;extracellular;plasma_membrane,3
Q13686,ALKBH1,mitochondrion;nucleus,2
O94817,ATG12,cytosol;vesicle,2
A4D1S5,RAB19,extracellular;plasma_membrane;vesicle,3
O60304,ZNF500,cytosol;nucleus,2
O95628-2,CNOT4,cytosol;nucleus,2
Q9NP71-3,MLXIPL,cytosol;nucleus,2
Q9HAP2,MLXIP,mitochondrion;nucleus,2
Q96P71-2,NECAB3,endoplasmic_reticulum;golgi;nucleus,3
Q8NEF3-2,CCDC112,cytoskeleton,1
Q92574,TSC1,cytosol;lysosome;nucleus;plasma_membrane,4
Q6DN90,IQSEC1,cell junction;cytosol;nucleolus;nucleus;plasma_membrane;synapse;vesicle,7
Q9BR77,CCDC77,cytoskeleton,1
Q9H147,DNTTIP1,nucleolus;nucleus,2
Q5T9C2-2,FAM102A,nucleus,1
P38432,COIL,nucleolus;nucleus,2
Q6P4F1-2,FUT10,endoplasmic_reticulum;golgi;lysosome;nucleus,4
Q13286-2,CLN3,cell junction;endoplasmic_reticulum;endosome;golgi;lysosome;nucleus;plasma_membrane;synapse;vesicle,9
O00238,BMPR1B,plasma_membrane,1
Q96AN5,TMEM143,mitochondrion,1
P36383,GJC1,cell junction;endoplasmic_reticulum;nucleus;plasma_membrane,4
Q9P1Z3,HCN3,plasma_membrane,1
O94851-2,MICAL2,nucleus;plasma_membrane,2
Q9P0S3,ORMDL1,endoplasmic_reticulum;nucleus,2
Q15125,EBP,endoplasmic_reticulum;nucleus;vesicle,3
Q9Y2Q0-2,ATP8A1,endoplasmic_reticulum;extracellular;golgi;lysosome;plasma_membrane;vesicle,6
Q9H228,S1PR5,plasma_membrane,1
O15120,AGPAT2,endoplasmic_reticulum;nucleus;plasma_membrane;vesicle,4
Q12893,TMEM115,golgi;nucleus,2
Q9UL51,HCN2,plasma_membrane,1
Q9NW15-2,ANO10,plasma_membrane,1
Q8WU68-3,U2AF1L4,nucleus,1
O76083-14,PDE9A,cytosol;endoplasmic_reticulum;golgi;nucleus;plasma_membrane,5
Q9Y250-2,LZTS1,cell junction;plasma_membrane;synapse,3
O60658,PDE8A,cytosol;extracellular;vesicle,3
P11801,PSKH1,cytoskeleton;cytosol;endoplasmic_reticulum;golgi;nucleus;plasma_membrane,6
Q13237,PRKG2,cytosol;plasma_membrane,2
O00562-2,PITPNM1,cytosol;endoplasmic_reticulum;golgi;nucleus;plasma_membrane,5
Q9H089,LSG1,cytosol;endoplasmic_reticulum;nucleus,3
Q9BXB5,OSBPL10,cytoskeleton;cytosol;endoplasmic_reticulum;golgi;lysosome,5
Q969R2,OSBP2,cytosol;endoplasmic_reticulum;plasma_membrane;vesicle,4
Q6WCQ1-2,MPRIP,cell junction;cytoskeleton;cytosol,3
Q9H939,PSTPIP2,plasma_membrane,1
Q9BZ72-2,PITPNM2,cytosol,1
A6ND36,FAM83G,cytosol;nucleus,2
Q9H2M9,RAB3GAP2,cell junction;cytosol;endoplasmic_reticulum;nucleus;plasma_membrane;synapse,6
B9ZVR7,SPEG,nucleus,1
Q7KZF4,SND1,cytosol;extracellular;nucleus;vesicle,4
Q99536,VAT1,cytosol;extracellular;lysosome;mitochondrion;vesicle,5
O14646-2,CHD1,nucleus,1
Q9H9F9,ACTR5,nucleus,1
Q9C086,INO80B,nucleolus;nucleus,2
Q53TQ3-2,INO80D,nucleus,1
P10244,MYBL2,nucleus,1
Q9C0B0,UNK,cytosol,1
O75027-2,ABCB7,mitochondrion,1
O95671-2,ASMTL,cytosol,1
Q9UBB4,ATXN10,cytoskeleton;cytosol;extracellular;plasma_membrane,4
Q99726,SLC30A3,cell junction;endosome;extracellular;lysosome;plasma_membrane;synapse;vesicle,7
P17066,HSPA6,cytoskeleton;cytosol;extracellular;nucleus;plasma_membrane;vesicle,6
P98088,MUC5AC,extracellular;golgi;plasma_membrane;vesicle,4
Q96G01-3,BICD1,cytoskeleton;cytosol;golgi;vesicle,4
Q14257,RCN2,endoplasmic_reticulum,1
O14732-2,IMPA2,cytosol,1
Q08211,DHX9,cytoskeleton;cytosol;nucleolus;nucleus,4
Q96B36-2,AKT1S1,cytosol;nucleus,2
Q86VP3-3,PACS2,endoplasmic_reticulum;mitochondrion,2
Q8TEW0-2,PARD3,cell junction;cytoskeleton;cytosol;plasma_membrane,4
Q6P0Q8-2,MAST2,cytoskeleton;plasma_membrane,2
Q7Z6B7-2,SRGAP1,cytosol,1
Q9BZ29-4,DOCK9,cytosol,1
Q9Y2U5,MAP3K2,cytosol;nucleus,2
Q99759-2,MAP3K3,cytosol,1
C9JK41,KIF13B,cytoskeleton;plasma_membrane,2
O95208-2,EPN2,cytosol;endosome;plasma_membrane;vesicle,4
Q86SQ0,PHLDB2,cytoskeleton;cytosol;plasma_membrane,3
E9PD21,RASAL2,cytosol,1
Q9P227-2,ARHGAP23,cytosol;extracellular;vesicle,3
P56524,HDAC4,cytosol;nucleus,2
Q9UQL6-3,HDAC5,cytosol;nucleus,2
A6NCE0,FOXO6,nucleus,1
Q12778,FOXO1,cytosol;mitochondrion;nucleus,3
Q9Y4H2,IRS2,cytosol;plasma_membrane,2
P47974,ZFP36L2,cytosol;nucleus,2
O60825,PFKFB2,cytosol;nucleus,2
Q8TEJ3,SH3RF3,nucleus,1
Q53SF7-2,COBLL1,extracellular;vesicle,2
P04049-2,RAF1,cytosol;golgi;mitochondrion;nucleus;plasma_membrane,5
O94885,SASH1,cytosol,1
Q96FS4,SIPA1,cytosol;nucleus,2
Q70EL4,USP43,nucleus,1
Q08AE8-2,SPIRE1,cytoskeleton;cytosol;mitochondrion;nucleus;plasma_membrane;vesicle,6
P35568,IRS1,cytosol;nucleus;plasma_membrane,3
Q9BPZ7-2,MAPKAP1,cytosol;endoplasmic_reticulum;endosome;golgi;lysosome;mitochondrion;nucleus;plasma_membrane;vesicle,9
Q8WWL2-3,SPIRE2,cytoskeleton;cytosol;plasma_membrane;vesicle,4
A7KAX9-2,ARHGAP32,cell junction;cytosol;endoplasmic_reticulum;endosome;golgi;nucleus;plasma_membrane;synapse;vesicle,9
O15049,N4BP3,plasma_membrane;vesicle,2
Q2KHR2-2,RFX7,nucleus,1
P26045,PTPN3,cytoskeleton;cytosol;plasma_membrane,3
Q9P2Y5,UVRAG,cytoskeleton;endoplasmic_reticulum;endosome;er_golgi_intermediate;lysosome;nucleus;vesicle,7
B5MCG9,R3HDM2,nucleus,1
Q8IVT5-2,KSR1,cytosol;endoplasmic_reticulum;nucleus;plasma_membrane,4
O15056-2,SYNJ2,cell junction;cytoskeleton;cytosol;plasma_membrane;synapse,5
Q8TF72,SHROOM3,cell junction;cytoskeleton;plasma_membrane,3
Q6UUV9-2,CRTC1,cytosol;nucleus;plasma_membrane,3
Q14457,BECN1,cytosol;endoplasmic_reticulum;endosome;mitochondrion;nucleus;vesicle,6
P27987-2,ITPKB,cytoskeleton;cytosol;endoplasmic_reticulum;nucleus,4
A4D2P6,GRID2IP,cell junction;plasma_membrane;synapse,3
Q6VY07,PACS1,cytosol;golgi,2
O60307,MAST3,cytoskeleton,1
Q16825,PTPN21,cytoskeleton,1
Q7Z6J0,SH3RF1,cytosol;golgi;plasma_membrane,3
Q8IUC4,RHPN2,cytosol;plasma_membrane,2
Q99683,MAP3K5,cytosol;endoplasmic_reticulum;nucleus,3
P49759,CLK1,nucleus,1
Q8IYY4,DZIP1L,cytoskeleton;plasma_membrane,2
Q9UNH5-2,CDC14A,cytoskeleton;cytosol;nucleolus;nucleus;plasma_membrane,5
Q9UDY2-3,TJP2,cell junction;cytosol;nucleus;plasma_membrane,4
Q9UK80-3,USP21,cytosol;nucleus,2
Q9NYJ8,TAB2,cytosol;endosome;lysosome;nucleus;plasma_membrane;vesicle,6
Q9BX66-10,SORBS1,cell junction;cytoskeleton;cytosol;nucleus;plasma_membrane,5
Q14693,LPIN1,cytosol;endoplasmic_reticulum;mitochondrion;nucleus,4
Q13796,SHROOM2,cell junction;cytoskeleton;extracellular;plasma_membrane;vesicle,5
Q9ULR3,PPM1H,mitochondrion;nucleus,2
P19532,TFE3,cytosol;lysosome;nucleus,3
P30291,WEE1,nucleolus;nucleus,2
P58107,EPPK1,cell junction;cytoskeleton;nucleus;plasma_membrane,4
P00734,F2,endoplasmic_reticulum;extracellular;golgi;plasma_membrane;vesicle,5
P50454,SERPINH1,endoplasmic_reticulum;er_golgi_intermediate;extracellular,3
P19256-2,CD58,extracellular;plasma_membrane;vesicle,3
Q9Y6X5,ENPP4,extracellular;plasma_membrane;vesicle,3
Q96K83,ZNF521,nucleus,1
Q9H165-6,BCL11A,cytosol;nucleus,2
P18669,PGAM1,cytosol;extracellular;vesicle,3
Q6XZF7,DNMBP,cell junction;cytoskeleton;cytosol;golgi;synapse,5
A8MT65,ZNF891,nucleus,1
Q9P0J6,MRPL36,mitochondrion,1
Q9NWH9,SLTM,nucleus,1
P80404,ABAT,mitochondrion,1
P80723,BASP1,cytoskeleton;extracellular;nucleus;plasma_membrane;vesicle,5
O60262,GNG7,extracellular;plasma_membrane;vesicle,3
Q6GPH6-2,ITPRIPL1,plasma_membrane,1
Q9UJ71,CD207,endosome;plasma_membrane;vesicle,3
Q7L576,CYFIP1,cell junction;cytosol;extracellular;plasma_membrane;synapse;vesicle,6
Q8NDX5-2,PHC3,nucleus,1
Q9ULC8-2,ZDHHC8,cytosol;golgi;mitochondrion,3
Q96NY7-2,CLIC6,extracellular;plasma_membrane;vesicle,3
Q9BXK1,KLF16,nucleus,1
O43310-2,CTIF,cytosol,1
Q96MF7,NSMCE2,nucleus,1
O15305,PMM2,cytosol;nucleus,2
P35244,RPA3,nucleus,1
Q9BXT5,TEX15,nucleus,1
Q9H4T2,ZSCAN16,nucleus,1
Q63HK3,ZKSCAN2,nucleus,1
Q86W11,ZSCAN30,nucleus,1
O14709,ZNF197,nucleus,1
P12235,SLC25A4,mitochondrion;plasma_membrane,2
O75072,FKTN,endoplasmic_reticulum;extracellular;golgi;nucleus,4
P22083,FUT4,golgi,1
Q9BSK2,SLC25A33,mitochondrion,1
P54753,EPHB3,cytosol;extracellular;plasma_membrane,3
P04843,RPN1,cytosol;endoplasmic_reticulum;nucleus;vesicle,4
Q8IWB1,ITPRIP,nucleus;plasma_membrane,2
O43761,SYNGR3,cell junction;synapse;vesicle,3
P26440,IVD,mitochondrion;nucleus,2
Q6P4I2,WDR73,cytoskeleton;plasma_membrane,2
P30532,CHRNA5,cell junction;plasma_membrane;synapse,3
Q8IXI2-2,RHOT1,mitochondrion,1
Q96IV0,NGLY1,cytosol;nucleus,2
P10599,TXN,cytosol;extracellular;nucleus;vesicle,4
O75582,RPS6KA5,nucleus,1
Q9NP97,DYNLRB1,cytoskeleton;plasma_membrane,2
Q9Y6Y1-2,CAMTA1,nucleus,1
P29122-2,PCSK6,endoplasmic_reticulum;extracellular;golgi;plasma_membrane,4
Q9P0K1-2,ADAM22,cell junction;plasma_membrane;synapse,3
A6NKF1,SAC3D1,cytoskeleton;nucleus,2
Q8IZ52,CHPF,cytosol;golgi;mitochondrion,3
Q9UKP4-2,ADAMTS7,endoplasmic_reticulum;extracellular,2
Q9UEE9,CFDP1,nucleus,1
O14730-2,RIOK3,cytosol,1
Q7Z2K8,GPRIN1,plasma_membrane,1
Q9UKM7,MAN1B1,endoplasmic_reticulum;extracellular;golgi;nucleus;vesicle,5
O75387-2,SLC43A1,endoplasmic_reticulum;nucleus;plasma_membrane,3
Q86VI4-2,LAPTM4B,endosome;lysosome;plasma_membrane;vesicle,4
Q96MT3,PRICKLE1,cytosol;nucleus,2
Q13415,ORC1,cytosol;nucleus,2
O75886,STAM2,cytosol;endosome;vesicle,3
P78549,NTHL1,mitochondrion;nucleus,2
Q9H426,RIMS4,cell junction;plasma_membrane;synapse,3
P13640,MT1G,nucleus,1
Q93083,MT1E,nucleus,1
P14649,MYL6B,cytoskeleton;cytosol;extracellular;vesicle,4
Q86VV8-3,RTTN,cytoskeleton;plasma_membrane,2
O75159,SOCS5,cytosol,1
Q9Y6I7,WSB1,cytosol,1
Q9Y576,ASB1,cytosol,1
Q15637-2,SF1,nucleus,1
P61224,RAP1B,cell junction;cytosol;extracellular;lysosome;plasma_membrane;vesicle,6
O75208,COQ9,mitochondrion,1
Q99622,C12orf57,nucleus,1
Q96DY2-2,IQCD,cytoskeleton;plasma_membrane,2
Q96BP3,PPWD1,nucleus,1
Q8IV08,PLD3,endoplasmic_reticulum;endosome;extracellular;golgi;lysosome;nucleus;vesicle,7
O14917-2,PCDH17,plasma_membrane,1
O75191,XYLB,cytosol,1
Q9NUK0-2,MBNL3,cytosol;nucleus,2
Q00610-2,CLTC,cell junction;cytoskeleton;cytosol;endosome;extracellular;golgi;lysosome;plasma_membrane;vesicle,9
Q96F45,ZNF503,nucleus,1
Q92766,RREB1,extracellular;nucleolus;nucleus;vesicle,4
P08047,SP1,nucleus,1
Q12996,CSTF3,nucleus,1
Q9H1B7,IRF2BPL,extracellular;nucleus,2
Q14814-2,MEF2D,nucleus,1
Q6P3W7,SCYL2,endosome;golgi;vesicle,3
Q8IYB5-2,SMAP1,plasma_membrane,1
P07948-2,LYN,cytosol;extracellular;golgi;lysosome;nucleus;plasma_membrane;vesicle,7
Q8WVC0-2,LEO1,nucleolus;nucleus,2
P01571,IFNA17,extracellular,1
Q9BXH1,BBC3,cytosol;mitochondrion,2
O95372,LYPLA2,cytosol;extracellular;vesicle,3
P15090,FABP4,cytosol;extracellular;nucleus;vesicle,4
P11926,ODC1,cytosol,1
Q07283,TCHH,cytoskeleton;cytosol;plasma_membrane,3
Q15493,RGN,nucleus,1
O43255,SIAH2,cytosol;nucleus,2
Q9C0A6-2,SETD5,nucleus,1
Q96NU1-1,SAMD11,nucleus,1
P0CG39,POTEJ,cell junction;cytoskeleton;extracellular;nucleus;plasma_membrane;synapse;vesicle,7
Q68CP9-3,ARID2,nucleus;plasma_membrane,2
Q86U86-2,PBRM1,nucleus,1
A8MTJ3,GNAT3,plasma_membrane,1
Q9HCC0-2,MCCC2,cytosol;mitochondrion,2
Q99624,SLC38A3,plasma_membrane,1
Q9BXJ3,C1QTNF4,extracellular,1
Q8N8Q8,COX18,mitochondrion,1
O15533-2,TAPBP,endoplasmic_reticulum;er_golgi_intermediate;golgi;nucleus;vesicle,5
C9JP52,TBC1D5,endosome;golgi;vesicle,3
Q96AG3,SLC25A46,mitochondrion,1
Q9NRN9,METTL5,cell junction;nucleolus;nucleus;synapse,4
P02786,TFRC,endosome;extracellular;lysosome;plasma_membrane;vesicle,5
P35030-2,PRSS3,extracellular;vesicle,2
O00287,RFXAP,nucleus,1
Q9Y2Z9,COQ6,golgi;mitochondrion,2
Q8N8R3,SLC25A29,mitochondrion,1
P51808,DYNLT3,cytoskeleton;nucleus;plasma_membrane,3
Q01974,ROR2,plasma_membrane;vesicle,2
Q9Y644,RFNG,extracellular;golgi,2
Q14542-3,SLC29A2,nucleolus;nucleus;plasma_membrane,3
O14828-2,SCAMP3,endosome;extracellular;golgi;vesicle,4
P31641,SLC6A6,plasma_membrane,1
Q8IVJ1,SLC41A1,plasma_membrane,1
P60033,CD81,cell junction;extracellular;plasma_membrane;synapse;vesicle,5
Q96F25,ALG14,endoplasmic_reticulum;nucleus,2
Q01973,ROR1,cell junction;plasma_membrane;synapse,3
Q9BX67,JAM3,cell junction;extracellular;plasma_membrane,3
Q9Y4R8,TELO2,cytosol;nucleus,2
P20711,DDC,cytosol;extracellular;vesicle,3
P00367,GLUD1,endoplasmic_reticulum;mitochondrion,2
Q9UPN3-2,MACF1,cell junction;cytoskeleton;golgi;plasma_membrane,4
Q8NC96,NECAP1,cytosol;plasma_membrane;vesicle,3
A6NLU0,RFPL4A,nucleus,1
Q8TD47,RPS4Y2,cytosol,1
Q02447-2,SP3,cytosol;nucleus,2
P24278,ZBTB25,nucleus,1
P11161-2,EGR2,nucleus,1
Q9H6U6-2,BCAS3,cytoskeleton;nucleus,2
Q96CJ1,EAF2,nucleus,1
P11387,TOP1,nucleolus;nucleus,2
O00472,ELL2,nucleus,1
Q9NX76,CMTM6,endosome;lysosome;plasma_membrane;vesicle,4
Q86TM6-2,SYVN1,endoplasmic_reticulum;nucleus;plasma_membrane,3
Q8NB25-2,FAM184A,cytoskeleton;extracellular;plasma_membrane,3
P24534,EEF1B2,cytosol,1
A8MUS2,KDM5A,nucleolus;nucleus,2
Q96QT6-4,PHF12,nucleus,1
Q13510-2,ASAH1,extracellular;lysosome;nucleus;vesicle,4
Q92953,KCNB2,plasma_membrane,1
Q15286,RAB35,cytosol;endosome;extracellular;plasma_membrane;vesicle,5
Q14126,DSG2,cell junction;extracellular;plasma_membrane;vesicle,4
P54762,EPHB1,cytosol;endoplasmic_reticulum;endosome;extracellular;plasma_membrane;vesicle,6
Q9NVI1-1,FANCI,cytosol;nucleus,2
O94898,LRIG2,plasma_membrane,1
Q96BD6,SPSB1,cytosol,1
Q08174-2,PCDH1,cell junction;plasma_membrane,2
Q86W56,PARG,cytosol;mitochondrion;nucleus,3
P19022,CDH2,cell junction;endoplasmic_reticulum;extracellular;plasma_membrane,4
Q6PJW8,CNST,golgi;plasma_membrane;vesicle,3
Q9HAZ1,CLK4,nucleus,1
A6NHQ2,FBLL1,nucleolus;nucleus,2
Q9BTM9-2,URM1,cytosol;nucleus,2
Q8NAA4,ATG16L2,cytosol;nucleus,2
Q7Z6L1-2,TECPR1,endosome;lysosome;vesicle,3
Q9BR76,CORO1B,cell junction;cytoskeleton;cytosol;extracellular;plasma_membrane;vesicle,6
Q9BUW7,C9orf16,cell junction,1
P13051-2,UNG,mitochondrion;nucleus,2
Q9HA92,RSAD1,mitochondrion,1
Q9H4B0,OSGEPL1,mitochondrion,1
Q86Z02-2,HIPK1,cytoskeleton;cytosol;nucleus,3
P42262-2,GRIA2,cell junction;plasma_membrane;synapse;vesicle,4
Q96E17,RAB3C,cell junction;endosome;plasma_membrane;synapse;vesicle,5
Q9UPR5,SLC8A2,cell junction;plasma_membrane;synapse,3
P61266,STX1B,cell junction;cytoskeleton;cytosol;nucleus;plasma_membrane;synapse;vesicle,7
O15075-2,DCLK1,plasma_membrane,1
Q92777-2,SYN2,cell junction;synapse;vesicle,3
P17600-2,SYN1,cell junction;cytoskeleton;golgi;synapse;vesicle,5
P60880-2,SNAP25,cell junction;cytoskeleton;cytosol;plasma_membrane;synapse;vesicle,6
O00499-10,BIN1,cell junction;cytoskeleton;cytosol;endosome;nucleus;plasma_membrane;synapse;vesicle,8
Q96EE4,CCDC126,extracellular,1
P22676,CALB2,cell junction;cytosol;nucleus;plasma_membrane;synapse,5
Q9H2X9-2,SLC12A5,plasma_membrane,1
Q9C0H9-5,SRCIN1,cell junction;cytoskeleton;plasma_membrane;synapse,4
P32004-2,L1CAM,cell junction;extracellular;plasma_membrane,3
Q16143,SNCB,cell junction;cytosol;plasma_membrane;synapse,4
Q99638,RAD9A,nucleus,1
O00408,PDE2A,cell junction;cytosol;endoplasmic_reticulum;golgi;mitochondrion;nucleus;plasma_membrane;synapse,8
Q9HBI1,PARVB,cell junction;cytoskeleton;cytosol;plasma_membrane,4
Q9BX95,SGPP1,endoplasmic_reticulum;nucleus;plasma_membrane,3
P62995-3,TRA2B,nucleus,1
Q9UI30,TRMT112,cytosol;nucleus,2
Q9P2E9-2,RRBP1,endoplasmic_reticulum;nucleus,2
P16152,CBR1,cytosol;extracellular;vesicle,3
Q13449,LSAMP,cytosol;extracellular;plasma_membrane,3
Q99570,PIK3R4,cytoskeleton;cytosol;endosome;nucleus;plasma_membrane;vesicle,6
P07902,GALT,cytosol;golgi,2
P50224,SULT1A3,cytosol,1
B4DIZ1,ERMN,cytoskeleton;extracellular;plasma_membrane;vesicle,4
Q9NXG0-2,CNTLN,cytoskeleton;extracellular;vesicle,3
Q15631,TSN,cytosol;nucleus,2
P49918-2,CDKN1C,nucleus,1
P07864,LDHC,cytosol;extracellular;mitochondrion;nucleus;vesicle,5
P02042,HBD,cytosol;extracellular,2
P19652,ORM2,extracellular;lysosome;vesicle,3
Q14749,GNMT,cytosol,1
Q9UBT6,POLK,nucleus,1
Q9NXV2,KCTD5,cytosol;nucleus,2
P29074,PTPN4,cytoskeleton;cytosol;nucleus;plasma_membrane,4
Q9UQ49,NEU3,endosome;lysosome;nucleus;plasma_membrane;vesicle,5
Q15149-2,PLEC,cell junction;cytoskeleton;cytosol;extracellular;plasma_membrane;vesicle,6
Q8NFY9,KBTBD8,cytoskeleton;cytosol;golgi,3
Q70HW3-2,SLC25A26,mitochondrion,1
O94991,SLITRK5,plasma_membrane,1
Q93075,TATDN2,nucleus,1
Q9Y2K9,STXBP5L,plasma_membrane,1
Q86VH2,KIF27,cytoskeleton;plasma_membrane,2
Q502X0,MORN2,nucleus;vesicle,2
O95573,ACSL3,endoplasmic_reticulum;golgi;mitochondrion;nucleus;peroxisome;plasma_membrane,6
Q09161,NCBP1,cytosol;mitochondrion;nucleus,3
P61129,ZC3H6,nucleus,1
Q13506-2,NAB1,nucleus,1
Q9BUH8,BEGAIN,cell junction;synapse,2
Q8NBQ5,HSD17B11,cytosol;endoplasmic_reticulum,2
P56589,PEX3,endoplasmic_reticulum;peroxisome,2
Q9NXS2,QPCTL,golgi,1
Q9HBL8,NMRAL1,cytosol;nucleus,2
Q5T6V5,C9orf64,cytosol,1
Q13155,AIMP2,cytosol;nucleus,2
O43324,EEF1E1,cytosol;nucleus,2
O75897,SULT1C4,cytosol,1
P28749,RBL1,nucleus,1
Q96C23,GALM,cytosol;extracellular;vesicle,3
Q6TDP4,KLHL17,cell junction;cytoskeleton;extracellular;synapse,4
Q8N9M5,TMEM102,plasma_membrane,1
Q96QF0-2,RAB3IP,cytoskeleton;cytosol;nucleus;plasma_membrane;vesicle,5
P62699,YPEL5,cytoskeleton;extracellular;nucleus;vesicle,4
P09455,RBP1,cytosol;nucleus,2
Q6NUP7,PPP4R4,cytosol,1
Q14142,TRIM14,mitochondrion;nucleus;vesicle,3
Q5H9R7-2,PPP6R3,cytosol;nucleus;plasma_membrane,3
Q86UR5-3,RIMS1,cell junction;cytosol;plasma_membrane;synapse,4
Q9UQ26-1,RIMS2,cell junction;extracellular;plasma_membrane;synapse;vesicle,5
O60231,DHX16,nucleus,1
Q9H4W6-2,EBF3,nucleus,1
Q9HAU5,UPF2,cytosol;nucleus,2
P21127-2,CDK11B,nucleus,1
Q99805,TM9SF2,cytoskeleton;endosome;extracellular;golgi;plasma_membrane;vesicle,6
Q96RD7-2,PANX1,cell junction;endoplasmic_reticulum;nucleus;plasma_membrane,4
Q8IWE4,DCUN1D3,cytosol;nucleus;plasma_membrane,3
Q9BUR5-2,APOO,cytosol;endoplasmic_reticulum;extracellular;golgi;mitochondrion;nucleus,6
Q15012,LAPTM4A,endosome;golgi;lysosome;vesicle,4
Q8TF40-2,FNIP1,cytosol;lysosome,2
Q96K21-2,ZFYVE19,cytoskeleton;plasma_membrane,2
Q6PGP7,TTC37,cytosol;nucleus,2
Q15477,SKIV2L,cytosol;nucleus,2
Q8TCT8,SPPL2A,endoplasmic_reticulum;endosome;extracellular;golgi;lysosome;nucleus;plasma_membrane;vesicle,8
Q9NRA2,SLC17A5,cell junction;lysosome;plasma_membrane;synapse;vesicle,5
Q7Z2H8,SLC36A1,endoplasmic_reticulum;lysosome;plasma_membrane,3
Q8N7X4,MAGEB6,nucleus,1
P18074,ERCC2,cytoskeleton;cytosol;nucleus,3
O96017-12,CHEK2,golgi;nucleus,2
Q96CS7-2,PLEKHB2,endosome;vesicle,2
Q9HA47,UCK1,cytosol,1
Q9UKY1,ZHX1,nucleus,1
P52738,ZNF140,nucleus,1
O14492,SH2B2,cytosol;plasma_membrane,2
C9JRZ8-2,AKR1B15,cytosol;mitochondrion;plasma_membrane,3
Q9Y3C8,UFC1,extracellular;vesicle,2
Q14894,CRYM,cytosol;extracellular;peroxisome;vesicle,4
Q8N543,OGFOD1,cytosol;nucleus,2
O95571,ETHE1,mitochondrion;nucleus,2
P78332,RBM6,nucleus,1
P09467,FBP1,cytosol;extracellular;nucleus;vesicle,4
A2A368,MAGEB16,nucleus,1
P28472-2,GABRB3,cell junction;plasma_membrane;synapse;vesicle,4
Q9NR19,ACSS2,cytosol;mitochondrion;nucleus,3
P41214,EIF2D,cytosol,1
Q9H361,PABPC3,cytosol;extracellular;nucleus;vesicle,4
P55211-2,CASP9,cytosol;mitochondrion,2
Q3V5L5-2,MGAT5B,golgi,1
Q9NSB8-2,HOMER2,cell junction;cytosol;plasma_membrane;synapse,4
E9PAL9,NT5DC2,mitochondrion,1
Q96G03,PGM2,cytosol;extracellular;vesicle,3
P15924,DSP,cell junction;extracellular;nucleus;plasma_membrane;vesicle,5
Q5VVQ6-2,YOD1,cytosol;nucleus;plasma_membrane,3
P48163,ME1,cytosol;mitochondrion,2
P52566,ARHGDIB,cytoskeleton;cytosol;extracellular;vesicle,4
Q3MJ16-2,PLA2G4E,cytosol;endosome;lysosome;plasma_membrane;vesicle,5
P48147,PREP,cytosol,1
Q6ZUI0,TPRG1,nucleus,1
Q15782,CHI3L2,extracellular,1
Q13882,PTK6,cytosol;nucleus;plasma_membrane,3
Q07960,ARHGAP1,cytosol;endosome;extracellular;vesicle,4
O95834,EML2,cytoskeleton,1
Q05481-2,ZNF91,nucleus,1
Q86XN6-2,ZNF761,nucleus,1
Q0P6D6,CCDC15,cytoskeleton,1
O75145-2,PPFIA3,cell junction;cytosol;extracellular;synapse;vesicle,5
Q9HCE0,EPG5,lysosome,1
Q14CZ8-2,HEPACAM,cell junction;plasma_membrane,2
P35555,FBN1,endoplasmic_reticulum;extracellular,2
Q8IVP5,FUNDC1,mitochondrion,1
P27216-2,ANXA13,extracellular;nucleus;plasma_membrane;vesicle,4
P60568,IL2,extracellular,1
Q8MGR0,CD48,extracellular;plasma_membrane;vesicle,3
P57729,RAB38,cytosol;endosome;golgi;lysosome;mitochondrion;plasma_membrane;vesicle,7
Q03591,CFHR1,extracellular,1
P32019-2,INPP5B,cytosol;endosome;er_golgi_intermediate;golgi;plasma_membrane;vesicle,6
P06340,HLA-DOA,endosome;lysosome;plasma_membrane;vesicle,4
P33121-2,ACSL1,endoplasmic_reticulum;mitochondrion;nucleus;peroxisome,4
O75177,SS18L1,cytosol;nucleus,2
Q9NX63,CHCHD3,extracellular;mitochondrion;nucleus;vesicle,4
P12259,F5,endoplasmic_reticulum;er_golgi_intermediate;extracellular;golgi;plasma_membrane;vesicle,6
Q9UHE8,STEAP1,cell junction;endosome;plasma_membrane;vesicle,4
Q8NAV1,PRPF38A,nucleus,1
Q86U42-2,PABPN1,nucleus,1
Q9BVV6,KIAA0586,cytoskeleton;plasma_membrane,2
Q96AV8-2,E2F7,nucleus,1
Q9H488,POFUT1,endoplasmic_reticulum,1
Q9Y4C1,KDM3A,nucleus,1
P13498,CYBA,endoplasmic_reticulum;nucleus;plasma_membrane;vesicle,4
Q96GD0,PDXP,cytoskeleton;cytosol;plasma_membrane,3
Q9HCJ0-2,TNRC6C,cytosol;nucleus,2
P02812,PRB1,extracellular,1
Q13064,MKRN3,nucleus,1
Q9NX05,FAM120C,nucleus,1
Q6P1N9,TATDN1,mitochondrion;nucleus,2
Q96JX3,SERAC1,endoplasmic_reticulum;mitochondrion,2
Q9NXE4-2,SMPD4,endoplasmic_reticulum;golgi;nucleus;plasma_membrane,4
Q99595,TIMM17A,mitochondrion,1
O60548,FOXD2,nucleus,1
P19838-2,NFKB1,cytosol;extracellular;nucleus;vesicle,4
Q96NW4,ANKRD27,cytosol;endosome;lysosome;plasma_membrane;vesicle,5
Q16222-2,UAP1,cytosol;nucleus;plasma_membrane,3
P78540,ARG2,mitochondrion,1
P56537,EIF6,cytosol;extracellular;nucleolus;nucleus;vesicle,5
Q86WR0,CCDC25,plasma_membrane,1
O95416,SOX14,nucleus,1
Q99956,DUSP9,cytosol;nucleus,2
Q9UBQ5,EIF3K,cytosol;nucleus,2
P35789-2,ZNF93,nucleus,1
Q32P51,HNRNPA1L2,nucleus,1
P35251-2,RFC1,extracellular;nucleus;vesicle,3
Q9UBF1,MAGEC2,cytosol;nucleus,2
Q96L21,RPL10L,cytosol;nucleus,2
Q13233,MAP3K1,cell junction;cytosol,2
Q96HD9,ACY3,cytosol;extracellular;plasma_membrane;vesicle,4
Q7Z3T8,ZFYVE16,cytosol;endosome;vesicle,3
Q9UQ13-2,SHOC2,cytosol;nucleus,2
P62140,PPP1CB,cell junction;cytosol;extracellular;nucleolus;nucleus;plasma_membrane;vesicle,7
Q9H175,CSRNP2,nucleus,1
O60927,PPP1R11,nucleus,1
Q9GZN8-2,C20orf27,extracellular,1
Q96S15-2,WDR24,cytosol;lysosome,2
Q8NFH4,NUP37,cytosol;nucleus,2
Q7L8L6,FASTKD5,mitochondrion,1
Q9NZ52-2,GGA3,endosome;golgi;lysosome;vesicle,4
Q8TEB7,RNF128,cytoskeleton;cytosol;endoplasmic_reticulum;endosome;golgi;vesicle,6
Q68CQ7,GLT8D1,golgi,1
Q86VR8,FJX1,extracellular,1
P51511,MMP15,extracellular;plasma_membrane,2
Q13946-2,PDE7A,cytosol,1
O43488,AKR7A2,cytosol;extracellular;golgi;mitochondrion;vesicle,5
Q15485,FCN2,extracellular;plasma_membrane;vesicle,3
Q6UB99,ANKRD11,cytosol;nucleus,2
O43707,ACTN4,cell junction;cytoskeleton;cytosol;extracellular;nucleus;plasma_membrane;synapse;vesicle,8
P12814-2,ACTN1,cell junction;cytoskeleton;cytosol;extracellular;plasma_membrane;synapse;vesicle,7
P35609,ACTN2,cell junction;cytoskeleton;cytosol;extracellular;plasma_membrane;synapse;vesicle,7
O60331,PIP5K1C,cell junction;cytosol;endosome;nucleus;plasma_membrane;vesicle,6
Q96I34,PPP1R16A,plasma_membrane,1
Q8N414,PGBD5,nucleus,1
O14980,XPO1,cytosol;nucleolus;nucleus,3
P08476,INHBA,extracellular;plasma_membrane,2
Q5VV67-2,PPRC1,nucleus,1
Q9BZL4-3,PPP1R12C,cytoskeleton,1
Q02952-2,AKAP12,cell junction;cytoskeleton;cytosol;plasma_membrane,4
P41091,EIF2S3,cytosol;extracellular;vesicle,3
Q6P1X6,C8orf82,mitochondrion,1
Q14790-2,CASP8,cytoskeleton;cytosol;mitochondrion;nucleus;plasma_membrane,5
P27105,STOM,cytoskeleton;endoplasmic_reticulum;extracellular;lysosome;mitochondrion;plasma_membrane;vesicle,7
Q9HC84,MUC5B,extracellular;golgi;plasma_membrane;vesicle,4
Q9UHB6-4,LIMA1,cell junction;cytoskeleton;cytosol;plasma_membrane,4
Q01844,EWSR1,nucleolus;nucleus;plasma_membrane,3
Q8ND56-2,LSM14A,cytoskeleton;cytosol,2
P51991,HNRNPA3,nucleus,1
P02749,APOH,extracellular;golgi;plasma_membrane;vesicle,4
Q6NT55,CYP4F22,endoplasmic_reticulum;nucleus,2
P35321,SPRR1A,cytosol;plasma_membrane,2
Q2QGD7-2,ZXDC,nucleus,1
Q9BXW9-2,FANCD2,nucleolus;nucleus,2
Q9NZI8,IGF2BP1,cell junction;cytosol;nucleus;plasma_membrane;synapse,5
Q69YU5,C12orf73,mitochondrion,1
P16615,ATP2A2,endoplasmic_reticulum;nucleus;plasma_membrane,3
Q9NXB9,ELOVL2,endoplasmic_reticulum;nucleus,2
O00400,SLC33A1,endoplasmic_reticulum;golgi;nucleus;plasma_membrane,4
P01891,HLA-A,endoplasmic_reticulum;endosome;extracellular;golgi;nucleus;plasma_membrane;vesicle,7
P60903,S100A10,extracellular;nucleus;plasma_membrane;vesicle,4
Q155Q3,DIXDC1,cell junction;cytoskeleton;cytosol,3
Q9C029-1,TRIM7,golgi;nucleus,2
Q05D32,CTDSPL2,nucleus,1
P35250,RFC2,nucleus,1
Q5T5P2-2,KIAA1217,cytoskeleton,1
Q8N9S9-2,SNX31,endosome;vesicle,2
Q9H6D3,XKR8,plasma_membrane,1
P05141,SLC25A5,cytoskeleton;mitochondrion;nucleus;plasma_membrane,4
Q7Z3F1,GPR155,extracellular;lysosome;vesicle,3
Q13467,FZD5,cell junction;endosome;golgi;plasma_membrane;synapse;vesicle,6
Q86US8,SMG6,cytosol;nucleolus;nucleus,3
Q9P2R3-2,ANKFY1,endosome;extracellular;lysosome;vesicle,4
Q8WXD9,CASKIN1,cell junction;synapse,2
Q9UHJ3-2,SFMBT1,nucleus,1
Q9Y6X4,FAM169A,nucleus,1
P25774,CTSS,endosome;extracellular;lysosome;vesicle,4
P53602,MVD,cytosol,1
Q92543,SNX19,endosome;vesicle,2
Q8N6I1,EID2,nucleus,1
O75525-2,KHDRBS3,nucleus,1
P13861,PRKAR2A,cell junction;cytoskeleton;cytosol;extracellular;plasma_membrane;vesicle,6
P17612-2,PRKACA,cytoskeleton;cytosol;extracellular;mitochondrion;nucleus;plasma_membrane;vesicle,7
P24588,AKAP5,cell junction;cytosol;endosome;plasma_membrane;synapse;vesicle,6
B4DXR9,ZNF732,nucleus,1
Q13310-2,PABPC4,cytosol;nucleus,2
P52746,ZNF142,nucleus,1
Q15366,PCBP2,cell junction;cytosol;extracellular;nucleus;vesicle,5
Q9BRS8,LARP6,nucleus,1
Q9P2E3,ZNFX1,mitochondrion;nucleus,2
Q8NI27,THOC2,nucleus,1
Q86W42-2,THOC6,nucleus,1
Q9H0R3,TMEM222,plasma_membrane,1
P56706,WNT7B,endoplasmic_reticulum;extracellular;golgi;plasma_membrane;vesicle,5
Q96AA3,RFT1,endoplasmic_reticulum;nucleus,2
Q9BSA4,TTYH2,plasma_membrane,1
Q8N370-3,SLC43A2,plasma_membrane,1
O15260-2,SURF4,cytosol;endoplasmic_reticulum;er_golgi_intermediate;golgi;lysosome;nucleus;plasma_membrane;vesicle,8
O43566-5,RGS14,cell junction;cytoskeleton;nucleus;plasma_membrane;synapse,5
O60583-2,CCNT2,nucleus,1
O00463,TRAF5,cytoskeleton;cytosol;plasma_membrane,3
Q9Y6Y0,IVNS1ABP,cytoskeleton;cytosol;nucleus,3
Q00796,SORD,cytosol;extracellular;mitochondrion;plasma_membrane;vesicle,5
Q06210-2,GFPT1,cytosol;extracellular;vesicle,3
O95278-3,EPM2A,cytosol;endoplasmic_reticulum;nucleus;plasma_membrane,4
P00325,ADH1B,cytosol;nucleus;plasma_membrane,3
P36957,DLST,cytosol;mitochondrion;nucleus,3
Q02218,OGDH,mitochondrion;nucleus,2
Q70E73,RAPH1,cytoskeleton;cytosol;nucleus;plasma_membrane,4
P08397-2,HMBS,cytosol,1
P36959,GMPR,cytosol,1
Q52LW3,ARHGAP29,cytosol,1
Q5U651,RASIP1,cell junction;golgi,2
P84095,RHOG,cell junction;cytoskeleton;cytosol;endoplasmic_reticulum;extracellular;nucleus;plasma_membrane;synapse;vesicle,9
Q9C0K3,ACTR3C,extracellular;vesicle,2
Q4VXU2,PABPC1L,cytosol;extracellular;nucleus;vesicle,4
Q13242,SRSF9,nucleus,1
Q15334,LLGL1,cell junction;cytoskeleton;endosome;golgi;plasma_membrane;vesicle,6
A6NJZ7,RIMBP3C,cytoskeleton;nucleus,2
Q68CZ1-2,RPGRIP1L,cell junction;cytoskeleton;cytosol;nucleus;plasma_membrane,5
P20794,MAK,cytoskeleton;nucleolus;nucleus;plasma_membrane,4
P43007,SLC1A4,cytoskeleton;extracellular;plasma_membrane;vesicle,4
P61371,ISL1,nucleus,1
Q6P6B7,ANKRD16,nucleus,1
Q70SY1-2,CREB3L2,endoplasmic_reticulum;nucleus,2
Q9Y620,RAD54B,nucleus,1
P48723,HSPA13,cytosol;endoplasmic_reticulum;extracellular;nucleus;plasma_membrane;vesicle,6
P61019,RAB2A,cytosol;endoplasmic_reticulum;er_golgi_intermediate;extracellular;golgi;lysosome;nucleus;vesicle,8
Q6P179-3,ERAP2,endoplasmic_reticulum;nucleus,2
Q8NHP8,PLBD2,extracellular;lysosome;vesicle,3
Q7Z7M0-2,MEGF8,extracellular;nucleus;vesicle,3
O75077-2,ADAM23,cell junction;extracellular;plasma_membrane;synapse,4
Q9UJA9,ENPP5,extracellular;plasma_membrane,2
Q13641,TPBG,plasma_membrane,1
Q9Y303-2,AMDHD2,cytosol;nucleus,2
Q9NRX4,PHPT1,cytosol;extracellular;nucleus;plasma_membrane;vesicle,5
P41732,TSPAN7,plasma_membrane,1
P52824,DGKQ,cytoskeleton;cytosol;endosome;nucleolus;nucleus;plasma_membrane;vesicle,7
Q9H6T0-2,ESRP2,nucleus,1
O15119-2,TBX3,nucleus,1
Q6BCY4-2,CYB5R2,endoplasmic_reticulum;golgi;mitochondrion;nucleus,4
P30038,ALDH4A1,cytosol;mitochondrion,2
P15428,HPGD,cytosol;extracellular;nucleus;vesicle,4
Q7Z5W3,BCDIN3D,cytosol,1
C9JBZ0,EYA2,cytosol;nucleus,2
Q2TBC4-3,PRICKLE4,cell junction;cytoskeleton;nucleus,3
P46821,MAP1B,cell junction;cytoskeleton;cytosol;plasma_membrane;synapse,5
Q14410,GK2,extracellular;mitochondrion;plasma_membrane;vesicle,4
Q9UBI4-2,STOML1,endosome;plasma_membrane;vesicle,3
O00716,E2F3,nucleus,1
P43490,NAMPT,cell junction;cytosol;extracellular;nucleus;vesicle,5
Q9UKJ5,CHIC2,golgi;plasma_membrane;vesicle,3
Q9HCE7-2,SMURF1,cytosol;extracellular;nucleus;plasma_membrane;vesicle,5
P42575,CASP2,cytosol;mitochondrion;nucleolus;nucleus,4
Q13753-2,LAMC2,extracellular,1
P61952,GNG11,plasma_membrane,1
Q86YJ7,ANKRD13B,endosome;plasma_membrane;vesicle,3
P49802-2,RGS7,cytosol;plasma_membrane,2
P22001,KCNA3,plasma_membrane,1
A0AVI4-2,TMEM129,endoplasmic_reticulum;nucleus,2
Q96CC6,RHBDF1,endoplasmic_reticulum;golgi;nucleus,3
Q9HBH9,MKNK2,cytosol;nucleus,2
Q8N5Y2-2,MSL3,nucleus,1
Q13733,ATP1A4,plasma_membrane,1
Q9BVX2-2,TMEM106C,endoplasmic_reticulum;nucleus,2
Q8IWA5,SLC44A2,extracellular;lysosome;mitochondrion;plasma_membrane;vesicle,5
Q504Y2,PKDCC,extracellular;golgi,2
Q15814,TBCC,cytoskeleton;cytosol;plasma_membrane,3
Q86YQ8,CPNE8,extracellular;plasma_membrane;vesicle,3
Q06418,TYRO3,endoplasmic_reticulum;nucleus;plasma_membrane,3
P36897,TGFBR1,cell junction;endosome;nucleus;plasma_membrane;vesicle,5
Q14574-2,DSC3,cell junction;plasma_membrane,2
O43570-2,CA12,plasma_membrane,1
Q9Y3E0,GOLT1B,endoplasmic_reticulum;golgi,2
Q9NPA8,ENY2,mitochondrion;nucleus,2
Q8TB37,NUBPL,mitochondrion;plasma_membrane,2
Q9BRX2,PELO,cytosol,1
Q8N568-2,DCLK2,cytoskeleton,1
Q03113,GNA12,cell junction;cytosol;plasma_membrane,3
Q9Y2G7,ZFP30,nucleus,1
Q5VWJ9,SNX30,endosome;vesicle,2
Q8WXE0-2,CASKIN2,plasma_membrane,1
A1X283,SH3PXD2B,cytoskeleton,1
A6NDR6,MEIS3,nucleus,1
Q9NTX5-2,ECHDC1,cytosol,1
Q15569,TESK1,cytoskeleton;cytosol;nucleus;plasma_membrane,4
Q8TCT9-5,HM13,endoplasmic_reticulum;nucleus;plasma_membrane,3
Q16828,DUSP6,cytosol;nucleus,2
Q6UWV2,MPZL3,plasma_membrane,1
Q86VP6,CAND1,cytosol;extracellular;golgi;nucleus;vesicle,5
O00311,CDC7,cytoskeleton;extracellular;nucleus,3
Q9UL36,ZNF236,nucleus,1
O15527-2,OGG1,cytosol;mitochondrion;nucleus,3
Q13813-3,SPTAN1,cell junction;cytoskeleton;cytosol;extracellular;plasma_membrane;vesicle,6
P54826,GAS1,plasma_membrane,1
Q15759,MAPK11,cytosol;nucleus,2
Q99704-3,DOK1,cytosol;nucleus,2
Q9UJZ1,STOML2,cytoskeleton;cytosol;mitochondrion;plasma_membrane;synapse,5
O75969,AKAP3,nucleus;plasma_membrane;vesicle,3
Q9H0Z9,RBM38,cytosol;nucleus,2
Q15038,DAZAP2,nucleus,1
P48742,LHX1,nucleus,1
Q68G74,LHX8,nucleus,1
P28222,HTR1B,endoplasmic_reticulum;plasma_membrane,2
A6NI72,NCF1,cytosol;lysosome;plasma_membrane;vesicle,4
O75362,ZNF217,nucleus,1
B4DH00,PLEKHA8,cytosol;golgi;nucleus,3
P32754,HPD,cytosol;endoplasmic_reticulum;extracellular;golgi;nucleus;vesicle,6
Q9Y371-2,SH3GLB1,cytosol;golgi;mitochondrion;vesicle,4
P16435,POR,cytosol;endoplasmic_reticulum;nucleus,3
Q9HD40,SEPSECS,cytosol;nucleus,2
P98173,FAM3A,extracellular,1
Q5HY92,FIGN,cytoskeleton;nucleus,2
Q13402-2,MYO7A,cell junction;cytoskeleton;cytosol;lysosome;plasma_membrane;synapse,6
Q9NQ38-3,SPINK5,cytosol;endoplasmic_reticulum;extracellular;nucleus;vesicle,5
Q9NSY0,NRBP2,cytosol,1
P51956,NEK3,nucleus;plasma_membrane,2
Q4V339,CBWD6,nucleus,1
O14776-2,TCERG1,nucleus,1
Q14240-2,EIF4A2,cytosol,1
Q8IX07,ZFPM1,nucleus,1
P53355,DAPK1,cytoskeleton;nucleus;plasma_membrane,3
A1L020,MEX3A,cytosol;nucleus,2
P13639,EEF2,cytosol;extracellular;nucleus;plasma_membrane;vesicle,5
Q5TBA9,FRY,cytoskeleton,1
Q15070-2,OXA1L,mitochondrion,1
P36575-2,ARR3,plasma_membrane,1
Q16816,PHKG1,cytosol,1
P51826-2,AFF3,cytosol;nucleus,2
P62256,UBE2H,cytosol;nucleus,2
Q6ZN04,MEX3B,nucleus,1
Q9BQ67,GRWD1,nucleolus;nucleus,2
O94876,TMCC1,cytosol;endoplasmic_reticulum;nucleus,3
P60520,GABARAPL2,cytosol;endoplasmic_reticulum;golgi;nucleus;vesicle,5
Q9Y223-2,GNE,cytosol,1
Q8N9R8-2,SCAI,nucleus,1
Q96MD2,C12orf66,extracellular;lysosome,2
Q86TX2,ACOT1,cytosol;mitochondrion,2
Q8TC76,FAM110B,cytoskeleton;cytosol;mitochondrion,3
Q687X5,STEAP4,endosome;extracellular;golgi;nucleus;plasma_membrane;vesicle,6
Q9BW30,TPPP3,cytoskeleton,1
O75884,RBBP9,nucleus,1
P47989,XDH,cytosol;extracellular;peroxisome,3
Q9Y365,STARD10,cell junction;cytosol;plasma_membrane,3
Q03169,TNFAIP2,extracellular;vesicle,2
Q86SQ7-3,SDCCAG8,cell junction;cytoskeleton;cytosol;plasma_membrane,4
Q9UKS7-2,IKZF2,nucleus,1
P48549,KCNJ3,plasma_membrane,1
Q9H1K1,ISCU,cytosol;mitochondrion;nucleus,3
P08651-2,NFIC,nucleolus;nucleus,2
Q12857,NFIA,cell junction;nucleus,2
Q14938-2,NFIX,nucleus,1
O75663-2,TIPRL,cytosol,1
O00762,UBE2C,cytosol;nucleus;plasma_membrane,3
E7ESX4,SAG,cytosol;plasma_membrane,2
O60732,MAGEC1,nucleus,1
Q96EY1,DNAJA3,cell junction;cytosol;mitochondrion;nucleus;plasma_membrane;synapse,6
P23368,ME2,mitochondrion,1
Q8WUA8,TSKU,extracellular,1
Q9Y2L8,ZKSCAN5,nucleus,1
Q15035,TRAM2,endoplasmic_reticulum;nucleus,2
Q13202,DUSP8,nucleus,1
Q9BYB0-2,SHANK3,cell junction;cytosol;plasma_membrane;synapse,4
Q14683,SMC1A,cytoskeleton;cytosol;nucleus,3
Q9UQE7,SMC3,cytoskeleton;cytosol;nucleus,3
Q96N64-2,PWWP2A,nucleus,1
Q9UGU5,HMGXB4,nucleus,1
Q6NUJ5,PWWP2B,nucleus,1
Q8WUU4,ZNF296,nucleus,1
Q6XYQ8,SYT10,plasma_membrane;vesicle,2
Q9Y4W2-2,LAS1L,nucleolus;nucleus,2
Q8IUI8,CRLF3,cytosol;nucleus,2
Q9Y5S9-2,RBM8A,cytosol;nucleus,2
O95190,OAZ2,cytosol;nucleus,2
Q9UL26,RAB22A,endosome;extracellular;plasma_membrane;vesicle,4
P81274,GPSM2,cytoskeleton;cytosol;plasma_membrane,3
Q6ZMW3-2,EML6,cytoskeleton,1
Q9UHL9-2,GTF2IRD1,cytosol;nucleus,2
Q9BRQ3-2,NUDT22,nucleus,1
Q9P2P6-3,STARD9,cytoskeleton;nucleus,2
Q16611,BAK1,mitochondrion,1
O75971,SNAPC5,nucleolus;nucleus,2
Q9NWX6,THG1L,cytosol;mitochondrion,2
Q9BQI3-2,EIF2AK1,cytosol;nucleus,2
Q9BYF1,ACE2,endoplasmic_reticulum;extracellular;plasma_membrane;vesicle,4
Q9UGM6,WARS2,mitochondrion,1
O60381-2,HBP1,nucleus,1
Q14209,E2F2,nucleus,1
Q01094,E2F1,nucleus,1
A1A4S6,ARHGAP10,cytosol;endosome;plasma_membrane;vesicle,4
P08235-2,NR3C2,cytosol;endoplasmic_reticulum;nucleus,3
P07339,CTSD,cytosol;endosome;extracellular;lysosome;vesicle,5
Q5VY09,IER5,nucleus,1
Q8N587,ZNF561,nucleus,1
Q05516,ZBTB16,cytosol;nucleus,2
P29400-2,COL4A5,endoplasmic_reticulum;extracellular,2
P37275,ZEB1,cytosol;nucleolus;nucleus,3
O60315,ZEB2,cytosol;nucleolus;nucleus,3
Q13029-2,PRDM2,nucleus,1
P56545-2,CTBP2,cell junction;nucleus;synapse,3
Q8N3X6,LCORL,nucleus,1
P06733,ENO1,cytosol;extracellular;nucleus;plasma_membrane;vesicle,5
P08123,COL1A2,endoplasmic_reticulum;extracellular;vesicle,3
Q96BU1-2,S100PBP,cytosol;nucleus,2
Q8N1G1,REXO1,nucleus,1
O75019,LILRA1,plasma_membrane,1
Q8N423-2,LILRB2,extracellular;plasma_membrane;vesicle,3
Q8NHL6-2,LILRB1,extracellular;plasma_membrane,2
Q6ZSZ5-2,ARHGEF18,cell junction;cytoskeleton;cytosol;extracellular;plasma_membrane;vesicle,6
Q5TCQ9-2,MAGI3,cell junction;nucleus;plasma_membrane,3
Q86UL8-2,MAGI2,cell junction;cytoskeleton;endosome;nucleus;plasma_membrane;synapse;vesicle,7
Q6P9G9,ZNF449,nucleus,1
Q9NPJ1,MKKS,cytoskeleton;cytosol;nucleus;plasma_membrane,4
P51149,RAB7A,cytosol;endosome;extracellular;lysosome;mitochondrion;plasma_membrane;vesicle,7
P61018-2,RAB4B,endosome;plasma_membrane;vesicle,3
Q6IQ22,RAB12,cell junction;cytosol;endosome;golgi;lysosome;plasma_membrane;synapse;vesicle,8
P22102,GART,cytosol;extracellular;vesicle,3
Q14318-2,FKBP8,cytosol;endoplasmic_reticulum;mitochondrion,3
Q13164,MAPK7,cytosol;nucleus,2
Q5T8Z6,COMMD3-BMI1,cytosol;nucleus,2
Q5VUG0,SFMBT2,nucleus,1
O95716,RAB3D,cell junction;cytoskeleton;endosome;extracellular;lysosome;plasma_membrane;synapse;vesicle,8
P19957,PI3,cytosol;extracellular;plasma_membrane,3
Q2TB90-2,HKDC1,cytosol;mitochondrion,2
Q9Y6R7,FCGBP,extracellular;vesicle,2
P59665,DEFA1B,extracellular;golgi;lysosome;vesicle,4
O14713,ITGB1BP1,cytoskeleton;cytosol;nucleus;plasma_membrane,4
Q96S90,LYSMD1,nucleus,1
P36915,GNL1,extracellular;nucleus,2
Q86TL0,ATG4D,mitochondrion;nucleus,2
Q00059,TFAM,cytosol;mitochondrion;nucleus,3
O94868,FCHSD2,cell junction;endosome;plasma_membrane;synapse;vesicle,5
P50479,PDLIM4,cell junction;cytoskeleton;cytosol;endosome;nucleus;plasma_membrane;synapse;vesicle,8
Q8IYM2,SLFN12,cytosol;nucleus,2
O00329,PIK3CD,cytosol;plasma_membrane,2
P10826-2,RARB,nucleus,1
O15079-2,SNPH,cytoskeleton;mitochondrion;plasma_membrane,3
O15037,KHNYN,nucleus,1
Q9Y6N9,USH1C,cell junction;cytoskeleton;cytosol;plasma_membrane;synapse,5
P52757,CHN2,cell junction;cytosol;synapse,3
O60673,REV3L,nucleus,1
Q15054,POLD3,nucleus,1
Q9HCU8,POLD4,nucleus,1
P55055,NR1H2,cytosol;nucleus,2
O94900,TOX,nucleus,1
Q9BUN8-2,DERL1,endoplasmic_reticulum;nucleus,2
Q9H920,RNF121,endoplasmic_reticulum;golgi;nucleus,3
Q96CP7,TLCD1,plasma_membrane,1
Q9H3C7,GGNBP2,nucleus;vesicle,2
Q8WXF1-2,PSPC1,nucleolus;nucleus,2
P55160,NCKAP1L,cytosol;extracellular;plasma_membrane;vesicle,4
Q04671-2,OCA2,endoplasmic_reticulum;endosome;lysosome;nucleus;vesicle,5
F5H460,POC1B-GALNT4,golgi,1
P07858,CTSB,endosome;extracellular;lysosome;plasma_membrane;vesicle,5
Q9UHL4,DPP7,extracellular;lysosome;vesicle,3
Q6NUJ1,PSAPL1,cytosol;extracellular,2
O95994,AGR2,endoplasmic_reticulum;extracellular,2
O14948-2,TFEC,nucleus,1
O43826-2,SLC37A4,endoplasmic_reticulum;nucleus,2
Q9UHL0-2,DDX25,cytosol;nucleus,2
Q5EBL2,ZNF628,nucleus,1
Q86T82,USP37,cytosol;nucleus,2
P31644,GABRA5,cell junction;cytosol;nucleus;plasma_membrane;synapse,5
Q9UKL3,CASP8AP2,mitochondrion;nucleus,2
Q7L0Q8-2,RHOU,cell junction;cytoskeleton;cytosol;endosome;golgi;plasma_membrane;vesicle,7
Q8TB36,GDAP1,cytosol;mitochondrion;nucleus;peroxisome,4
Q7Z569,BRAP,cytosol,1
Q6ZN57,ZFP2,nucleus,1
Q8IVQ6,ZDHHC21,endoplasmic_reticulum;golgi;plasma_membrane,3
Q16656,NRF1,cytosol;extracellular;nucleus;vesicle,4
Q8N0U8,VKORC1L1,endoplasmic_reticulum;nucleus,2
O95674,CDS2,endoplasmic_reticulum;mitochondrion;nucleus,3
Q9UET6-2,FTSJ1,cytosol;nucleus,2
O75475-2,PSIP1,cytosol;nucleus,2
P51858,HDGF,extracellular;nucleus,2
Q96ST2-2,IWS1,nucleus,1
O75334,PPFIA2,cell junction;cytosol;extracellular;plasma_membrane;synapse;vesicle,6
Q5JPE7-2,NOMO2,endoplasmic_reticulum;nucleus,2
Q8TE59,ADAMTS19,extracellular,1
Q9UJH8,METRN,extracellular,1
Q99574,SERPINI1,extracellular;vesicle,2
Q9H336,CRISPLD1,extracellular;vesicle,2
P39656,DDOST,endoplasmic_reticulum;lysosome;nucleus;plasma_membrane;vesicle,5
Q9Y6L7,TLL2,extracellular,1
Q96K49-2,TMEM87B,golgi,1
A6NK58,LIPT2,mitochondrion,1
Q9NZV1,CRIM1,extracellular;plasma_membrane,2
Q9Y5J7,TIMM9,mitochondrion,1
O94913,PCF11,nucleus,1
Q9Y285,FARSA,cytosol,1
P78337,PITX1,nucleolus;nucleus,2
P42685,FRK,cytosol;extracellular;lysosome;nucleus;plasma_membrane;vesicle,6
P30041,PRDX6,cytosol;extracellular;lysosome;nucleus;vesicle,5
Q5SRE5,NUP188,cytosol;nucleus,2
A6NMD2,GOLGA8J,golgi,1
O43809,NUDT21,cytoskeleton;nucleus,2
O95232,LUC7L3,nucleus,1
Q8N684-2,CPSF7,cytosol;nucleus,2
O00292,LEFTY2,extracellular;vesicle,2
P00558,PGK1,cytosol;extracellular;mitochondrion;vesicle,4
Q86TU7,SETD3,nucleus,1
Q9H1J7,WNT5B,endoplasmic_reticulum;extracellular;golgi;plasma_membrane;vesicle,5
Q32ML3,CYP24A1,mitochondrion,1
Q9UGL1-2,KDM5B,cytosol;nucleus,2
Q9NV72,ZNF701,nucleus,1
O15083,ERC2,cell junction;cytoskeleton;plasma_membrane;synapse,4
Q9UK32,RPS6KA6,cytosol;nucleus,2
P07996,THBS1,endoplasmic_reticulum;extracellular;plasma_membrane;vesicle,4
P35443,THBS4,endoplasmic_reticulum;extracellular;vesicle,3
A6NIX2,WTIP,cell junction;nucleus,2
Q12796,PNRC1,nucleus,1
Q96CN9,GCC1,cytosol;golgi,2
Q9GZY0,NXF2B,cytosol;nucleus,2
O94788,ALDH1A2,cytosol,1
P13010,XRCC5,cytosol;extracellular;nucleolus;nucleus;vesicle,5
P46952,HAAO,cytosol,1
P05187,ALPP,plasma_membrane,1
Q07343-2,PDE4B,cytosol;plasma_membrane,2
Q9BZV2,SLC19A3,plasma_membrane,1
Q6ZV89,SH2D5,cell junction;synapse,2
P43003,SLC1A3,plasma_membrane;vesicle,2
O43447,PPIH,cytosol;nucleus,2
P54855,UGT2B15,endoplasmic_reticulum;nucleus,2
Q9Y4X1-2,UGT2A2,endoplasmic_reticulum;nucleus,2
P78329,CYP4F2,endoplasmic_reticulum;nucleus;plasma_membrane,3
Q562E7,WDR81,cytosol;endosome;lysosome;mitochondrion;vesicle,5
P31512,FMO4,endoplasmic_reticulum;nucleus,2
Q6UN15-3,FIP1L1,cytosol;nucleus,2
Q8NFI3-2,ENGASE,cytosol,1
O14910,LIN7A,cell junction;extracellular;plasma_membrane;synapse;vesicle,5
Q7Z4S6-2,KIF21A,cytoskeleton;cytosol;plasma_membrane,3
O15156,ZBTB7B,nucleus,1
Q6DD87,ZNF787,nucleus,1
P09769,FGR,cytosol;extracellular;mitochondrion;plasma_membrane;vesicle,5
Q9BYL1,SAMD10,plasma_membrane,1
F5GXN1,CPNE6,endosome;extracellular;plasma_membrane;vesicle,4
P51965,UBE2E1,cytosol;nucleus,2
O94892,ZNF432,nucleus,1
Q6ZQX7-2,C17orf97,nucleolus;nucleus,2
P54819-2,AK2,extracellular;mitochondrion;vesicle,3
Q01970,PLCB3,cell junction;cytosol;nucleus;synapse,4
Q9UMX3,BOK,endoplasmic_reticulum;endosome;golgi;mitochondrion;nucleus;vesicle,6
P51689-3,ARSD,endoplasmic_reticulum;lysosome,2
Q96KA5-2,CLPTM1L,endoplasmic_reticulum;nucleus,2
Q5EBL4,RILPL1,cytoskeleton;cytosol;nucleus;plasma_membrane,4
Q14397,GCKR,cytosol;mitochondrion;nucleus,3
Q8IVE3-3,PLEKHH2,cytoskeleton;plasma_membrane,2
Q6ZUM4-2,ARHGAP27,cytosol;plasma_membrane,2
P26038,MSN,cell junction;cytoskeleton;cytosol;extracellular;nucleus;plasma_membrane;vesicle,7
Q96S38,RPS6KC1,endosome;lysosome;vesicle,3
P51797,CLCN6,endosome;lysosome;vesicle,3
Q9UKK3,PARP4,cytoskeleton;cytosol;extracellular;nucleus;vesicle,5
P50440-2,GATM,extracellular;mitochondrion;vesicle,3
P53634,CTSC,cytoskeleton;endoplasmic_reticulum;er_golgi_intermediate;extracellular;golgi;lysosome;vesicle,7
A6NF79,ZNF479,nucleus,1
P17861,XBP1,cytosol;endoplasmic_reticulum;nucleus,3
Q8IUL8,CILP2,extracellular;vesicle,2
Q641Q3,METRNL,extracellular;vesicle,2
Q8IZC4,RTKN2,nucleus,1
Q96L94,SNX22,vesicle,1
Q86SX6,GLRX5,mitochondrion,1
O00555-2,CACNA1A,nucleus;plasma_membrane,2
O75390,CS,extracellular;mitochondrion;nucleus;vesicle,4
Q9UPX8-3,SHANK2,cell junction;cytosol;plasma_membrane;synapse,4
O95848,NUDT14,cytosol,1
Q9GZT4,SRR,cytosol,1
P31267,HOXA6,nucleus,1
P17483,HOXB4,nucleus,1
Q6ZWT7,MBOAT2,endoplasmic_reticulum;nucleus,2
P12757-5,SKIL,nucleus,1
Q92805,GOLGA1,cytosol;golgi;vesicle,3
P19961,AMY2B,extracellular;vesicle,2
Q9H2K8,TAOK3,plasma_membrane,1
Q96JJ7,TMX3,endoplasmic_reticulum;nucleus;plasma_membrane;vesicle,4
P13533,MYH6,cytoskeleton;cytosol,2
Q9UKX3,MYH13,cytoskeleton;extracellular;vesicle,3
Q8IX12-2,CCAR1,golgi;nucleus,2
Q08AH1,ACSM1,extracellular;mitochondrion;vesicle,3
Q9BZJ4-2,SLC25A39,mitochondrion,1
Q9P2N7-2,KLHL13,cytosol,1
Q86YR6,POTED,plasma_membrane,1
Q499Z4,ZNF672,nucleus,1
P09086-2,POU2F2,nucleus,1
O14662-2,STX16,cell junction;cytosol;golgi,3
Q4KMP7,TBC1D10B,plasma_membrane,1
Q8TAS1,UHMK1,nucleus;plasma_membrane,2
Q9H0R5,GBP3,cytosol;golgi;vesicle,3
Q13017-2,ARHGAP5,cytosol;plasma_membrane,2
Q9NPB6-2,PARD6A,cell junction;cytoskeleton;cytosol;nucleus;plasma_membrane,5
Q9HD67,MYO10,cytosol;nucleolus;nucleus;plasma_membrane,4
Q6UWH6,TEX261,endoplasmic_reticulum;golgi;nucleus;vesicle,4
Q02386,ZNF45,nucleus,1
Q08289-2,CACNB2,plasma_membrane,1
Q8TBF5-2,PIGX,endoplasmic_reticulum;nucleus,2
P84157,MXRA7,endoplasmic_reticulum,1
P33402,GUCY1A2,cytosol,1
Q14956-2,GPNMB,endosome;plasma_membrane;vesicle,3
Q9H9E1,ANKRA2,cytoskeleton;cytosol;nucleus;plasma_membrane,4
P0CG48,UBC,cytosol;endoplasmic_reticulum;endosome;extracellular;mitochondrion;nucleus;plasma_membrane;vesicle,8
Q9Y6Q3-2,ZFP37,nucleus,1
Q9UK10,ZNF225,nucleus,1
P33240-2,CSTF2,nucleus,1
Q6PCE3,PGM2L1,cytosol,1
Q9NZI5,GRHL1,nucleus,1
P54750-2,PDE1A,cytosol,1
Q01064-2,PDE1B,cytosol,1
Q8NDV3-2,SMC1B,nucleus,1
Q14165,MLEC,endoplasmic_reticulum;nucleus;plasma_membrane;vesicle,4
Q92529-2,SHC3,cytosol;nucleus;plasma_membrane,3
Q5CZA5-2,ZNF805,nucleus,1
A5PLL7,TMEM189-UBE2V1,nucleus,1
Q71H61,ILDR2,cell junction;endoplasmic_reticulum;nucleus,3
Q6UX01-2,LMBR1L,endoplasmic_reticulum;nucleus;plasma_membrane,3
Q9UGK3,STAP2,cytosol;plasma_membrane,2
Q9NS37,CREBZF,nucleus,1
Q9NX18,SDHAF2,mitochondrion,1
P35712-2,SOX6,nucleus,1
O00570,SOX1,nucleus,1
P17844,DDX5,cytosol;extracellular;nucleolus;nucleus;vesicle,5
Q86TM3,DDX53,nucleus,1
P22079,LPO,extracellular;plasma_membrane;vesicle,3
Q13421-2,MSLN,endoplasmic_reticulum;extracellular;golgi;plasma_membrane,4
P20061,TCN1,extracellular;vesicle,2
Q9NV35,NUDT15,cytosol;nucleus,2
Q9Y5H9,PCDHA2,plasma_membrane,1
P05129,PRKCG,cell junction;cytosol;plasma_membrane;synapse,4
P05771-2,PRKCB,cytosol;extracellular;nucleus;plasma_membrane;vesicle,5
O15195-2,VILL,cytoskeleton,1
Q9NPC7-2,MYNN,nucleus,1
Q99728,BARD1,nucleus,1
Q96T83,SLC9A7,endosome;golgi;plasma_membrane;vesicle,4
O95359-3,TACC2,cytoskeleton;cytosol;nucleus;plasma_membrane,4
Q96N16,JAKMIP1,cytoskeleton,1
Q8N0W4-2,NLGN4X,cell junction;er_golgi_intermediate;plasma_membrane;synapse,4
Q9NZM1-2,MYOF,cell junction;endosome;extracellular;nucleus;plasma_membrane;synapse;vesicle,7
P16144-2,ITGB4,cell junction;extracellular;nucleolus;nucleus;plasma_membrane;vesicle,6
Q9NR34,MAN1C1,endoplasmic_reticulum;extracellular;golgi;vesicle,4
O95197-2,RTN3,cell junction;endoplasmic_reticulum;extracellular;golgi;nucleus;plasma_membrane;synapse,7
Q9Y4G6,TLN2,cell junction;cytoskeleton;cytosol;plasma_membrane;synapse,5
Q13368,MPP3,cell junction;plasma_membrane,2
Q2KJY2-2,KIF26B,cytoskeleton,1
Q16236-2,NFE2L2,cytoskeleton;cytosol;golgi;nucleus;plasma_membrane,5
Q9NPH6,OBP2B,extracellular,1
A6NEC0,MAGOHB,cytosol;nucleus,2
Q16629-2,SRSF7,extracellular;nucleus;vesicle,3
A6NNL5,C15orf61,extracellular;mitochondrion,2
P10721-2,KIT,extracellular;plasma_membrane,2
Q08334,IL10RB,plasma_membrane,1
Q68J44,DUPD1,nucleus,1
Q9HAY2,MAGEF1,nucleus,1
Q5VZ19-2,TDRD10,mitochondrion,1
Q8IYT8,ULK2,cytosol;vesicle,2
Q969E4,TCEAL3,nucleus,1
Q9BUF5,TUBB6,cytoskeleton;extracellular;nucleus;vesicle,4
Q14586,ZNF267,nucleus,1
Q96BV0,ZNF775,nucleus,1
Q96H96-3,COQ2,mitochondrion,1
D6RBW3,MAGED4,nucleus,1
Q9BVA6,FICD,endoplasmic_reticulum;nucleus,2
A6NGL4,TSPY8,nucleus,1
P08631-2,HCK,cell junction;cytoskeleton;cytosol;golgi;lysosome;nucleus;plasma_membrane;vesicle,8
Q96EP5-2,DAZAP1,cytosol;nucleus,2
Q5TG30,ARHGAP40,cytosol,1
Q9GZV1,ANKRD2,cytosol;nucleus,2
Q9NPH2-2,ISYNA1,cytosol,1
Q12851,MAP4K2,golgi;plasma_membrane,2
Q8TE04-2,PANK1,cytosol;endosome;nucleolus;nucleus;vesicle,5
Q8N0X4,CLYBL,mitochondrion,1
O00255-2,MEN1,cytosol;endoplasmic_reticulum;nucleus;plasma_membrane,4
P61221,ABCE1,cytosol;mitochondrion,2
P43307,SSR1,endoplasmic_reticulum;nucleus,2
P51571,SSR4,endoplasmic_reticulum;extracellular;nucleus;vesicle,4
Q69YI7,NAIF1,cytosol;nucleus;plasma_membrane,3
Q14114-4,LRP8,plasma_membrane,1
P25208,NFYB,nucleus,1
Q15166,PON3,endoplasmic_reticulum;extracellular;nucleus;vesicle,4
Q8NBS9,TXNDC5,endoplasmic_reticulum;extracellular;lysosome;vesicle,4
Q9BXI3,NT5C1A,cytosol,1
P55316,FOXG1,nucleus,1
Q9NW68-2,BSDC1,golgi,1
P04278-2,SHBG,extracellular;vesicle,2
Q99757,TXN2,mitochondrion,1
Q9H6L4,ARMC7,cytosol;nucleus,2
Q8NCG5,CHST4,golgi,1
Q8N4E4,PDCL2,endoplasmic_reticulum,1
Q9BVC6,TMEM109,endoplasmic_reticulum;extracellular;nucleus;vesicle,4
Q6ZNB6,NFXL1,nucleus,1
O76054,SEC14L2,cytosol;extracellular;nucleus;vesicle,4
P00915,CA1,cytosol;extracellular;vesicle,3
Q9HC07,TMEM165,endosome;golgi;lysosome;vesicle,4
Q8N475,FSTL5,extracellular,1
Q9Y2Y9,KLF13,nucleus,1
P42679,MATK,cytosol;plasma_membrane,2
Q5JSP0-2,FGD3,cytoskeleton;cytosol;golgi;plasma_membrane,4
Q8N1C3,GABRG1,cell junction;plasma_membrane;synapse,3
O43143,DHX15,nucleolus;nucleus,2
Q8TDF5-2,NETO1,cell junction;extracellular;plasma_membrane;synapse,4
Q12774,ARHGEF5,cytoskeleton;cytosol;nucleus;plasma_membrane,4
Q96N19-2,GPR137,lysosome,1
Q9UNW9,NOVA2,nucleus,1
Q86UW7-2,CADPS2,cell junction;cytoskeleton;nucleus;plasma_membrane;synapse;vesicle,6
P10071,GLI3,cytosol;nucleolus;nucleus;plasma_membrane,4
Q9NVD3-3,SETD4,cytosol;nucleus,2
Q9C030-2,TRIM6,cytosol,1
Q67FW5,B3GNTL1,mitochondrion,1
Q5T230,UTF1,nucleus,1
P17643,TYRP1,endosome;vesicle,2
Q8WV37,ZNF480,cytosol;nucleus,2
E5RGH0,ZNF721,nucleus,1
Q7L2R6,ZNF765,nucleus,1
Q86UP0-2,CDH24,cell junction;plasma_membrane,2
P55283,CDH4,cell junction;plasma_membrane,2
Q9Y6N8,CDH10,cell junction;plasma_membrane,2
P51606,RENBP,cytosol;extracellular;vesicle,3
E9PN20,ZNF595,nucleus,1
Q86YE8,ZNF573,nucleus,1
Q5HY98,ZNF766,cytoskeleton;nucleus,2
Q03923-2,ZNF85,nucleus,1
P51523,ZNF84,nucleus,1
Q9H5I4,ZNF33A,nucleus,1
Q06732,ZNF33B,nucleus,1
Q7Z2F6,ZNF720,nucleus,1
Q15935,ZNF77,nucleus,1
O75373,ZNF737,nucleus,1
Q8IYI8,ZNF440,nucleus,1
Q9C0G0-2,ZNF407,nucleus,1
P19827,ITIH1,extracellular;vesicle,2
Q14624-2,ITIH4,extracellular;vesicle,2
P11215,ITGAM,extracellular;plasma_membrane;vesicle,3
P22894,MMP8,extracellular;vesicle,2
P02743,APCS,extracellular;nucleus;vesicle,3
P24298,GPT,cytosol;extracellular;vesicle,3
Q8N392,ARHGAP18,cytoskeleton;cytosol;plasma_membrane,3
Q96EU6-2,RRP36,nucleolus;nucleus,2
P17025,ZNF182,nucleus,1
Q8N883,ZNF614,nucleus,1
Q96RE9-2,ZNF300,nucleolus;nucleus,2
Q9NY74,ETAA1,nucleus,1
Q96LW1,ZNF354B,nucleus,1
P48547,KCNC1,cell junction;plasma_membrane;synapse,3
Q8IZ02,LRRC34,nucleolus;nucleus,2
Q8NEK5-2,ZNF548,nucleus,1
P55317,FOXA1,nucleolus;nucleus,2
A8MWQ5,COL25A1,endoplasmic_reticulum;extracellular;plasma_membrane,3
Q969W8,ZNF566,nucleus,1
Q9BY67-2,CADM1,cell junction;plasma_membrane;synapse,3
Q9NVH6-2,TMLHE,mitochondrion,1
A6QL63-2,BTBD11,nucleus,1
Q15057,ACAP2,endosome;plasma_membrane;vesicle,3
Q9UDT6-2,CLIP2,cytoskeleton;nucleus,2
P0C7X2,ZNF688,nucleus,1
Q96G61,NUDT11,cytosol;nucleus,2
Q9Y5E5,PCDHB4,plasma_membrane,1
Q9Y5E1,PCDHB9,plasma_membrane,1
Q9UN67,PCDHB10,plasma_membrane,1
Q9UN66,PCDHB8,plasma_membrane,1
Q9Y5H3-2,PCDHGA10,plasma_membrane,1
Q9Y5F8,PCDHGB7,plasma_membrane,1
Q9UHG0,DCDC2,cytoskeleton;plasma_membrane,2
Q9Y663,HS3ST3A1,golgi,1
Q9BQ83,SLX1B,nucleus,1
P52789,HK2,cytoskeleton;cytosol;mitochondrion,3
Q6ZNJ1-2,NBEAL2,cytosol;endoplasmic_reticulum;plasma_membrane;vesicle,4
Q9H987-2,SYNPO2L,cytoskeleton;cytosol;nucleus,3
Q9HCX4,TRPC7,nucleus;plasma_membrane,2
P31949,S100A11,cell junction;cytosol;extracellular;nucleus;plasma_membrane;vesicle,6
Q15700-2,DLG2,cell junction;cytosol;plasma_membrane;synapse,4
Q6RI45-5,BRWD3,nucleus,1
Q9UK33,ZNF580,nucleus,1
O43897,TLL1,extracellular,1
Q8N823-2,ZNF611,nucleus,1
P16415,ZNF823,nucleus,1
Q6ZNH5,ZNF497,nucleus,1
Q5T0B9,ZNF362,nucleus,1
Q13105-2,ZBTB17,nucleus,1
Q9NTW7-2,ZFP64,nucleus,1
Q8TAU3,ZNF417,nucleus,1
Q7Z7L9-2,ZSCAN2,nucleus,1
Q14119,VEZF1,nucleus,1
Q9BS31,ZNF649,extracellular;nucleus,2
Q9P2N4-1,ADAMTS9,endoplasmic_reticulum;extracellular,2
Q96K62,ZBTB45,nucleus,1
Q9BYN7-2,ZNF341,nucleus,1
Q8N8U9,BMPER,extracellular,1
Q9Y4G8,RAPGEF2,cell junction;cytosol;endosome;plasma_membrane;synapse;vesicle,6
Q99865,SPIN2A,cytosol;nucleus,2
P50583,NUDT2,mitochondrion,1
Q06830,PRDX1,cytosol;extracellular;nucleus;vesicle,4
Q9H3U5-3,MFSD1,lysosome,1
P14060,HSD3B1,endoplasmic_reticulum;mitochondrion;nucleus,3
P35354,PTGS2,endoplasmic_reticulum;nucleus;plasma_membrane,3
C9JMZ0,MEF2C,cytosol;nucleus,2
O43670-2,ZNF207,cytoskeleton;nucleolus;nucleus,3
Q9BVG9,PTDSS2,endoplasmic_reticulum;nucleus,2
O95185,UNC5C,cell junction;plasma_membrane;synapse,3
Q8WU90,ZC3H15,cytosol;nucleus,2
Q76N32,CEP68,cytoskeleton,1
P16591,FER,cell junction;cytoskeleton;cytosol;nucleus;plasma_membrane,5
P51787-2,KCNQ1,endoplasmic_reticulum;endosome;lysosome;plasma_membrane;vesicle,5
Q5TFQ8,SIRPB1,plasma_membrane;vesicle,2
Q9BRH9,ZNF251,nucleus,1
Q7Z5Q1-3,CPEB2,cell junction;nucleus;plasma_membrane;synapse,4
Q8NE35-2,CPEB3,cell junction;cytosol;nucleus;plasma_membrane;synapse,5
Q9NX46,ADPRHL2,mitochondrion;nucleus,2
O43361,ZNF749,nucleus,1
Q96SK3,ZNF607,nucleus,1
Q68EA5,ZNF57,nucleus,1
P17014,ZNF12,nucleus,1
P07333,CSF1R,plasma_membrane,1
Q9NR46-2,SH3GLB2,cytosol;nucleus,2
P55263-2,ADK,cytosol;nucleus;plasma_membrane,3
P41222,PTGDS,endoplasmic_reticulum;extracellular;golgi;nucleus;vesicle,5
P78396-2,CCNA1,cytoskeleton;cytosol;nucleus,3
P11586,MTHFD1,cytosol;extracellular;mitochondrion;vesicle,4
Q9H161,ALX4,nucleus,1
Q01538,MYT1,nucleus,1
Q9H190-3,SDCBP2,cytosol;extracellular;nucleolus;nucleus;plasma_membrane;vesicle,6
P42772,CDKN2B,cytosol;nucleus,2
Q76N89,HECW1,cytosol,1
O75909-1,CCNK,nucleus,1
Q96PQ7-2,KLHL5,cytoskeleton;cytosol,2
Q86WA6-2,BPHL,mitochondrion,1
P61088,UBE2N,cytosol;extracellular;nucleolus;nucleus;vesicle,5
Q99523,SORT1,cytosol;endoplasmic_reticulum;endosome;golgi;lysosome;nucleus;plasma_membrane;vesicle,8
Q969X0,RILPL2,cytoskeleton;cytosol;plasma_membrane,3
Q92837,FRAT1,cytosol;nucleus,2
Q6T4R5,NHS,cell junction;golgi;nucleus;plasma_membrane,4
Q00872-2,MYBPC1,cytosol,1
P54296,MYOM2,mitochondrion,1
Q96IU4,ABHD14B,cytosol;extracellular;nucleolus;nucleus;vesicle,5
Q9P0S9,TMEM14C,mitochondrion,1
O15438-4,ABCC3,plasma_membrane,1
Q15858-2,SCN9A,cell junction;plasma_membrane;synapse,3
Q7KZN9-2,COX15,mitochondrion,1
P26358-2,DNMT1,mitochondrion;nucleus,2
P05937,CALB1,cell junction;cytosol;extracellular;nucleus;plasma_membrane;synapse;vesicle,7
Q9Y259,CHKB,cytosol,1
Q86UW9-2,DTX2,cytosol;nucleus,2
P15559,NQO1,cytosol,1
Q8TB68-2,PRR7,cell junction;cytosol;nucleus;plasma_membrane;synapse,5
P28328,PEX2,cytosol;nucleus;peroxisome,3
Q684P5-2,RAP1GAP2,cytoskeleton;cytosol;nucleus;plasma_membrane,4
Q9P212,PLCE1,cytosol;golgi;plasma_membrane,3
O00512,BCL9,golgi;nucleus,2
P26599-2,PTBP1,extracellular;nucleolus;nucleus;vesicle,4
Q9NV58-3,RNF19A,cytoskeleton;cytosol,2
P27708,CAD,cell junction;cytosol;extracellular;nucleus;plasma_membrane;synapse;vesicle,7
Q7Z449,CYP2U1,endoplasmic_reticulum;mitochondrion;nucleus,3
Q5QJ74,TBCEL,cytoskeleton,1
Q96K37,SLC35E1,golgi,1
Q4G0S4,CYP27C1,mitochondrion,1
O14772,FPGT,cytosol,1
Q8N5H7-2,SH2D3C,cytosol;plasma_membrane,2
E5RHY9,UNC13A,cell junction;plasma_membrane;synapse;vesicle,4
P63172,DYNLT1,cytoskeleton;extracellular;golgi;nucleus;plasma_membrane;vesicle,6
P43356,MAGEA2,nucleus,1
P43360,MAGEA6,nucleus,1
P35270,SPR,cytosol;extracellular;mitochondrion;vesicle,4
P61225,RAP2B,cell junction;cytosol;endosome;extracellular;plasma_membrane;vesicle,6
P51788-3,CLCN2,cell junction;plasma_membrane;synapse,3
Q9BUF9,MYL9,cytoskeleton;cytosol,2
Q96EI5-2,TCEAL4,nucleus,1
P13056,NR2C1,nucleus,1
Q2L4Q9,PRSS53,extracellular,1
Q9BYV1,AGXT2,mitochondrion,1
O75874,IDH1,cytosol;extracellular;mitochondrion;peroxisome;vesicle,5
P06401-2,PGR,cytosol;mitochondrion;nucleus;plasma_membrane,4
Q5TEC3,ZNF697,nucleus,1
Q63HM9,PLCXD3,cell junction;synapse,2
Q8WYK1,CNTNAP5,cell junction;nucleolus;nucleus;plasma_membrane;synapse,5
Q14500,KCNJ12,plasma_membrane,1
Q6ZN19-3,ZNF841,nucleus,1
Q969M7-2,UBE2F,cytosol;nucleus,2
Q8IWY7,TTBK2,cytoskeleton;cytosol;extracellular;nucleus;plasma_membrane,5
O15240,VGF,endoplasmic_reticulum;extracellular;golgi;vesicle,4
Q06710-2,PAX8,nucleus,1
Q8WV92,MITD1,endosome;extracellular;vesicle,3
Q8TCU5,GRIN3A,cell junction;endoplasmic_reticulum;nucleus;plasma_membrane;synapse,5
Q00169,PITPNA,cytosol;extracellular;nucleus;vesicle,4
Q9BRQ0,PYGO2,nucleus,1
P38571-2,LIPA,cytosol;lysosome;nucleolus;nucleus,4
Q92484,SMPDL3A,extracellular;vesicle,2
P0C7U0,ELFN1,cell junction;plasma_membrane;synapse,3
P52735-2,VAV2,cytosol,1
O75310,UGT2B11,endoplasmic_reticulum;nucleus,2
P36537,UGT2B10,endoplasmic_reticulum;nucleus,2
P63272,SUPT4H1,nucleus,1
P29376-4,LTK,plasma_membrane,1
P14207,FOLR2,extracellular;plasma_membrane,2
Q8NDH6,ICA1L,vesicle,1
P57087,JAM2,cell junction;plasma_membrane,2
Q7Z6K1-2,THAP5,nucleus,1
Q9Y2H9,MAST1,cytoskeleton;plasma_membrane,2
Q9NYI0-2,PSD3,cell junction;plasma_membrane;synapse,3
Q8TC71-2,SPATA18,cytosol;mitochondrion,2
Q9C056,NKX6-2,nucleus,1
Q96LT4-2,SAMD8,cytosol;endoplasmic_reticulum;golgi;nucleus;plasma_membrane,5
Q15699,ALX1,golgi;nucleus,2
Q15389,ANGPT1,extracellular;plasma_membrane;vesicle,3
P10767,FGF6,extracellular,1
Q8IYA6-2,CKAP2L,cytoskeleton;cytosol,2
Q8NGL6,OR4A15,plasma_membrane,1
Q9HBK9,AS3MT,cytosol,1
Q9BSR8,YIPF4,endoplasmic_reticulum;golgi,2
A6NC98-4,CCDC88B,cytoskeleton;cytosol;endoplasmic_reticulum;golgi,4
O95995,GAS8,cytoskeleton;cytosol;golgi;plasma_membrane,4
Q9H832-2,UBE2Z,cytosol;nucleus,2
Q92754,TFAP2C,cytosol;nucleus,2
Q5TC79,ZBTB37,nucleus,1
P17927,CR1,cytoskeleton;extracellular;plasma_membrane;vesicle,4
O94911,ABCA8,endoplasmic_reticulum;plasma_membrane,2
O15173,PGRMC2,endoplasmic_reticulum;extracellular;nucleus,3
O60706-2,ABCC9,plasma_membrane,1
O95365,ZBTB7A,nucleus,1
O43861-2,ATP9B,endosome;golgi;plasma_membrane;vesicle,4
Q08AH3,ACSM2A,mitochondrion,1
Q01860-2,POU5F1,cytosol;mitochondrion;nucleus,3
Q9H237-2,PORCN,endoplasmic_reticulum;nucleus,2
P09496-2,CLTA,cell junction;cytoskeleton;cytosol;endosome;golgi;lysosome;plasma_membrane;synapse;vesicle,9
O75751,SLC22A3,mitochondrion;nucleus;plasma_membrane,3
Q9UQD0-2,SCN8A,cytoskeleton;plasma_membrane;vesicle,3
Q8WUM4,PDCD6IP,cell junction;cytoskeleton;cytosol;endoplasmic_reticulum;endosome;extracellular;plasma_membrane;synapse;vesicle,9
Q17R98-2,ZNF827,nucleus,1
Q9NQ86,TRIM36,cytoskeleton;cytosol;vesicle,3
Q49MG5,MAP9,cytoskeleton;plasma_membrane,2
Q5JVS0-2,HABP4,cytosol;extracellular;nucleolus;nucleus,4
Q15424,SAFB,nucleus,1
P02735,SAA2,extracellular;vesicle,2
O75526,RBMXL2,nucleus,1
Q9NQS1,AVEN,cytosol,1
P50402,EMD,cytoskeleton;cytosol;endoplasmic_reticulum;nucleus,4
O75151,PHF2,nucleolus;nucleus,2
Q9H8M1,COQ10B,mitochondrion,1
Q8WXX5,DNAJC9,cytosol;extracellular;nucleus;plasma_membrane,4
P15814,IGLL1,endoplasmic_reticulum;extracellular,2
O75352,MPDU1,endoplasmic_reticulum;mitochondrion;nucleus,3
O75363,BCAS1,extracellular;vesicle,2
Q9BXF3-2,CECR2,nucleus,1
Q6P6C2-2,ALKBH5,nucleus,1
Q9C005,DPY30,golgi;nucleus,2
Q96M32,AK7,cytosol;plasma_membrane,2
Q8IWE2,FAM114A1,cytosol;golgi;nucleus,3
O75531,BANF1,cytosol;nucleus,2
Q9UPY5,SLC7A11,lysosome;plasma_membrane,2
Q8NG77,OR2T12,plasma_membrane,1
Q32M78,ZNF699,nucleus,1
Q86V21,AACS,cytosol,1
Q9H853,TUBA4B,cytoskeleton,1
Q15560,TCEA2,cytoskeleton;nucleus,2
O75764,TCEA3,nucleus,1
P43365,MAGEA12,nucleus,1
Q13207,TBX2,nucleus,1
P07737,PFN1,cell junction;cytoskeleton;cytosol;extracellular;nucleus;vesicle,6
Q9UKU0-1,ACSL6,endoplasmic_reticulum;mitochondrion;nucleus;peroxisome;plasma_membrane,5
P16118,PFKFB1,cytosol,1
Q9UBD9,CLCF1,extracellular,1
Q9Y247,FAM50B,extracellular;nucleus,2
Q96J66-2,ABCC11,extracellular;plasma_membrane;vesicle,3
O43312-4,MTSS1,cytoskeleton;plasma_membrane;vesicle,3
P35228-2,NOS2,cytosol;nucleus;peroxisome;plasma_membrane,4
Q9UJG1-2,MOSPD1,endoplasmic_reticulum;golgi;nucleus,3
Q6P1R4,DUS1L,nucleus,1
Q9NRC8,SIRT7,nucleolus;nucleus,2
Q8N4H5,TOMM5,mitochondrion,1
Q6PL18,ATAD2,extracellular;nucleus;vesicle,3
Q9UGR2-2,ZC3H7B,nucleus,1
P21399,ACO1,cytosol;endoplasmic_reticulum;extracellular;golgi;mitochondrion;vesicle,6
P09417,QDPR,cytosol;extracellular;mitochondrion;vesicle,4
B5MCD3,HOXD12,nucleus,1
Q13410,BTN1A1,extracellular;plasma_membrane,2
P05413,FABP3,cytosol;extracellular;nucleus;vesicle,4
Q8WXF7,ATL1,endoplasmic_reticulum;golgi;nucleus;plasma_membrane,4
P08910,ABHD2,plasma_membrane,1
C9JPU3,TSPY10,nucleus,1
P12271,RLBP1,cytoskeleton;cytosol;nucleus,3
Q8NDD1-2,C1orf131,nucleolus;nucleus,2
Q9BVN2-2,RUSC1,cell junction;cytoskeleton;cytosol;endosome;golgi;nucleus;synapse;vesicle,8
Q6UWP2-2,DHRS11,extracellular,1
Q8N9L9,ACOT4,cytosol;peroxisome,2
Q8NHU3,SGMS2,endoplasmic_reticulum;golgi;nucleus;plasma_membrane,4
P32856-2,STX2,cell junction;extracellular;plasma_membrane;synapse,4
Q96H72-2,SLC39A13,endoplasmic_reticulum;golgi;nucleus;vesicle,4
P00790,PGA4,endosome;extracellular;vesicle,3
P49795,RGS19,cell junction;golgi;plasma_membrane,3
P28838-2,LAP3,cell junction;extracellular;mitochondrion;nucleus;vesicle,5
Q9UP38,FZD1,cell junction;plasma_membrane,2
P60174,TPI1,cytosol;extracellular;nucleus;vesicle,4
Q9BZI7-2,UPF3B,cytosol;nucleolus;nucleus,3
Q9UKY7,CDV3,cytosol;plasma_membrane,2
Q8N573-2,OXR1,mitochondrion;nucleus,2
Q9Y5K3-3,PCYT1B,endoplasmic_reticulum;nucleus,2
P18206-2,VCL,cell junction;cytoskeleton;cytosol;extracellular;plasma_membrane;vesicle,6
Q7L1I2,SV2B,cell junction;plasma_membrane;synapse;vesicle,4
Q9NVF9-2,ETNK2,cytosol,1
Q2TAC2-2,CCDC57,cytoskeleton,1
Q86SG6,NEK8,cytoskeleton;plasma_membrane,2
Q969P6,TOP1MT,mitochondrion;nucleus,2
O94811,TPPP,cell junction;cytoskeleton;cytosol;golgi;mitochondrion;nucleus;synapse,7
Q96I24-2,FUBP3,nucleus,1
Q96PB8,LRRC3B,plasma_membrane,1
P07478,PRSS2,extracellular;lysosome;vesicle,3
Q5SWH9,TMEM69,mitochondrion,1
Q8N2K1,UBE2J2,cytosol;endoplasmic_reticulum;nucleus,3
Q9BWU1-2,CDK19,cytosol;nucleus,2
Q8WV16-2,DCAF4,nucleus,1
P23508,MCC,cytosol;nucleus;plasma_membrane,3
Q9Y2T4-2,PPP2R2C,cytosol,1
Q7Z3C6,ATG9A,endoplasmic_reticulum;endosome;golgi;mitochondrion;nucleus;vesicle,6
Q8N0V3,RBFA,mitochondrion,1
Q86VS0,SLC9A6,endoplasmic_reticulum;endosome;nucleus;plasma_membrane;vesicle,5
Q8N5C6-2,SRBD1,nucleolus;nucleus,2
Q99933-3,BAG1,cytosol;nucleus,2
O95292-2,VAPB,endoplasmic_reticulum;golgi;nucleus;plasma_membrane,4
Q14004-2,CDK13,cytosol;extracellular;golgi;nucleus;vesicle,5
Q0VAN0,AKT2,cytosol;endosome;nucleus;plasma_membrane;vesicle,5
C9IYG0,CTDSP1,extracellular;nucleus;vesicle,3
Q9HCM4-2,EPB41L5,cell junction;cytoskeleton;cytosol;plasma_membrane,4
Q969R5,L3MBTL2,nucleus,1
Q96F92,TAZ,mitochondrion,1
P55327-2,TPD52,endoplasmic_reticulum,1
Q13263,TRIM28,nucleus,1
Q9BZ76-2,CNTNAP3,cell junction;extracellular;plasma_membrane;synapse,4
O95696-2,BRD1,nucleus,1
Q96PC3-4,AP1S3,cytosol;endosome;golgi;lysosome;plasma_membrane;vesicle,6
O95672,ECEL1,plasma_membrane,1
O15409-2,FOXP2,nucleus,1
P30466,HLA-B,endoplasmic_reticulum;endosome;extracellular;golgi;nucleus;plasma_membrane;vesicle,7
Q6PIL6,KCNIP4,cytosol;endoplasmic_reticulum;peroxisome;plasma_membrane,4
Q7Z398,ZNF550,nucleus,1
O95831-3,AIFM1,cytosol;mitochondrion;nucleus,3
Q08379-2,GOLGA2,cytoskeleton;er_golgi_intermediate;golgi;vesicle,4
Q9BQQ3,GORASP1,er_golgi_intermediate;golgi,2
Q96LB3,IFT74,cytoskeleton;golgi;plasma_membrane;vesicle,4
P42701-2,IL12RB1,plasma_membrane,1
A1L0T0-2,ILVBL,endoplasmic_reticulum;nucleus,2
Q13952-3,NFYC,nucleus,1
P40855,PEX19,cytosol;nucleus;peroxisome;plasma_membrane,4
Q13356-2,PPIL2,golgi;nucleus;plasma_membrane,3
Q96T51-2,RUFY1,cytosol;endosome;nucleus;vesicle,4
Q9P2F8,SIPA1L2,cell junction;synapse,2
P08621-2,SNRNP70,lysosome;nucleus,2
B3SXQ8,DPYSL3,cytosol;extracellular;plasma_membrane,3
Q86VH5,LRRTM3,cell junction;plasma_membrane;synapse,3
Q13426-2,XRCC4,cytosol;nucleus,2
Q8N6W0-2,CELF5,nucleus,1
O43521-3,BCL2L11,cytosol;mitochondrion,2
Q8TE68,EPS8L1,cytosol;extracellular;plasma_membrane;vesicle,4
Q9UQM7,CAMK2A,cell junction;cytosol;mitochondrion;nucleus;plasma_membrane;synapse;vesicle,7
Q13352-5,ITGB3BP,cytosol;nucleus,2
Q9NS73,MBIP,cytoskeleton;cytosol;nucleolus;nucleus,4
O75414,NME6,mitochondrion,1
Q9H307,PNN,cell junction;cytoskeleton;nucleus;plasma_membrane,4
Q9UBF6,RNF7,cytosol;nucleus,2
Q7Z2W4,ZC3HAV1,cytosol;endosome;lysosome;nucleus;vesicle,5
Q5T4B2,CERCAM,endoplasmic_reticulum;plasma_membrane,2
O00182,LGALS9,cytosol;extracellular;nucleus,3
B4DVV6,NDST2,golgi,1
Q14112,NID2,extracellular;plasma_membrane;vesicle,3
Q7Z494,NPHP3,cytosol;plasma_membrane,2
Q15572-6,TAF1C,nucleolus;nucleus,2
P37173,TGFBR2,cytosol;extracellular;plasma_membrane,3
Q8WV44-3,TRIM41,cytosol;nucleolus;nucleus,3
Q96JK2,DCAF5,nucleus,1
Q96EB1,ELP4,nucleus,1
P02774-2,GC,cytosol;extracellular;lysosome;vesicle,4
P10321,HLA-C,endoplasmic_reticulum;endosome;extracellular;golgi;nucleus;plasma_membrane;vesicle,7
Q14168-2,MPP2,cell junction;cytoskeleton;plasma_membrane;synapse,4
Q9UN70,PCDHGC3,plasma_membrane,1
O60678,PRMT3,cytosol;nucleus,2
Q9H5N1-2,RABEP2,cytoskeleton;cytosol;endosome;plasma_membrane;vesicle,5
Q9NZC7,WWOX,cytosol;golgi;lysosome;mitochondrion;nucleus,5
O95670,ATP6V1G2,cell junction;cytosol;synapse;vesicle,4
Q86XL3,ANKLE2,endoplasmic_reticulum;nucleus,2
Q96L93-2,KIF16B,cytoskeleton;endosome;vesicle,3
B9A025,LOXL3,extracellular;nucleus,2
Q9UNF1-2,MAGED2,cytosol;extracellular;nucleolus;nucleus;vesicle,5
Q0ZGT2,NEXN,cell junction;cytoskeleton;plasma_membrane,3
O15530-2,PDPK1,cell junction;cytosol;nucleus;plasma_membrane,4
Q6PJI9,WDR59,lysosome,1
Q8IWY8-4,ZSCAN29,nucleus,1
P49354-2,FNTA,cytosol,1
E7ERD3,HLA-DPB1,cell junction;endoplasmic_reticulum;endosome;golgi;lysosome;nucleus;plasma_membrane;vesicle,8
O00425-2,IGF2BP3,cytosol;nucleus,2
Q96CV9,OPTN,cytosol;endosome;golgi;nucleus;vesicle,5
Q9H0F6,SHARPIN,cell junction;cytosol;synapse,3
P49458-2,SRP9,cytosol;endoplasmic_reticulum;nucleus,3
Q6QEF8-3,CORO6,cytoskeleton;plasma_membrane,2
Q9UKB1-3,FBXW11,cytoskeleton;cytosol;nucleus;plasma_membrane,4
P17096,HMGA1,cell junction;cytosol;nucleus,3
Q9Y597,KCTD3,plasma_membrane,1
E9PG51,LPIN3,cytosol;endoplasmic_reticulum;nucleus,3
Q504X1,ARHGAP12,plasma_membrane,1
P48454-2,PPP3CC,cytosol;mitochondrion,2
Q96DR7-3,ARHGEF26,cytosol;plasma_membrane,2
Q02833,RASSF7,cytoskeleton,1
O75676,RPS6KA4,cytosol;nucleus,2
Q13951-2,CBFB,nucleus,1
Q8TED9,AFAP1L1,cytoskeleton;cytosol,2
Q9Y2U9,KLHDC2,nucleus,1
Q8N3R9,MPP5,cell junction;er_golgi_intermediate;extracellular;golgi;plasma_membrane;vesicle,6
Q7Z3B4,NUP54,nucleus,1
Q9UBU9-2,NXF1,cytosol;nucleus,2
P47736-2,RAP1GAP,cytosol;golgi;plasma_membrane,3
Q96B97-2,SH3KBP1,cell junction;cytoskeleton;cytosol;plasma_membrane;vesicle,5
Q9UNY5,ZNF232,cytosol;nucleus,2
C9JTM0,ADD2,cell junction;cytoskeleton;cytosol;plasma_membrane;synapse;vesicle,6
Q92989-2,CLP1,cytosol;nucleus,2
P20813,CYP2B6,endoplasmic_reticulum;nucleus,2
Q96HY6,DDRGK1,endoplasmic_reticulum;nucleolus;nucleus,3
Q13422-7,IKZF1,cytosol;nucleus,2
Q9HAF1-2,MEAF6,nucleolus;nucleus,2
Q8WV99,ZFAND2B,endoplasmic_reticulum;nucleus,2
Q5VWQ8-2,DAB2IP,cytosol;plasma_membrane;vesicle,3
Q3KR37-2,GRAMD1B,endoplasmic_reticulum;nucleus;plasma_membrane,3
Q8N7H5,PAF1,cell junction;nucleolus;nucleus,3
Q86TG7,PEG10,cytosol;extracellular;nucleus;vesicle,4
P52306-2,RAP1GDS1,cytosol;endoplasmic_reticulum;extracellular;mitochondrion;nucleus;vesicle,6
Q9Y692-2,GMEB1,nucleus,1
A6NI73-2,LILRA5,extracellular;plasma_membrane,2
Q9NZQ3-3,NCKIPSD,cytoskeleton;cytosol;nucleus,3
O60671,RAD1,nucleus,1
Q9UHB7,AFF4,nucleolus;nucleus,2
Q96EV8-2,DTNBP1,cell junction;cytoskeleton;cytosol;endoplasmic_reticulum;endosome;nucleus;plasma_membrane;synapse;vesicle,9
O94988,FAM13A,cytosol,1
Q13740-2,ALCAM,cell junction;extracellular;plasma_membrane;synapse;vesicle,5
Q96C12-2,ARMC5,cell junction;cytosol;nucleus,3
O43189-2,PHF1,cytoskeleton;nucleus,2
Q6P1K2-4,PMF1,cytoskeleton;cytosol;nucleus,3
Q8NA72,POC5,cytoskeleton;cytosol;nucleus;plasma_membrane,4
O60493,SNX3,cytosol;endosome;extracellular;vesicle,4
Q96FJ0,STAMBPL1,cytosol;endosome;vesicle,3
Q53T94,TAF1B,nucleolus;nucleus,2
P54274,TERF1,cytoskeleton;nucleolus;nucleus,3
Q6ZSS3,ZNF621,nucleus,1
Q9Y2G2-3,CARD8,cytosol;nucleus,2
B7ZBJ6,CAB39L,cytosol,1
Q9BSQ5-2,CCM2,mitochondrion,1
Q8TDX6-3,CSGALNACT1,golgi,1
Q96EP0-3,RNF31,cytosol;plasma_membrane,2
P53680-2,AP2S1,cytosol;endosome;lysosome;plasma_membrane;vesicle,5
Q9H5I1-3,SUV39H2,nucleus,1
Q8N103,TAGAP,cytosol,1
O14576-2,DYNC1I1,cytoskeleton;cytosol;endosome;nucleus;vesicle,5
B7Z3M9,AP1S2,cytosol;endosome;golgi;lysosome;plasma_membrane;vesicle,6
Q8WXA3-4,RUFY2,endosome;nucleus;vesicle,3
P17752-2,TPH1,cytosol;plasma_membrane,2
Q9UPV9-2,TRAK1,cytosol;endosome;mitochondrion;nucleus;plasma_membrane;vesicle,6
Q7Z6H8,UGT1A10,endoplasmic_reticulum;nucleus,2
Q14135,VGLL4,nucleus,1
Q96GC6,ZNF274,nucleolus;nucleus,2
Q8IX18,DHX40,nucleus,1
Q9NVK5-2,FGFR1OP2,cytosol,1
P22304,IDS,lysosome,1
Q9UH92-2,MLX,cytosol;nucleus,2
O43660-2,PLRG1,nucleolus;nucleus,2
Q8WWY3-2,PRPF31,nucleus,1
Q07955,SRSF1,cytosol;nucleus,2
Q9BU64,CENPO,cytosol;nucleus,2
P38117-2,ETFB,mitochondrion,1
O94953,KDM4B,cytosol;nucleus,2
O95352-2,ATG7,cytoskeleton;cytosol;extracellular;plasma_membrane;vesicle,5
Q8WUA7-2,TBC1D22A,golgi,1
O60784-3,TOM1,cytosol;endosome;extracellular;lysosome;plasma_membrane;vesicle,6
P02545,LMNA,cytoskeleton;cytosol;nucleus,3
Q07820,MCL1,cytosol;mitochondrion;nucleus,3
Q8N2I9-3,STK40,cytosol;nucleus,2
A2RRF2,SYTL5,plasma_membrane;vesicle,2
Q8IWU9,TPH2,cytosol;plasma_membrane,2
O95922-4,TTLL1,cytoskeleton;plasma_membrane,2
P30305-2,CDC25B,cytoskeleton;cytosol;nucleus,3
Q99966-2,CITED1,cytosol;nucleus,2
O75190-3,DNAJB6,cytosol;nucleus,2
O95644-6,NFATC1,cytosol;nucleus,2
P35080,PFN2,cytoskeleton;extracellular;vesicle,3
Q9GZP4,PITHD1,nucleus,1
P43686-2,PSMC4,cell junction;cytosol;nucleus;synapse;vesicle,5
Q16587,ZNF74,nucleus,1
A2ABE1,CCHCR1,cytoskeleton;cytosol;nucleus,3
Q4G176,ACSF3,mitochondrion;nucleus,2
Q8N754,DMD,cell junction;cytoskeleton;cytosol;nucleus;plasma_membrane;synapse,6
Q7Z6V5-2,ADAT2,nucleus,1
Q9Y227,ENTPD4,golgi;lysosome;vesicle,3
Q9P0W2-2,HMG20B,nucleus,1
P48059,LIMS1,cell junction;cytosol;plasma_membrane,3
O15511,ARPC5,cell junction;cytoskeleton;cytosol;extracellular;nucleus;vesicle,6
Q9NVU0,POLR3E,cytosol;nucleus,2
Q9UBW5-2,BIN2,cytoskeleton;extracellular;plasma_membrane;vesicle,4
P81877,SSBP2,nucleus,1
Q9BR01-2,SULT4A1,cytosol,1
Q5VIR6-2,VPS53,endosome;golgi;vesicle,3
Q9Y4P8-4,WIPI2,cytosol;nucleus,2
Q96HZ4-2,HES6,nucleus,1
Q70UQ0-4,IKBIP,endoplasmic_reticulum;nucleus,2
Q14188-4,TFDP2,nucleus,1
Q9HAW7,UGT1A7,endoplasmic_reticulum;nucleus,2
Q8NF99-2,ZNF397,nucleus,1
O00423,EML1,cytoskeleton;cytosol,2
P49662,CASP4,cytosol;endoplasmic_reticulum;extracellular;mitochondrion;nucleus;plasma_membrane,6
Q5VV42-2,CDKAL1,endoplasmic_reticulum;nucleus,2
Q49AN0-2,CRY2,cytosol;extracellular;nucleus,3
Q9BQ52,ELAC2,cytosol;mitochondrion;nucleus,3
Q99501,GAS2L1,cytoskeleton,1
P01920,HLA-DQB1,endoplasmic_reticulum;endosome;golgi;lysosome;nucleus;plasma_membrane;vesicle,7
Q8NI38-2,NFKBID,nucleus,1
Q9BRV8-2,SIKE1,cytosol,1
Q8IYR6-2,TMEFF1,plasma_membrane,1
Q86VM9,ZC3H18,nucleus,1
P16157-17,ANK1,cytoskeleton;cytosol;endoplasmic_reticulum;plasma_membrane,4
Q9NSC5-2,HOMER3,cell junction;cytosol;plasma_membrane;synapse,4
Q15653,NFKBIB,cytosol;nucleus,2
Q13133-2,NR1H3,cytosol;nucleus,2
Q6NWY9,PRPF40B,nucleus,1
P23469-2,PTPRE,nucleus;plasma_membrane,2
Q9NPQ8-3,RIC8A,plasma_membrane,1
Q9Y343,SNX24,vesicle,1
Q709A8,TFEB,cytosol;lysosome;nucleus,3
Q9BZV1,UBXN6,cytoskeleton;cytosol;endosome;extracellular;lysosome;nucleus;vesicle,7
Q9BZB8-2,CPEB1,cell junction;cytosol;nucleus;plasma_membrane;synapse,5
Q9GZV4,EIF5A2,cytosol;endoplasmic_reticulum;nucleus,3
Q9Y5L3-2,ENTPD2,endoplasmic_reticulum;extracellular;nucleus;plasma_membrane;vesicle,5
Q3SXY8,ARL13B,cytoskeleton;cytosol;extracellular;plasma_membrane,4
P08949-2,NMB,extracellular;plasma_membrane,2
Q9BSM1,PCGF1,nucleus,1
Q96BW1,UPRT,nucleus,1
Q9UIR0-2,BTNL2,plasma_membrane,1
F5GXD1,AKAP7,cytosol;nucleus;plasma_membrane,3
Q8NHJ6,LILRB4,extracellular;plasma_membrane;vesicle,3
Q14994,NR1I3,cytoskeleton;nucleus,2
Q96D71-3,REPS1,cytosol;plasma_membrane,2
O75916-2,RGS9,plasma_membrane,1
Q8N0U7-3,C1orf87,cytoskeleton;plasma_membrane,2
P48729-2,CSNK1A1,cytoskeleton;cytosol;nucleus;plasma_membrane,4
A7E2Y1-2,MYH7B,cytoskeleton,1
Q9Y6Q5,AP1M2,cytosol;golgi;lysosome;vesicle,4
Q86VQ2,WASF3,cytoskeleton;extracellular;plasma_membrane;vesicle,4
Q9BQL6-2,FERMT1,cell junction;cytoskeleton;cytosol;plasma_membrane,4
Q9Y450,HBS1L,cytosol;extracellular;vesicle,3
Q9UKT9,IKZF3,cytosol;nucleus,2
P78537-2,BLOC1S1,cytosol;extracellular;lysosome;mitochondrion,4
A6H8L7,STIM2,endoplasmic_reticulum;nucleus;plasma_membrane,3
Q8NFX7,STXBP6,cell junction,1
Q9H4G0-2,EPB41L1,cytoskeleton;cytosol;plasma_membrane,3
O95990,FAM107A,cell junction;cytoskeleton;nucleus;plasma_membrane;synapse,5
A0JLT2-2,MED19,nucleus,1
Q9Y6F6-4,MRVI1,endoplasmic_reticulum;nucleus,2
Q8NCB2,CAMKV,cell junction;plasma_membrane;synapse;vesicle,4
Q3SY79,WNT3A,cell junction;endoplasmic_reticulum;endosome;extracellular;golgi;plasma_membrane;synapse;vesicle,8
P04217,A1BG,extracellular;plasma_membrane;vesicle,3
O43390-2,HNRNPR,nucleus,1
Q9UPZ3-2,HPS5,cytosol;endosome;vesicle,3
Q8TD08-3,MAPK15,cell junction;cytoskeleton;extracellular;golgi;nucleus;plasma_membrane;vesicle,7
Q6JBY9,RCSD1,cytoskeleton;endosome;vesicle,3
O60293,ZFC3H1,extracellular;nucleus,2
B3KNQ0,CCDC92,cytoskeleton;nucleus,2
P53396,ACLY,cytosol;extracellular;lysosome;nucleus;vesicle,5
A1L390,PLEKHG3,cytoskeleton;cytosol,2
O75150-3,RNF40,nucleus,1
Q96IK1-2,BOD1,cytoskeleton;nucleus,2
O95835-2,LATS1,cytoskeleton;cytosol;nucleus,3
Q7Z3D4-2,LYSMD3,golgi;plasma_membrane,2
O60880-4,SH2D1A,cytosol,1
Q8IWT0-2,ZBTB8OS,nucleus,1
Q6ZVE7,GOLT1A,endoplasmic_reticulum;golgi;nucleus,3
Q6ULP2-4,AFTPH,cytosol;golgi;nucleus;vesicle,4
P55073,DIO3,endosome;plasma_membrane;vesicle,3
Q86VG3-2,C11orf74,cytosol;plasma_membrane,2
P04054,PLA2G1B,extracellular;plasma_membrane,2
F5H0K7,ROBO3,plasma_membrane,1
O15432,SLC31A2,endosome;lysosome;plasma_membrane;vesicle,4
Q9H112,CST11,extracellular;nucleus;plasma_membrane,3
P58335-4,ANTXR2,endoplasmic_reticulum;endosome;extracellular;nucleus;plasma_membrane;vesicle,6
Q9P218-2,COL20A1,endoplasmic_reticulum;extracellular,2
P59103,DAOA,cytosol;golgi;mitochondrion,3
P07998,RNASE1,extracellular;vesicle,2
Q9H633,RPP21,nucleolus;nucleus,2
Q6ZT89-2,SLC25A48,mitochondrion,1
Q96K76,USP47,cytosol;nucleus,2
Q5BVD1,C3orf52,endoplasmic_reticulum;plasma_membrane,2
E7ETC6,PDPN,cell junction;cytosol;plasma_membrane;vesicle,4
Q9H2H8-2,PPIL3,nucleus,1
Q9HD47,RANGRF,cell junction;cytosol;endoplasmic_reticulum;nucleus;plasma_membrane,5
P20963,CD247,plasma_membrane,1
Q3MIX3,ADCK5,mitochondrion,1
Q9Y6W8-2,ICOS,extracellular;plasma_membrane,2
Q7Z2E3-10,APTX,nucleolus;nucleus,2
Q8WWG9,KCNE4,plasma_membrane,1
Q9GZZ1-2,NAA50,cytosol;extracellular;nucleolus;nucleus;vesicle,5
Q9NQW5-2,PRDM7,nucleus,1
Q9HBH0,RHOF,cytoskeleton;cytosol;extracellular;plasma_membrane;vesicle,5
Q99643,SDHC,mitochondrion,1
Q13061,TRDN,endoplasmic_reticulum;nucleus;plasma_membrane,3
Q8WXK3-2,ASB13,cytosol,1
Q6ZN96,FMNL2,cytosol,1
Q5VU43-3,PDE4DIP,cytoskeleton;golgi;nucleus,3
Q6UW15,REG3G,extracellular,1
Q9NUV7-2,SPTLC3,endoplasmic_reticulum;nucleus,2
Q3KNT9-2,TMEM95,vesicle,1
O43557,TNFSF14,extracellular;plasma_membrane,2
Q8NEZ2,VPS37A,cytoskeleton;cytosol;endosome;nucleus;vesicle,5
Q6P4E1-2,CASC4,golgi,1
Q9Y3Q7-2,ADAM18,plasma_membrane,1
Q9H1M3,DEFB129,extracellular,1
Q9NYG8-2,KCNK4,plasma_membrane,1
Q9Y221-2,NIP7,nucleolus;nucleus,2
Q8NBN3,TMEM87A,golgi;plasma_membrane,2
Q9H0F7,ARL6,cytoskeleton;extracellular;plasma_membrane;vesicle,4
P09693,CD3G,cytosol;plasma_membrane;vesicle,3
Q96MA1,DMRTB1,nucleus,1
Q6P2J4,LY9,plasma_membrane,1
Q96D59,RNF183,endoplasmic_reticulum;golgi;lysosome;nucleus,4
Q99909,SSX3,nucleus,1
Q9BV97,ZNF747,nucleus,1
Q9UHK6-2,AMACR,cytosol;mitochondrion;peroxisome;plasma_membrane,4
Q96FZ7,CHMP6,cytoskeleton;cytosol;endosome;extracellular;lysosome;nucleus;plasma_membrane;vesicle,8
Q96LA5-5,FCRL2,plasma_membrane,1
Q659C4-9,LARP1B,cytosol;nucleus,2
O14931-2,NCR3,plasma_membrane,1
F5GY43,SALL2,nucleus,1
P11686,SFTPC,endoplasmic_reticulum;endosome;extracellular;nucleus;vesicle,5
Q96F44-2,TRIM11,cytosol;nucleus,2
Q99075,HBEGF,extracellular;plasma_membrane;vesicle,3
Q9BUU2-2,METTL22,nucleolus;nucleus,2
O60682,MSC,nucleus,1
Q9BW11-2,MXD3,nucleus,1
Q12972-2,PPP1R8,nucleus,1
Q14761,PTPRCAP,plasma_membrane,1
Q7L8A9-2,VASH1,cytosol;endoplasmic_reticulum;extracellular,3
Q5T5D7,ZNF684,nucleus,1
P20827,EFNA1,cell junction;extracellular;plasma_membrane,3
O95750,FGF19,extracellular,1
P33947-2,KDELR2,endoplasmic_reticulum;golgi;nucleus;vesicle,4
Q96G91,P2RY11,plasma_membrane,1
Q9UKL6,PCTP,cytosol,1
P30044-2,PRDX5,cytosol;extracellular;mitochondrion;nucleus;peroxisome;vesicle,6
Q9Y6I8,PXMP4,cytosol;peroxisome,2
Q93062-2,RBPMS,cytosol;nucleus,2
O76081-2,RGS20,golgi;nucleus;plasma_membrane,3
C9J721,ROPN1,nucleus;plasma_membrane,2
P05408,SCG5,extracellular;vesicle,2
Q86TU7-2,SETD3,nucleus,1
Q96L92-2,SNX27,cell junction;cytosol;endosome;plasma_membrane;synapse;vesicle,6
Q9ULY5,CLEC4E,plasma_membrane;vesicle,2
Q8IYL9,GPR65,endosome;plasma_membrane;vesicle,3
Q9Y5U4,INSIG2,endoplasmic_reticulum;nucleus,2
Q8NI32-2,LYPD6B,extracellular;plasma_membrane,2
P82673,MRPS35,mitochondrion,1
P51157-2,RAB28,cytoskeleton;nucleus;plasma_membrane,3
O75648-3,TRMU,mitochondrion,1
Q6XD76,ASCL4,nucleus,1
Q8TE69,CXorf40A,mitochondrion,1
Q13465,MECOM,cytosol;nucleus,2
Q8TDP1,RNASEH2C,nucleus,1
Q9NRW4,DUSP22,cytosol;plasma_membrane,2
Q6P4D5,FAM122C,nucleus,1
Q5T9C9-2,PIP5KL1,cytosol;plasma_membrane,2
Q86W54-2,SPATA24,cytosol;nucleolus;nucleus,3
Q16613,AANAT,cytosol,1
Q9UQN3,CHMP2B,cytoskeleton;cytosol;endosome;extracellular;lysosome;nucleus;plasma_membrane;vesicle,8
Q8TAL6,FIBIN,endoplasmic_reticulum;extracellular;golgi,3
P16234-2,PDGFRA,cell junction;endoplasmic_reticulum;golgi;nucleus;plasma_membrane,5
O14925,TIMM23,mitochondrion,1
P19440,GGT1,cytosol;extracellular;plasma_membrane;vesicle,4
Q9BXS6-2,NUSAP1,cytoskeleton;nucleolus;nucleus,3
Q08499-6,PDE4D,cytoskeleton;cytosol;plasma_membrane,3
Q99946-2,PRRT1,cell junction;plasma_membrane;synapse,3
Q99720-2,SIGMAR1,cell junction;cytosol;endoplasmic_reticulum;nucleus;plasma_membrane;synapse;vesicle,7
Q96BK0,SLC26A1,plasma_membrane,1
O94983-4,CAMTA2,nucleus,1
Q9BSN7,TMEM204,cell junction;plasma_membrane,2
Q9GZX9,TWSG1,cytoskeleton;cytosol;extracellular,3
P0CG37,CFC1,extracellular;plasma_membrane,2
Q9UIJ7,AK3,mitochondrion,1
O75015,FCGR3B,extracellular;plasma_membrane;vesicle,3
Q9NQX7-2,ITM2C,extracellular;golgi;lysosome;plasma_membrane;vesicle,5
P16083,NQO2,cytosol;extracellular;nucleus;vesicle,4
Q9UKJ0,PILRB,plasma_membrane,1
Q9BWG6-2,SCNM1,nucleus,1
Q9UJ68,MSRA,cytoskeleton;cytosol;extracellular;mitochondrion;nucleus;plasma_membrane;vesicle,7
Q9UBM1-2,PEMT,cytosol;endoplasmic_reticulum;mitochondrion;nucleus,4
Q6NSX1,CCDC70,plasma_membrane,1
Q8IVM8-2,SLC22A9,plasma_membrane,1
O60248,SOX15,nucleus,1
Q96CF2,CHMP4C,cytoskeleton;cytosol;endosome;lysosome;nucleus;plasma_membrane;vesicle,7
Q8NES3-2,LFNG,extracellular;golgi;vesicle,3
Q9UHJ9-2,PGAP2,endoplasmic_reticulum;golgi;nucleus,3
Q9BZG1-2,RAB34,cytoskeleton;extracellular;golgi;nucleolus;nucleus;plasma_membrane;vesicle,7
Q16775-2,HAGH,cytosol;mitochondrion,2
Q8TDN1-2,KCNG4,nucleus;plasma_membrane,2
Q9NPI7,KRCC1,nucleus,1
O60762,DPM1,endoplasmic_reticulum;nucleus,2
Q8TCZ2,CD99L2,cell junction;extracellular;plasma_membrane,3
Q9BWP8-2,COLEC11,extracellular;plasma_membrane,2
Q8IWV1-2,LAX1,cytosol;golgi;plasma_membrane,3
Q96E11-2,MRRF,mitochondrion,1
Q9H2K0,MTIF3,mitochondrion,1
Q96CX3-2,ZNF501,nucleolus;nucleus,2
Q8IXH8-5,CDH26,cell junction;plasma_membrane,2
Q9UKY0,PRND,extracellular;plasma_membrane,2
O14933,UBE2L6,cytosol;nucleus,2
O95789-1,ZMYM6,nucleus,1
P02741-2,CRP,extracellular,1
Q9Y2C4-3,EXOG,mitochondrion;nucleus,2
Q969J5-2,IL22RA2,extracellular;plasma_membrane,2
O43731,KDELR3,endoplasmic_reticulum;golgi;nucleus;vesicle,4
P79522,PRR3,nucleus,1
P59190-2,RAB15,endosome;extracellular;plasma_membrane;vesicle,4
Q5VX52-2,SPATA1,vesicle,1
O95473,SYNGR4,cell junction;synapse;vesicle,3
Q86XR7,TICAM2,cytosol;endoplasmic_reticulum;endosome;golgi;plasma_membrane;vesicle,6
O14798,TNFRSF10C,plasma_membrane,1
O60308-2,CEP104,cytoskeleton;plasma_membrane,2
P26436-10,ACRV1,vesicle,1
Q96BI3,APH1A,endoplasmic_reticulum;endosome;golgi;nucleus;plasma_membrane;vesicle,6
Q9NXJ0,MS4A12,plasma_membrane,1
P55064,AQP5,extracellular;plasma_membrane;vesicle,3
Q8TCT1-2,PHOSPHO1,cytosol;extracellular;vesicle,3
Q2MKA7-2,RSPO1,extracellular;nucleus,2
Q96SJ8,TSPAN18,plasma_membrane,1
Q6EMB2-3,TTLL5,cytoskeleton;cytosol;nucleus;plasma_membrane,4
Q8N966,ZDHHC22,endoplasmic_reticulum;golgi;nucleus;plasma_membrane,4
Q9H0W9-2,C11orf54,extracellular;nucleus;vesicle,3
Q9BU76-4,C1orf35,extracellular;vesicle,2
P41217-2,CD200,plasma_membrane,1
A2RU54,HMX2,nucleus,1
Q9BWR0,ICAM4,extracellular;plasma_membrane,2
Q9UIX4-2,KCNG1,plasma_membrane,1
Q13243,SRSF5,cytosol;nucleolus;nucleus,3
P02708-2,CHRNA1,cell junction;plasma_membrane;synapse,3
Q9HB03,ELOVL3,endoplasmic_reticulum;nucleus,2
Q8TDX5-2,ACMSD,cytosol,1
Q8IZL9-3,CDK20,nucleus;plasma_membrane,2
Q8NC01,CLEC1A,plasma_membrane,1
Q9BW60,ELOVL1,endoplasmic_reticulum;nucleus,2
Q7L5A8,FA2H,endoplasmic_reticulum;nucleus,2
O00219,HAS3,endosome;extracellular;golgi;plasma_membrane;vesicle,5
P29218,IMPA1,cytosol,1
Q8N2R0-2,OSR2,nucleus,1
Q9Y272,RASD1,nucleus;plasma_membrane,2
A0PK05,TMEM72,endosome;nucleus;plasma_membrane;vesicle,4
Q6ZMH6,C1QTNF1,extracellular;plasma_membrane,2
P62955,CACNG7,cell junction;plasma_membrane;synapse,3
Q6GTX8,LAIR1,plasma_membrane;vesicle,2
P07307-2,ASGR2,endoplasmic_reticulum;plasma_membrane,2
Q99963-2,SH3GL3,cell junction;cytosol;endosome;synapse;vesicle,5
Q5VX71-2,SUSD4,extracellular,1
Q9NX07-2,TRNAU1AP,nucleus,1
Q8WVZ1,ZDHHC19,endoplasmic_reticulum;golgi;nucleus;plasma_membrane,4
Q86UY5-2,FAM83A,mitochondrion,1
Q9UPZ9-2,ICK,cytoskeleton;cytosol;nucleolus;nucleus;plasma_membrane,5
P47804-2,RGR,plasma_membrane,1
Q9P0N9,TBC1D7,cytoskeleton;cytosol;lysosome;plasma_membrane;vesicle,5
Q7L4S7,ARMCX6,cytosol;mitochondrion,2
Q9HC38-2,GLOD4,extracellular;mitochondrion;vesicle,3
Q9UBX3-2,SLC25A10,mitochondrion;nucleus,2
O95407,TNFRSF6B,extracellular,1
Q99674,CGREF1,extracellular,1
Q8N5C7-2,DTWD1,nucleus,1
Q14153-2,FAM53B,nucleus,1
Q9UF56,FBXL17,nucleus,1
Q96A73,KIAA1191,mitochondrion,1
Q9UH77,KLHL3,cytoskeleton;cytosol,2
Q96C84,ZNF215,nucleus,1
P55210,CASP7,cytosol;extracellular;nucleus,3
Q13572-2,ITPK1,cytosol,1
O00214-2,LGALS8,cytosol;extracellular;vesicle,3
Q6IBG9,MGLL,cytosol;endoplasmic_reticulum;nucleus;plasma_membrane,4
O14581,OR7A17,plasma_membrane,1
O43765,SGTA,cytosol;nucleus,2
Q8NBJ7,SUMF2,endoplasmic_reticulum,1
Q9BRF8,CPPED1,cytosol;extracellular;lysosome;plasma_membrane;vesicle,5
Q9BWQ8,FAIM2,cell junction;endoplasmic_reticulum;golgi;plasma_membrane;synapse,5
Q6J272,FAM166A,cytoskeleton;nucleus;plasma_membrane,3
P29275,ADORA2B,plasma_membrane,1
Q8TDV5,GPR119,plasma_membrane,1
O14626,GPR171,plasma_membrane,1
Q8TDD5,MCOLN3,endosome;lysosome;plasma_membrane;vesicle,4
Q8WWZ8-2,OIT3,extracellular;nucleus;plasma_membrane,3
O95045,UPP2,cytoskeleton;cytosol,2
Q8NI08-6,NCOA7,nucleus,1
F5H6W0,NLGN4Y,cell junction;er_golgi_intermediate;plasma_membrane;synapse,4
P49903,SEPHS1,nucleus;plasma_membrane,2
P33316-2,DUT,extracellular;mitochondrion;nucleus;vesicle,4
Q5VWK5-2,IL23R,plasma_membrane,1
Q9NVS2,MRPS18A,mitochondrion,1
Q5M7Z0-2,RNFT1,endoplasmic_reticulum;nucleus,2
Q12981,BNIP1,endoplasmic_reticulum;mitochondrion;nucleus,3
Q9UKR8,TSPAN16,plasma_membrane,1
Q9UJ78-2,ZMYM5,nucleus,1
E7ER80,AP3M2,endosome;golgi;vesicle,3
P01911,HLA-DRB1,cytoskeleton;endoplasmic_reticulum;endosome;extracellular;golgi;lysosome;nucleus;plasma_membrane;synapse;vesicle,10
Q8IVW6-3,ARID3B,nucleus,1
Q8NBN7,RDH13,mitochondrion,1
Q6SA08-2,TSSK4,vesicle,1
Q3SYC2-3,MOGAT2,endoplasmic_reticulum;nucleus,2
Q13268-2,DHRS2,mitochondrion;nucleus,2
Q6ZS86-2,GK5,mitochondrion,1
P20807-4,CAPN3,cytosol;nucleolus;nucleus;plasma_membrane,4
P59543,TAS2R20,plasma_membrane,1
Q86YW5,TREML1,cytosol;plasma_membrane;vesicle,3
Q86Y22-2,COL23A1,endoplasmic_reticulum;extracellular;plasma_membrane,3
Q96LA9,MRGPRX4,plasma_membrane,1
B3KPE7,BCL2L13,mitochondrion;nucleus,2
P30542,ADORA1,cell junction;plasma_membrane;synapse,3
Q6UX07-2,DHRS13,extracellular,1
Q8NEG4-2,FAM83F,plasma_membrane,1
Q9NUV9,GIMAP4,cytosol,1
Q8TDU6,GPBAR1,plasma_membrane,1
Q9BVC4-4,MLST8,cytosol;lysosome;nucleus,3
Q9NRQ2,PLSCR4,nucleus;plasma_membrane,2
Q8WZ73-2,RFFL,cytosol;endosome;nucleus;plasma_membrane;vesicle,5
Q96FV3-4,TSPAN17,plasma_membrane,1
Q7KYR7-1,BTN2A1,plasma_membrane,1
P0C862,C1QTNF9,extracellular,1
Q6NVY1,HIBCH,mitochondrion,1
O00180,KCNK1,cell junction;endosome;plasma_membrane;synapse;vesicle,5
Q96DT0-5,LGALS12,nucleus,1
Q03405-3,PLAUR,cell junction;endoplasmic_reticulum;extracellular;nucleus;plasma_membrane;vesicle,6
Q96PU8,QKI,cytosol;nucleus,2
Q8TE77-3,SSH3,cytoskeleton;nucleus,2
D2IYK5,TCF19,nucleus,1
Q07352,ZFP36L1,cytosol;nucleus,2
Q6NT09,B4GALT6,golgi,1
Q8NFG4-2,FLCN,cytoskeleton;cytosol;lysosome;nucleus;plasma_membrane,5
P21695,GPD1,cytosol;extracellular;vesicle,3
Q9BW91,NUDT9,cell junction;cytosol;extracellular;mitochondrion;nucleus;vesicle,6
B4E1E6,PTPN18,cytosol;nucleus,2
Q9NR45,NANS,cytosol;extracellular;nucleus;vesicle,4
Q13702-2,RAPSN,cell junction;cytoskeleton;cytosol;plasma_membrane;synapse,5
P09544,WNT2,extracellular,1
P51677,CCR3,plasma_membrane,1
Q9Y5Y3,GPR45,plasma_membrane,1
Q9NYM4,GPR83,plasma_membrane,1
O00410-2,IPO5,cytosol;nucleolus;nucleus,3
Q9HAQ2-2,KIF9,cytoskeleton;plasma_membrane;vesicle,3
Q7Z3K3-4,POGZ,cytosol;nucleus,2
P17405-2,SMPD1,endosome;extracellular;lysosome;plasma_membrane;vesicle,5
Q13491-3,GPM6B,plasma_membrane,1
Q8TDQ0,HAVCR2,cell junction;nucleus;plasma_membrane,3
Q0VAA5,PLCXD2,nucleus,1
P85299-2,PRR5,cytosol,1
Q96PM5-2,RCHY1,cytosol;nucleus,2
Q9BXI2,SLC25A2,mitochondrion,1
Q9NUM3-2,SLC39A9,golgi;mitochondrion;nucleus;plasma_membrane,4
Q96FL8-2,SLC47A1,plasma_membrane,1
Q9NYW2,TAS2R8,plasma_membrane,1
Q6P2H8,TMEM53,nucleus,1
Q86V25-5,VASH2,cytoskeleton;cytosol;extracellular,3
Q9BPW9-3,DHRS9,endoplasmic_reticulum;nucleus,2
Q86VF5-3,MOGAT3,endoplasmic_reticulum;nucleus,2
Q9P121-2,NTM,cell junction;extracellular;plasma_membrane;synapse,4
P47881,OR3A1,plasma_membrane,1
Q15319,POU4F3,nucleus,1
P25105,PTAFR,plasma_membrane;vesicle,2
Q6P4A7,SFXN4,mitochondrion,1
Q13291-3,SLAMF1,extracellular;plasma_membrane;vesicle,3
Q96DU3-2,SLAMF6,extracellular;plasma_membrane;vesicle,3
Q9NYV8,TAS2R14,plasma_membrane,1
Q9BXJ8,TMEM120A,endoplasmic_reticulum;nucleus;plasma_membrane,3
Q8WZ55,BSND,plasma_membrane,1
Q8TB03,CXorf38,mitochondrion,1
O95274,LYPD3,extracellular;plasma_membrane,2
Q6U736,OPN5,plasma_membrane,1
Q14973,SLC10A1,plasma_membrane,1
Q12908,SLC10A2,plasma_membrane,1
A4FUP2,TEAD1,nucleus,1
Q9NZR1,TMOD2,cytoskeleton,1
Q5GH73-2,XKR6,plasma_membrane,1
Q9Y5R6,DMRT1,nucleus,1
Q8NA54-2,IQUB,cytoskeleton;plasma_membrane;vesicle,3
Q99712,KCNJ15,plasma_membrane,1
Q6IST4,KIR2DL1,plasma_membrane,1
P35410,MAS1L,cytosol;nucleus;plasma_membrane,3
Q9BV79-2,MECR,mitochondrion;nucleus,2
Q16621,NFE2,nucleus,1
Q6W5P4-4,NPSR1,plasma_membrane,1
Q92186,ST8SIA2,extracellular;golgi;plasma_membrane,3
Q9NVH6,TMLHE,mitochondrion,1
O96024,B3GALT4,golgi,1
Q15629,TRAM1,endoplasmic_reticulum;nucleus,2
Q969W1-3,ZDHHC16,endoplasmic_reticulum;golgi;nucleus,3
Q9BYG0,B3GNT5,golgi,1
O75952-3,CABYR,cytoskeleton;cytosol;nucleus;plasma_membrane,4
Q96ER9,CCDC51,mitochondrion;nucleus,2
Q9NVF9,ETNK2,cytosol,1
Q29983,MICA,extracellular;plasma_membrane,2
Q9UGC7,MTRF1L,mitochondrion,1
Q8IUR7-2,ARMC8,cytosol;extracellular;nucleus;vesicle,4
P54219,SLC18A1,cell junction;endoplasmic_reticulum;nucleus;plasma_membrane;synapse;vesicle,6
Q96PD7-2,DGAT2,endoplasmic_reticulum;nucleus,2
Q96FG2-6,ELMOD3,cytoskeleton;golgi;plasma_membrane,3
Q9NXL9-2,MCM9,nucleus,1
P14598,NCF1,cytosol;lysosome;plasma_membrane;vesicle,4
Q9UNH6-3,SNX7,endosome;vesicle,2
P30872,SSTR1,plasma_membrane,1
Q9UNP4-2,ST3GAL5,golgi,1
Q8N0S6-2,CENPL,cytosol;nucleus,2
O14639-4,ABLIM1,cytoskeleton;plasma_membrane,2
Q06430,GCNT2,golgi,1
P09086-3,POU2F2,nucleus,1
Q8WVQ1,CANT1,endoplasmic_reticulum;extracellular;golgi;nucleus;plasma_membrane;vesicle,6
Q8IWX5,SGPP2,endoplasmic_reticulum;nucleus,2
Q9NR46,SH3GLB2,cytosol;nucleus,2
Q9H1N7,SLC35B3,endoplasmic_reticulum;golgi;nucleus,3
Q9NYA1-2,SPHK1,cell junction;cytosol;endosome;nucleus;plasma_membrane;synapse;vesicle,7
O00300,TNFRSF11B,extracellular;plasma_membrane,2
P34981,TRHR,plasma_membrane,1
P14902,IDO1,cytosol,1
Q9NQW6-2,ANLN,cytoskeleton;cytosol;nucleus;plasma_membrane,4
P00797,REN,extracellular;plasma_membrane,2
A8MX64,TPTE2,cytosol;endoplasmic_reticulum;golgi;nucleus,4
Q9GZZ9,UBA5,cytosol;endoplasmic_reticulum;golgi;nucleus,4
Q5VV41-2,ARHGEF16,cytosol,1
D3YTB6,PSG1,extracellular,1
Q6ZMB5,TMEM184A,endosome;plasma_membrane;vesicle,3
O75129-4,ASTN2,endosome;vesicle,2
P28799-2,GRN,endoplasmic_reticulum;endosome;extracellular;golgi;lysosome;plasma_membrane;vesicle,7
Q96JY0,MAEL,nucleus,1
Q53H76-3,PLA1A,extracellular,1
Q8N9B8-2,RASGEF1A,cytosol;plasma_membrane,2
O75122-2,CLASP2,cell junction;cytoskeleton;cytosol;golgi;nucleus;plasma_membrane;synapse,7
P54792-2,DVL1,cell junction;cytosol;plasma_membrane;synapse;vesicle,5
Q96A84-3,EMID1,endoplasmic_reticulum,1
Q9NP73-2,ALG13,endoplasmic_reticulum;nucleus,2
Q9NXR8-2,ING3,nucleus,1
F6QF33,KIR3DL1,plasma_membrane,1
Q96SA4,SERINC2,extracellular;plasma_membrane;vesicle,3
Q8WVE7-2,TMEM170A,endoplasmic_reticulum;nucleus,2
O94911-2,ABCA8,endoplasmic_reticulum;plasma_membrane,2
P11766,ADH5,cytosol;extracellular;vesicle,3
A5X5Y0-2,HTR3E,cell junction;plasma_membrane;synapse,3
Q8N159,NAGS,mitochondrion,1
Q8IVB3,SLC2A5,extracellular;plasma_membrane;vesicle,3
O43711,TLX3,nucleus,1
P05156,CFI,extracellular;vesicle,2
Q495Y1,CYP3A43,endoplasmic_reticulum;nucleus,2
Q9P2G3-2,KLHL14,cytosol;endoplasmic_reticulum;nucleus;plasma_membrane,4
Q6VVB1,NHLRC1,cytosol;endoplasmic_reticulum;nucleus,3
P41231,P2RY2,plasma_membrane,1
Q8TCW9,PROKR1,plasma_membrane,1
P04279,SEMG1,extracellular;nucleus;vesicle,3
Q5T4D3-2,TMTC4,endoplasmic_reticulum,1
Q3SY00-2,TSGA10IP,plasma_membrane,1
Q5W5X9-2,TTC23,plasma_membrane,1
Q96LA6-2,FCRL1,plasma_membrane,1
Q5T1B3,INPP5A,plasma_membrane,1
O15554,KCNN4,cytosol;plasma_membrane;vesicle,3
P43115-2,PTGER3,nucleus;plasma_membrane,2
Q9H553,ALG2,endoplasmic_reticulum;nucleus,2
Q9BZY9,TRIM31,cytosol;mitochondrion,2
P15088,CPA3,extracellular;vesicle,2
P43353-2,ALDH3B1,extracellular;plasma_membrane;vesicle,3
Q92947-2,GCDH,mitochondrion,1
Q9Y6H8,GJA3,cell junction;plasma_membrane,2
P31249,HOXD3,nucleus,1
P17040-4,ZSCAN20,nucleus,1
Q96SD1-4,DCLRE1C,golgi;nucleus,2
Q13387-4,MAPK8IP2,cell junction;synapse,2
Q9Y2I7-2,PIKFYVE,endosome;golgi;vesicle,3
Q8N7P1-2,PLD5,mitochondrion,1
Q00005-4,PPP2R2B,cytoskeleton;cytosol;mitochondrion,3
Q7Z403,TMC6,endoplasmic_reticulum;extracellular;golgi;nucleus;plasma_membrane;vesicle,6
Q9BYV6-2,TRIM55,cytoskeleton;nucleus,2
Q9NR80-4,ARHGEF4,cytosol;plasma_membrane,2
Q9H6D7,HAUS4,cytoskeleton;cytosol,2
O15254,ACOX3,cytosol;peroxisome,2
P30566-2,ADSL,cytosol,1
P49366-2,DHPS,cytosol,1
O14936-3,CASK,cell junction;cytoskeleton;cytosol;extracellular;nucleolus;nucleus;plasma_membrane;synapse,8
P37088-2,SCNN1A,extracellular;plasma_membrane;vesicle,3
P30613-2,PKLR,cytosol;extracellular;vesicle,3
P31327-2,CPS1,mitochondrion;nucleolus;nucleus;plasma_membrane,4
Q8IWV7-2,UBR1,cytosol,1
Q9Y2S7,POLDIP2,mitochondrion;nucleus,2
Q4J6C6-4,PREPL,cytoskeleton;cytosol;golgi;mitochondrion;nucleus,5
Q3MIN7,RGL3,cytosol;plasma_membrane,2
Q86XN8-2,MEX3D,nucleus,1
Q96N66-2,MBOAT7,endoplasmic_reticulum;mitochondrion;nucleus,3
Q04912-2,MST1R,plasma_membrane,1
Q9NYQ6-2,CELSR1,cell junction;plasma_membrane,2
O96005,CLPTM1,plasma_membrane,1
O43278,SPINT1,cytosol;extracellular;plasma_membrane;vesicle,4
Q93063,EXT2,endoplasmic_reticulum;extracellular;golgi;nucleus;vesicle,5
Q495W5-2,FUT11,endoplasmic_reticulum;nucleus,2
P14222,PRF1,endosome;extracellular;lysosome;plasma_membrane;synapse;vesicle,6
O14727-4,APAF1,cytosol;extracellular;vesicle,3
Q9H2V7-2,SPNS1,lysosome;mitochondrion,2
Q9H3T3,SEMA6B,plasma_membrane,1
Q8NBK3-2,SUMF1,endoplasmic_reticulum,1
Q96S16-2,JMJD8,endoplasmic_reticulum;nucleus,2
Q9NWW5,CLN6,endoplasmic_reticulum;endosome;nucleolus;nucleus;vesicle,5
Q8NCW0-2,KREMEN2,endosome;plasma_membrane;vesicle,3
Q9Y2E5-2,MAN2B2,extracellular;lysosome;vesicle,3
Q9UMR2,DDX19B,extracellular;nucleus;vesicle,3
Q13751,LAMB3,extracellular,1
Q9H2X0-5,CHRD,extracellular,1
Q9P2E5-2,CHPF2,golgi,1
Q9UKP4,ADAMTS7,endoplasmic_reticulum;extracellular,2
P23560-2,BDNF,cell junction;endoplasmic_reticulum;extracellular;mitochondrion;nucleus;synapse;vesicle,7
Q6WKZ4,RAB11FIP1,cytosol;endosome;vesicle,3
A8CG34,POM121C,endoplasmic_reticulum;nucleus,2
Q9GZM7,TINAGL1,extracellular;lysosome;vesicle,3
Q86SR1,GALNT10,golgi,1
Q7Z5Y6,BMP8A,extracellular,1
Q9H1B5,XYLT2,extracellular;golgi,2
P53675-2,CLTCL1,cytoskeleton;cytosol;endosome;extracellular;golgi;plasma_membrane;vesicle,7
Q9NSY1,BMP2K,nucleus,1
P51114-3,FXR1,cell junction;cytosol;nucleolus;nucleus;plasma_membrane;synapse,6
Q9NVV4,MTPAP,mitochondrion;nucleus,2
Q8TEH3-7,DENND1A,cell junction;cytosol;plasma_membrane;synapse;vesicle,5
O43426,SYNJ1,cell junction;cytosol;plasma_membrane;synapse;vesicle,5
Q9UEU0-2,VTI1B,cell junction;endoplasmic_reticulum;endosome;extracellular;golgi;lysosome;nucleus;synapse;vesicle,9
Q8WWI5-2,SLC44A1,cytosol;extracellular;mitochondrion;nucleus;plasma_membrane;vesicle,6
O14818,PSMA7,cell junction;cytosol;extracellular;nucleus;synapse;vesicle,6
Q92888-2,ARHGEF1,cytosol;plasma_membrane,2
O94927-2,HAUS5,cytoskeleton;cytosol,2
Q9UPU7-2,TBC1D2B,cytosol;endosome;plasma_membrane;vesicle,4
Q9NTJ3-2,SMC4,cytosol;nucleus,2
Q9H4H8-2,FAM83D,cytoskeleton;cytosol;extracellular,3
Q9NX02-2,NLRP2,cytosol;golgi,2
Q9NQB0-2,TCF7L2,nucleus,1
Q12830-2,BPTF,cytosol;extracellular;nucleus;vesicle,4
Q9Y2Z2-4,MTO1,cytosol;mitochondrion,2
Q8WWN8,ARAP3,cytoskeleton;plasma_membrane,2
O95347-2,SMC2,cytosol;extracellular;nucleolus;nucleus;vesicle,5
Q01167-2,FOXK2,nucleus,1
P45983-3,MAPK8,cell junction;cytosol;nucleus;plasma_membrane;synapse,5
Q96HA7,TONSL,nucleus,1
O94966-2,USP19,cytosol;endoplasmic_reticulum;nucleus,3
Q13671-2,RIN1,cytoskeleton;cytosol;plasma_membrane;vesicle,4
Q00587-2,CDC42EP1,cell junction;cytoskeleton;cytosol;plasma_membrane,4
P10620,MGST1,endoplasmic_reticulum;lysosome;mitochondrion;nucleus;peroxisome;plasma_membrane;vesicle,7
O43865-2,AHCYL1,cytosol;endoplasmic_reticulum;extracellular;mitochondrion;nucleus;plasma_membrane;vesicle,7
Q4LE39,ARID4B,cytosol;mitochondrion;nucleus,3
Q07973,CYP24A1,mitochondrion,1
Q3T906-2,GNPTAB,golgi,1
Q9UGT4,SUSD2,extracellular;plasma_membrane;vesicle,3
Q96FL9-2,GALNT14,golgi,1
Q6NUS6-2,TCTN3,nucleus;plasma_membrane,2
P06213,INSR,endosome;extracellular;lysosome;plasma_membrane;vesicle,5
O14792,HS3ST1,golgi,1
Q30201-5,HFE,endosome;extracellular;nucleus;plasma_membrane;vesicle,5
Q9NXG6-3,P4HTM,endoplasmic_reticulum;nucleus,2
Q8IXL6,FAM20C,endoplasmic_reticulum;extracellular;golgi;vesicle,4
B0UZ11,MICB,extracellular;plasma_membrane,2
P39880-2,CUX1,cytosol;golgi;nucleus,3
Q13308-2,PTK7,cell junction;plasma_membrane,2
Q9Y5H3,PCDHGA10,plasma_membrane,1
Q9HCF4-2,RNF213,cytosol;nucleolus;nucleus,3
P78324-4,SIRPA,extracellular;plasma_membrane;vesicle,3
P36897-2,TGFBR1,cell junction;endosome;nucleus;plasma_membrane;vesicle,5
Q16854,DGUOK,mitochondrion;nucleus,2
P51790-2,CLCN3,cell junction;endosome;er_golgi_intermediate;golgi;lysosome;plasma_membrane;synapse;vesicle,8
P29475-2,NOS1,cell junction;cytoskeleton;cytosol;endoplasmic_reticulum;mitochondrion;nucleus;plasma_membrane;synapse,8
P49336-2,CDK8,nucleolus;nucleus,2
Q9ULK4-3,MED23,nucleus,1
Q6NUI2-4,GPAT2,mitochondrion,1
Q9BV20-2,MRI1,cytosol;nucleus,2
Q13619-2,CUL4A,nucleus,1
P51617-2,IRAK1,cytosol;endosome;nucleus;plasma_membrane;vesicle,5
Q9H4L5-2,OSBPL3,cytosol;endoplasmic_reticulum;nucleolus;nucleus;plasma_membrane,5
Q9BZF3-2,OSBPL6,cytosol;endoplasmic_reticulum;endosome;nucleus;plasma_membrane;vesicle,6
Q3T8J9-2,GON4L,nucleus,1
Q8N108-10,MIER1,nucleus,1
P10636-3,MAPT,cell junction;cytoskeleton;cytosol;extracellular;mitochondrion;nucleus;plasma_membrane;synapse,8
P53367-2,ARFIP1,cytosol;golgi,2
Q14814-4,MEF2D,nucleus,1
Q9BZG8-2,DPH1,cell junction;cytosol;nucleus,3
Q86SQ0-2,PHLDB2,cytoskeleton;cytosol;plasma_membrane,3
O43665-3,RGS10,cytosol;nucleus;plasma_membrane,3
Q8IVM0,CCDC50,cytosol,1
Q12906,ILF3,cytosol;extracellular;mitochondrion;nucleolus;nucleus,5
Q8TB72-2,PUM2,cytosol;nucleus,2
Q6PKG0-3,LARP1,cytosol,1
Q9H2U1-3,DHX36,cytosol;extracellular;mitochondrion;nucleus;plasma_membrane;vesicle,6
Q9UH17-2,APOBEC3B,nucleus,1
Q69YN2-3,CWF19L1,nucleus,1
Q9UBB9,TFIP11,nucleolus;nucleus,2
Q9C0J8,WDR33,nucleolus;nucleus,2
Q6T4R5-2,NHS,cell junction;golgi;nucleus;plasma_membrane,4
Q13153-2,PAK1,cell junction;cytoskeleton;cytosol;nucleus;plasma_membrane,5
Q92887,ABCC2,plasma_membrane,1
Q5XXA6-2,ANO1,cell junction;extracellular;nucleus;plasma_membrane;synapse;vesicle,6
Q9Y666,SLC12A7,plasma_membrane,1
Q8TD43-3,TRPM4,endoplasmic_reticulum;golgi;plasma_membrane,3
Q5T3F8-2,TMEM63B,cytoskeleton;endoplasmic_reticulum;endosome;lysosome;nucleus;plasma_membrane;vesicle,7
Q8WUX1,SLC38A5,plasma_membrane,1
Q96BD0-2,SLCO4A1,cell junction;plasma_membrane,2
Q9UJF2,RASAL2,cytosol,1
Q99490-2,AGAP2,cytosol;endosome;extracellular;nucleus;vesicle,5
P31943,HNRNPH1,cytosol;nucleus,2
Q14050,COL9A3,endoplasmic_reticulum;extracellular,2
Q9BTP6,ZBED2,nucleus,1
E9PDX1,PPP1R9A,cell junction;cytoskeleton;plasma_membrane;synapse,4
P30154,PPP2R1B,cytosol;extracellular;nucleus;vesicle,4
Q8NE01-2,CNNM3,plasma_membrane,1
Q9BRP4-2,PAAF1,cytosol,1
O60499,STX10,cell junction;golgi;synapse;vesicle,4
Q6PID8-2,KLHDC10,cytosol;nucleus,2
P11274-2,BCR,cell junction;cytosol;extracellular;plasma_membrane;synapse;vesicle,6
Q9NR30-2,DDX21,cytosol;mitochondrion;nucleolus;nucleus,4
C9JTZ6,NT5DC2,mitochondrion,1
Q92614-3,MYO18A,cytoskeleton;er_golgi_intermediate;golgi;plasma_membrane,4
Q5SW79-2,CEP170,cytoskeleton;cytosol;plasma_membrane,3
Q9H6R4-4,NOL6,mitochondrion;nucleolus;nucleus,3
Q8WYA6-2,CTNNBL1,cytoskeleton;cytosol;nucleus,3
Q9BRD0-2,BUD13,nucleus,1
P78316,NOP14,nucleolus;nucleus,2
Q9BUB7,TMEM70,mitochondrion,1
Q969Z0-2,TBRG4,mitochondrion,1
Q8IY67-2,RAVER1,nucleus,1
Q7Z7H5-3,TMED4,endoplasmic_reticulum;er_golgi_intermediate;golgi;nucleus;vesicle,5
Q9HA72,CALHM2,plasma_membrane,1
Q13489,BIRC3,cytosol;nucleus;plasma_membrane,3
O43464-2,HTRA2,cytoskeleton;cytosol;endoplasmic_reticulum;mitochondrion;nucleus;plasma_membrane,6
O15020-2,SPTBN2,cell junction;cytoskeleton;cytosol;extracellular;plasma_membrane,5
Q13043,STK4,cytosol;nucleus,2
Q15043-2,SLC39A14,endosome;lysosome;plasma_membrane;vesicle,4
P51828,ADCY7,plasma_membrane,1
Q03519-2,TAP2,endoplasmic_reticulum;er_golgi_intermediate;nucleus;vesicle,4
Q86VP3-2,PACS2,endoplasmic_reticulum;mitochondrion,2
Q6VY07-2,PACS1,cytosol;golgi,2
Q9C0C7-2,AMBRA1,cell junction;cytoskeleton;cytosol;endoplasmic_reticulum;mitochondrion;nucleus;plasma_membrane,7
P51636,CAV2,golgi;nucleus;plasma_membrane;vesicle,4
O14681,EI24,cytosol;endoplasmic_reticulum;golgi;nucleus,4
Q92485,SMPDL3B,extracellular;plasma_membrane;vesicle,3
Q15349-2,RPS6KA2,cytosol;nucleus,2
O43318,MAP3K7,cytosol;endoplasmic_reticulum;endosome;nucleus;plasma_membrane;vesicle,6
Q9P212-2,PLCE1,cytosol;golgi;plasma_membrane,3
O14733-3,MAP2K7,cytosol;nucleus,2
Q86YD1,PTOV1,nucleus;plasma_membrane,2
Q10570,CPSF1,nucleus,1
Q5VWZ2-2,LYPLAL1,cytosol;mitochondrion,2
P30419,NMT1,cytosol;plasma_membrane,2
P48634-3,PRRC2A,cytosol;extracellular;nucleus;plasma_membrane;vesicle,5
O95271,TNKS,cytoskeleton;cytosol;golgi;nucleus,4
Q07343-3,PDE4B,cytosol;plasma_membrane,2
Q9NS15-2,LTBP3,extracellular;vesicle,2
P63313,TMSB10,cytoskeleton,1
P35813,PPM1A,cytosol;nucleus;plasma_membrane,3
P29353-6,SHC1,cell junction;cytosol;mitochondrion;plasma_membrane,4
Q12774-2,ARHGEF5,cytoskeleton;cytosol;nucleus;plasma_membrane,4
Q9Y5V3-2,MAGED1,cytosol;nucleus;plasma_membrane,3
Q5XPI4-2,RNF123,cytosol;nucleus,2
Q9Y4F1-2,FARP1,cell junction;cytoskeleton;cytosol;plasma_membrane;synapse,5
Q5TG85,CHD5,nucleus,1
Q92766-2,RREB1,extracellular;nucleolus;nucleus;vesicle,4
Q96PN7-4,TRERF1,cytosol;nucleolus;nucleus,3
E7ENI0,MGA,nucleus,1
Q96QT6,PHF12,nucleus,1
Q9H9B1,EHMT1,nucleus,1
Q05BQ5-3,MBTD1,nucleus,1
Q14527-2,HLTF,nucleus;plasma_membrane,2
Q9NVH1-3,DNAJC11,mitochondrion,1
Q13309,SKP2,cytosol;nucleolus;nucleus,3
Q9P287,BCCIP,cytoskeleton;nucleus,2
Q96S94-2,CCNL2,nucleus,1
Q9Y5H9-2,PCDHA2,plasma_membrane,1
Q9UN72-2,PCDHA7,plasma_membrane,1
Q9NZM1-6,MYOF,cell junction;endosome;extracellular;nucleus;plasma_membrane;synapse;vesicle,7
Q6NUM9,RETSAT,endoplasmic_reticulum;nucleus,2
Q96HW7,INTS4,nucleolus;nucleus,2
P30530-2,AXL,extracellular;plasma_membrane;vesicle,3
Q9BZC7-2,ABCA2,cytoskeleton;endosome;lysosome;plasma_membrane;vesicle,5
Q9HC21,SLC25A19,mitochondrion;nucleus,2
Q9C0J1-2,B3GNT4,golgi,1
Q96G97,BSCL2,endoplasmic_reticulum;nucleus,2
P27824,CANX,endoplasmic_reticulum;extracellular;mitochondrion;nucleus;vesicle,5
Q01628,IFITM3,endosome;lysosome;plasma_membrane;vesicle,4
Q8IWS0-2,PHF6,nucleolus;nucleus,2
Q9Y520-4,PRRC2C,cytosol,1
Q8N983-2,MRPL43,mitochondrion,1
Q7KZ85-2,SUPT6H,nucleus,1
Q9BV73-2,CEP250,cytoskeleton;cytosol;extracellular;plasma_membrane;vesicle,5
Q8N3D4,EHBP1L1,endosome;plasma_membrane;vesicle,3
O15265,ATXN7,cytoskeleton;cytosol;nucleolus;nucleus,4
Q92830-2,KAT2A,cytoskeleton;extracellular;nucleus,3
O14896,IRF6,cell junction;cytosol;extracellular;nucleus;vesicle,5
Q6WCQ1-3,MPRIP,cell junction;cytoskeleton;cytosol,3
Q5ZPR3-3,CD276,plasma_membrane,1
Q8NEZ5-3,FBXO22,cytosol;nucleus,2
Q9NXK8-2,FBXL12,cytosol,1
Q9Y2K7-2,KDM2A,nucleus,1
O14497-2,ARID1A,nucleus,1
E9PDV3,DPF1,nucleus,1
Q92925-3,SMARCD2,nucleus,1
Q15542-2,TAF5,nucleus,1
P21675-2,TAF1,nucleus,1
Q9UL12,SARDH,mitochondrion,1
Q13683-13,ITGA7,plasma_membrane,1
Q14593,ZNF273,nucleus,1
Q8WV37-2,ZNF480,cytosol;nucleus,2
Q8NB42-2,ZNF527,nucleus,1
Q8N4W9-2,ZNF808,nucleus,1
Q7Z2F6-2,ZNF720,nucleus,1
Q6ZNG1,ZNF600,nucleus,1
Q5VIY5-2,ZNF468,nucleus,1
P17035-2,ZNF28,nucleus,1
O95780,ZNF682,nucleus,1
P17032,ZNF37A,nucleus,1
Q5CZA5,ZNF805,nucleus,1
Q9Y2A4,ZNF443,nucleus,1
Q96GE5-2,ZNF799,nucleus,1
Q9BS34,ZNF670,nucleus,1
P17017,ZNF14,nucleus,1
D3DWP1,ZNF250,nucleus,1
P17023,ZNF19,nucleus,1
P17014-2,ZNF12,nucleus,1
Q9NYT6,ZNF226,nucleus,1
Q9H707,ZNF552,nucleus,1
Q15973-4,ZNF124,nucleus,1
Q8N988-2,ZNF557,nucleus,1
E7EV44,ZNF268,nucleus,1
Q6NX49,ZNF544,nucleus,1
Q8N720-2,ZNF655,nucleolus;nucleus;plasma_membrane,3
Q9BW92,TARS2,mitochondrion,1
Q96A33-2,CCDC47,endoplasmic_reticulum;nucleus,2
A6NP11,ZNF716,nucleus,1
E9PBM3,AFF1,nucleus,1
Q96CG8,CTHRC1,extracellular;plasma_membrane,2
Q9UHB6-2,LIMA1,cell junction;cytoskeleton;cytosol;plasma_membrane,4
O75081-2,CBFA2T3,golgi;nucleolus;nucleus,3
Q9BXW6-2,OSBPL1A,cytosol;endoplasmic_reticulum;endosome;extracellular;plasma_membrane;vesicle,6
Q13216-2,ERCC8,nucleus,1
A8K8P3,SFI1,cytoskeleton;cytosol,2
Q86U70-2,LDB1,nucleus,1
O75955,FLOT1,cell junction;cytoskeleton;endosome;extracellular;lysosome;plasma_membrane;synapse;vesicle,8
P04150,NR3C1,cytoskeleton;cytosol;mitochondrion;nucleus,4
Q96K19,RNF170,endoplasmic_reticulum;nucleus,2
Q13444-10,ADAM15,cell junction;extracellular;plasma_membrane;vesicle,4
Q96JJ7-2,TMX3,endoplasmic_reticulum;nucleus;plasma_membrane;vesicle,4
P78352-2,DLG4,cell junction;cytoskeleton;cytosol;endoplasmic_reticulum;plasma_membrane;synapse;vesicle,7
Q9UBV4-2,WNT16,extracellular,1
P32321-2,DCTD,cytosol,1
Q9UJX6,ANAPC2,cytosol;nucleus,2
P54840,GYS2,cytoskeleton;cytosol,2
P35573,AGL,cytosol;extracellular;nucleus;vesicle,4
Q92621,NUP205,cytosol;nucleus,2
Q86VV8-2,RTTN,cytoskeleton;plasma_membrane,2
Q9NSG2,C1orf112,cytoskeleton;cytosol;nucleolus;nucleus,4
Q6NTF9,RHBDD2,endoplasmic_reticulum;golgi;nucleus,3
Q8WWI1-2,LMO7,cell junction;cytoskeleton;cytosol;mitochondrion;nucleus;plasma_membrane,6
A0AVT1,UBA6,cytosol;nucleus,2
A1KZ92-2,PXDNL,cytosol;endoplasmic_reticulum;extracellular;plasma_membrane,4
Q7Z319,MKNK1,cytosol;nucleus,2
Q6P161,MRPL54,mitochondrion,1
P46459,NSF,cell junction;cytosol;er_golgi_intermediate;golgi;lysosome;plasma_membrane;synapse,7
Q96S59-2,RANBP9,cytosol;nucleus;plasma_membrane,3
Q9H3H1-4,TRIT1,mitochondrion,1
Q96DC8,ECHDC3,mitochondrion,1
Q9C029-3,TRIM7,golgi;nucleus,2
Q6PCB7,SLC27A1,endoplasmic_reticulum;nucleus;plasma_membrane,3
Q9NRD9,DUOX1,endoplasmic_reticulum;plasma_membrane,2
Q2TB90,HKDC1,cytosol;mitochondrion,2
Q2TBE0,CWF19L2,nucleus,1
Q9BWJ5,SF3B5,nucleus,1
Q9Y618-4,NCOR2,nucleus,1
O75376-2,NCOR1,cytoskeleton;cytosol;nucleus,3
Q9P2K1,CC2D2A,cytosol;plasma_membrane,2
Q9NXB0,MKS1,cytoskeleton;cytosol;plasma_membrane,3
Q9HC78-2,ZBTB20,nucleus,1
Q2NKJ3-2,CTC1,nucleus,1
Q96JG8-2,MAGED4B,nucleus,1
Q9Y5A9-2,YTHDF2,cytosol;nucleus,2
Q6NUN9,ZNF746,cytosol;nucleus,2
B4DH47,NEBL,cytoskeleton;extracellular;vesicle,3
Q53GQ0,HSD17B12,endoplasmic_reticulum;nucleus,2
Q6ZNB6-2,NFXL1,nucleus,1
Q6IAN0,DHRS7B,endoplasmic_reticulum;nucleus;peroxisome,3
Q8NB25-3,FAM184A,cytoskeleton;extracellular;plasma_membrane,3
Q32MZ4-2,LRRFIP1,cytoskeleton;cytosol;nucleus;plasma_membrane,4
Q9HBR0,SLC38A10,golgi,1
P51570,GALK1,cytosol;extracellular;vesicle,3
O15231-3,ZNF185,cell junction;cytoskeleton;cytosol;plasma_membrane,4
Q99519,NEU1,cell junction;extracellular;lysosome;plasma_membrane;vesicle,5
Q0IIM8,TBC1D8B,cytosol,1
Q9HCG7,GBA2,cytosol;endoplasmic_reticulum;golgi;nucleus;plasma_membrane,5
Q6YHU6,THADA,endoplasmic_reticulum;nucleus,2
F5H5M9,TNIK,cytoskeleton;cytosol;endosome;extracellular;nucleus;plasma_membrane;vesicle,7
Q9BST9,RTKN,cytoskeleton;cytosol,2
Q9NZN4,EHD2,cytoskeleton;cytosol;endosome;extracellular;nucleus;plasma_membrane;vesicle,7
Q13530,SERINC3,golgi;plasma_membrane,2
Q13303,KCNAB2,cell junction;cytoskeleton;cytosol;plasma_membrane;synapse;vesicle,6
Q8IZT6-2,ASPM,cytoskeleton;nucleus,2
O43819,SCO2,cytosol;mitochondrion,2
Q12873,CHD3,cytoskeleton;nucleolus;nucleus,3
P29375,KDM5A,nucleolus;nucleus,2
Q96N64,PWWP2A,nucleus,1
Q9Y483,MTF2,cell junction;nucleus,2
Q969M3-3,YIPF5,endoplasmic_reticulum;golgi;nucleus;vesicle,4
P25054-2,APC,cell junction;cytoskeleton;cytosol;golgi;nucleus;plasma_membrane,6
Q6UWE0-2,LRSAM1,cytosol,1
Q96NA8,TSNARE1,cell junction;synapse;vesicle,3
A8MWY0,KIAA1324L,plasma_membrane,1
Q16637-3,SMN2,cytosol;nucleus;plasma_membrane,3
Q8NB90-2,SPATA5,cytoskeleton;cytosol;nucleus,3
F5GWP8,JUP,cell junction;cytoskeleton;cytosol;extracellular;nucleus;plasma_membrane;vesicle,7
Q9UIV8-2,SERPINB13,cytosol;extracellular;lysosome;nucleus;vesicle,5
O95867,LY6G6C,extracellular;plasma_membrane,2
Q96IT1-2,ZNF496,nucleus,1
Q1W6H9,FAM110C,cytoskeleton;nucleus,2
B4DTM2,ITSN1,cytosol;endosome;nucleus;plasma_membrane;vesicle,5
O95394,PGM3,cytosol,1
Q9NSV4-4,DIAPH3,cytoskeleton;cytosol;nucleus;plasma_membrane,4
Q8N7R7,CCNYL1,plasma_membrane,1
Q8N3P4-2,VPS8,endosome;vesicle,2
Q8N1F8-2,STK11IP,extracellular;lysosome;vesicle,3
Q9BQF6-5,SENP7,nucleus,1
Q96IV0-2,NGLY1,cytosol;nucleus,2
Q8WX93-2,PALLD,cell junction;cytoskeleton;cytosol;mitochondrion;nucleus;plasma_membrane;synapse,7
Q9BSJ5-3,C17orf80,extracellular;mitochondrion;vesicle,3
Q8NCD3-2,HJURP,mitochondrion;nucleolus;nucleus,3
P36956-4,SREBF1,cytosol;endoplasmic_reticulum;golgi;nucleus;vesicle,5
Q9H1A3-2,METTL9,endoplasmic_reticulum;mitochondrion,2
Q9Y587,AP4S1,endosome;golgi;vesicle,3
Q9UQQ2,SH2B3,cytosol;plasma_membrane,2
Q96PN6,ADCY10,cytoskeleton;cytosol;mitochondrion;nucleus;plasma_membrane,5
O60566-3,BUB1B,cytoskeleton;cytosol;nucleus,3
Q6ZUM4,ARHGAP27,cytosol;plasma_membrane,2
Q9NYU2-2,UGGT1,endoplasmic_reticulum;er_golgi_intermediate;extracellular;vesicle,4
Q8IZL8,PELP1,nucleolus;nucleus,2
P52701,MSH6,cytosol;golgi;nucleus,3
Q9BXI9-2,C1QTNF6,extracellular,1
Q14055,COL9A2,endoplasmic_reticulum;extracellular,2
Q8NFH8-4,REPS2,cytosol;plasma_membrane,2
P21583-2,KITLG,cytoskeleton;extracellular;plasma_membrane,3
Q9UM00-2,TMCO1,endoplasmic_reticulum;golgi;mitochondrion;nucleus,4
Q86WK9,PAQR7,plasma_membrane,1
Q9Y256,RCE1,cytosol;endoplasmic_reticulum;nucleus;plasma_membrane,4
Q5BJD5-2,TMEM41B,endoplasmic_reticulum;mitochondrion;nucleus,3
Q6ZMU5,TRIM72,plasma_membrane;vesicle,2
Q9P000,COMMD9,cytosol;endosome;extracellular;golgi;nucleus;vesicle,6
Q86SZ2,TRAPPC6B,cytosol;endoplasmic_reticulum;golgi;vesicle,4
Q15398,DLGAP5,cytoskeleton;cytosol;mitochondrion;nucleus,4
Q9BY12-2,SCAPER,cytosol;endoplasmic_reticulum;nucleus,3
P36969-2,GPX4,cytosol;extracellular;mitochondrion;nucleus;vesicle,5
Q460N5-1,PARP14,cytosol;nucleus,2
P48380-3,RFX3,nucleus,1
Q9NRA2-2,SLC17A5,cell junction;lysosome;plasma_membrane;synapse;vesicle,5
Q6IA17,SIGIRR,plasma_membrane,1
B7ZKR7,AP3B2,endosome;golgi;vesicle,3
Q9NXW2,DNAJB12,endoplasmic_reticulum;nucleus,2
Q56VL3,OCIAD2,endosome;golgi;lysosome;mitochondrion;vesicle,5
Q9UJ14-5,GGT7,plasma_membrane,1
Q155Q3-2,DIXDC1,cell junction;cytoskeleton;cytosol,3
Q6PFW2,ARHGEF11,cytosol;plasma_membrane,2
Q8IXW5,RPAP2,cytosol;nucleolus;nucleus,3
Q6DN12-2,MCTP2,cell junction;cytosol;nucleus;synapse;vesicle,5
Q8IY33,MICALL2,cell junction;endosome;plasma_membrane;vesicle,4
P35250-2,RFC2,nucleus,1
Q53GS9,USP39,nucleus,1
Q92609,TBC1D5,endosome;golgi;vesicle,3
O95155,UBE4B,nucleus,1
P30411-2,BDKRB2,endosome;plasma_membrane;vesicle,3
O75054,IGSF3,plasma_membrane,1
P02751-10,FN1,endoplasmic_reticulum;er_golgi_intermediate;extracellular;plasma_membrane;vesicle,5
P21980,TGM2,cell junction;cytosol;extracellular;mitochondrion;nucleus;plasma_membrane;vesicle,7
Q8TEU7,RAPGEF6,cytosol;plasma_membrane;vesicle,3
Q8NFJ5,GPRC5A,extracellular;nucleolus;nucleus;plasma_membrane;vesicle,5
Q9UL54-2,TAOK2,cytoskeleton;nucleolus;nucleus;plasma_membrane;vesicle,5
Q8TC24,SEC61A2,endoplasmic_reticulum;nucleus,2
Q9UBM7,DHCR7,endoplasmic_reticulum;nucleus,2
P25116,F2R,cell junction;endosome;extracellular;golgi;plasma_membrane;synapse;vesicle,7
P35346,SSTR5,plasma_membrane,1
Q86UY8,NT5DC3,mitochondrion,1
O94851,MICAL2,nucleus;plasma_membrane,2
O95278,EPM2A,cytosol;endoplasmic_reticulum;nucleus;plasma_membrane,4
Q86SQ7,SDCCAG8,cell junction;cytoskeleton;cytosol;plasma_membrane,4
Q6MZP7-3,LIN54,nucleus,1
Q13884,SNTB1,cell junction;cytoskeleton;plasma_membrane;synapse,4
Q6UXH9-2,PAMR1,extracellular,1
P55291,CDH15,cell junction;extracellular;plasma_membrane;vesicle,4
Q9UJP4-2,KLHL21,cytoskeleton;cytosol,2
Q9NVR5-2,DNAAF2,cytosol,1
P42167,TMPO,nucleus,1
P21291,CSRP1,cell junction;extracellular;nucleus;vesicle,4
P55201-3,BRPF1,nucleus,1
P49116-2,NR2C2,nucleus,1
Q9Y5H0-2,PCDHGA3,plasma_membrane,1
Q8IX03-2,WWC1,cytosol;nucleus;plasma_membrane,3
Q86XA9,HEATR5A,golgi;vesicle,2
Q9UHY8,FEZ2,plasma_membrane,1
O00534,VWA5A,nucleus,1
Q13322-2,GRB10,cytosol;plasma_membrane,2
C9JFL5,ACTG2,cytoskeleton;cytosol;extracellular;plasma_membrane;vesicle,5
Q8IWY9,CDAN1,cytosol;nucleus;plasma_membrane,3
Q9Y2V0-2,C15orf41,nucleus,1
Q96EY1-2,DNAJA3,cell junction;cytosol;mitochondrion;nucleus;plasma_membrane;synapse,6
Q9H903-3,MTHFD2L,mitochondrion,1
Q9P253-2,VPS18,cell junction;endosome;lysosome;synapse;vesicle,5
Q13642-1,FHL1,cell junction;cytosol;nucleus;plasma_membrane,4
Q9BZL4-4,PPP1R12C,cytoskeleton,1
O95049-2,TJP3,cell junction;nucleus;plasma_membrane,3
Q8TDZ2,MICAL1,cytoskeleton;cytosol;endosome;extracellular;plasma_membrane;vesicle,6
P04626-4,ERBB2,cytosol;endosome;nucleus;plasma_membrane;vesicle,5
Q86TB9,PATL1,cytosol;nucleus,2
Q13576-2,IQGAP2,cytoskeleton;cytosol;extracellular;plasma_membrane;vesicle,5
Q969Q6-2,PPP2R3C,cytoskeleton;cytosol;golgi;nucleus,4
P56211-2,ARPP19,nucleus,1
Q8N4C6-10,NIN,cell junction;cytoskeleton;nucleolus;nucleus;plasma_membrane,5
P08493,MGP,extracellular;vesicle,2
O76083-11,PDE9A,cytosol;endoplasmic_reticulum;golgi;nucleus;plasma_membrane,5
Q96P48-1,ARAP1,cytoskeleton;cytosol;endosome;golgi;nucleus;plasma_membrane;vesicle,7
Q9Y3L3-2,SH3BP1,cell junction;cytosol;nucleus;plasma_membrane,4
Q13950-3,RUNX2,cytosol;nucleus,2
O15296-3,ALOX15B,cell junction;cytoskeleton;cytosol;extracellular;nucleus;plasma_membrane;vesicle,7
Q2T9J0-2,TYSND1,cytosol;peroxisome,2
Q562E7-2,WDR81,cytosol;endosome;lysosome;mitochondrion;vesicle,5
Q14674-2,ESPL1,cytoskeleton;cytosol;nucleus,3
Q96M61,MAGEB18,nucleus,1
Q9BUF7,CRB3,cell junction;extracellular;plasma_membrane;vesicle,4
Q9Y217-2,MTMR6,cytosol;endoplasmic_reticulum;er_golgi_intermediate;nucleus;plasma_membrane,5
Q684P5,RAP1GAP2,cytoskeleton;cytosol;nucleus;plasma_membrane,4
Q8IZC4-2,RTKN2,nucleus,1
Q15276-2,RABEP1,cytosol;endosome;vesicle,3
Q6RW13-2,AGTRAP,endoplasmic_reticulum;golgi;nucleus;plasma_membrane;vesicle,5
Q9UEY8-2,ADD3,cell junction;cytoskeleton;cytosol;plasma_membrane;synapse,5
Q8TB36-2,GDAP1,cytosol;mitochondrion;nucleus;peroxisome,4
Q6UWP7-2,LCLAT1,endoplasmic_reticulum;nucleus,2
Q9Y2H2,INPP5F,endosome;plasma_membrane;vesicle,3
Q9H2S9-2,IKZF4,nucleus,1
Q9C093-2,SPEF2,cytoskeleton;golgi;plasma_membrane,3
Q9NQW7,XPNPEP1,cytosol;extracellular;vesicle,3
Q9NUQ3-2,TXLNG,cytosol;nucleus,2
A1A5B4-3,ANO9,endoplasmic_reticulum;plasma_membrane,2
Q6IQ20,NAPEPLD,endosome;extracellular;golgi;nucleus;plasma_membrane;vesicle,6
Q8N729,NPW,extracellular,1
Q8IVE3-2,PLEKHH2,cytoskeleton;plasma_membrane,2
Q5TC63-2,GRTP1,plasma_membrane,1
P10523,SAG,cytosol;plasma_membrane,2
Q86UW9,DTX2,cytosol;nucleus,2
F5GYS8,MEIS1,nucleus,1
Q9Y5F9-2,PCDHGB6,plasma_membrane,1
Q9Y5F8-2,PCDHGB7,plasma_membrane,1
Q9Y5E9,PCDHB14,plasma_membrane,1
Q9UG01,IFT172,cytoskeleton;extracellular;plasma_membrane;vesicle,4
Q6SJ93-2,FAM111B,nucleus,1
Q86W42-3,THOC6,nucleus,1
O60942-2,RNGTT,nucleus,1
Q8N539,FIBCD1,extracellular,1
Q86SK9-2,SCD5,endoplasmic_reticulum;nucleus,2
Q9P003,CNIH4,endoplasmic_reticulum;er_golgi_intermediate;golgi;nucleus;vesicle,5
Q86VN1,VPS36,cytosol;endosome;extracellular;lysosome;nucleus;plasma_membrane;vesicle,7
Q96H20,SNF8,cytosol;endosome;extracellular;nucleus;plasma_membrane;vesicle,6
Q8IYD8,FANCM,cytosol;nucleus,2
Q15583-2,TGIF1,nucleus,1
O14924-4,RGS12,cell junction;nucleolus;nucleus;plasma_membrane;synapse,5
Q9Y3C4,TPRKB,cytosol;nucleus,2
Q86WN1-3,FCHSD1,cell junction;endosome;synapse;vesicle,4
Q9H2H9,SLC38A1,extracellular;plasma_membrane;vesicle,3
Q9UMS5,PHTF1,endoplasmic_reticulum;golgi;nucleus,3
Q13085-2,ACACA,cytoskeleton;cytosol;mitochondrion;nucleolus;nucleus,5
Q96RD7,PANX1,cell junction;endoplasmic_reticulum;nucleus;plasma_membrane,4
O15392-4,BIRC5,cytoskeleton;cytosol;extracellular;nucleus,4
Q9NRJ4,TULP4,cytosol,1
P08684,CYP3A4,endoplasmic_reticulum;nucleus,2
Q86Y39,NDUFA11,mitochondrion,1
Q9UDY2-2,TJP2,cell junction;cytosol;nucleus;plasma_membrane,4
Q5HYI7,MTX3,mitochondrion,1
P31942-2,HNRNPH3,nucleus,1
O15027-2,SEC16A,cytosol;endoplasmic_reticulum;golgi;nucleus;vesicle,5
Q96RL1,UIMC1,nucleus,1
Q8N392-2,ARHGAP18,cytoskeleton;cytosol;plasma_membrane,3
Q8TAM2-3,TTC8,cytoskeleton;cytosol;mitochondrion;plasma_membrane,4
Q3SYG4,BBS9,cytoskeleton;cytosol;plasma_membrane,3
Q14CX7-2,NAA25,cytosol,1
O94804,STK10,cytosol;extracellular;plasma_membrane;vesicle,4
O14829-3,PPEF1,cytosol;nucleus,2
Q04941,PLP2,endoplasmic_reticulum;nucleus;plasma_membrane,3
Q9H488-2,POFUT1,endoplasmic_reticulum,1
Q9NVX0,HAUS2,cytoskeleton;cytosol,2
Q9NS87,KIF15,cytoskeleton;cytosol,2
Q08E71,ABLIM2,cytoskeleton,1
Q14919-2,DRAP1,nucleus,1
O75781,PALM,cell junction;nucleus;plasma_membrane;synapse;vesicle,5
P12757-3,SKIL,nucleus,1
P16615-2,ATP2A2,endoplasmic_reticulum;nucleus;plasma_membrane,3
O00519,FAAH,cytoskeleton;endoplasmic_reticulum;nucleus,3
Q02952,AKAP12,cell junction;cytoskeleton;cytosol;plasma_membrane,4
Q58EX7,PLEKHG4,cytosol;plasma_membrane,2
Q5JS98,PBX3,nucleus,1
Q5U5Z8,AGBL2,cytoskeleton;cytosol;plasma_membrane,3
Q9HCH5-7,SYTL2,cytosol;plasma_membrane;vesicle,3
Q4VX76,SYTL3,plasma_membrane;vesicle,2
Q9UNE2-2,RPH3AL,cell junction;synapse;vesicle,3
P49023-2,PXN,cell junction;cytoskeleton;cytosol;plasma_membrane,4
Q96T52-2,IMMP2L,mitochondrion,1
Q8TEY5,CREB3L4,endoplasmic_reticulum;golgi;nucleus,3
Q70SY1,CREB3L2,endoplasmic_reticulum;nucleus,2
P14373-2,TRIM27,cytosol;endosome;mitochondrion;nucleolus;nucleus;vesicle,6
O14841,OPLAH,cytosol,1
Q5VT52-3,RPRD2,nucleus,1
Q6NT89,TRNP1,nucleus,1
P35716,SOX11,nucleus,1
O14582,TRAPPC2,cytosol;endoplasmic_reticulum;er_golgi_intermediate;nucleus;vesicle,5
E2QRC8,ZBED1,cytoskeleton;nucleus,2
Q9GZT6,CCDC90B,mitochondrion,1
Q9P2D0,IBTK,cytosol;nucleus,2
Q8N1I0-2,DOCK4,cytosol;golgi;nucleolus;nucleus;plasma_membrane,5
P42575-2,CASP2,cytosol;mitochondrion;nucleolus;nucleus,4
Q7Z3J3,RGPD4,nucleus,1
Q9UN88,GABRQ,cell junction;plasma_membrane;synapse,3
P32019,INPP5B,cytosol;endosome;er_golgi_intermediate;golgi;plasma_membrane;vesicle,6
Q06330-4,RBPJ,nucleolus;nucleus,2
Q9HBL0,TNS1,cell junction;cytoskeleton;plasma_membrane,3
Q7Z6Z7-2,HUWE1,cytosol;extracellular;golgi;mitochondrion;nucleus;vesicle,6
Q13794,PMAIP1,cytosol;mitochondrion;nucleus,3
Q8NDX5-7,PHC3,nucleus,1
O00257,CBX4,nucleus,1
O60673-2,REV3L,nucleus,1
Q7L804,RAB11FIP2,endosome;plasma_membrane;vesicle,3
Q6YHK3,CD109,extracellular;plasma_membrane;vesicle,3
Q96AC1,FERMT2,cell junction;cytoskeleton;cytosol;nucleus;plasma_membrane,5
Q9BUT1-2,BDH2,cytosol;extracellular;vesicle,3
Q7LBC6,KDM3B,nucleus,1
Q02750-2,MAP2K1,cell junction;cytoskeleton;cytosol;endoplasmic_reticulum;endosome;golgi;mitochondrion;nucleus;plasma_membrane;vesicle,10
Q9H6U6-3,BCAS3,cytoskeleton;nucleus,2
Q07912,TNK2,cell junction;cytosol;endosome;nucleus;plasma_membrane;vesicle,6
P35680-3,HNF1B,nucleus,1
P50539,MXI1,cytosol;nucleolus;nucleus,3
P00709,LALBA,extracellular;golgi,2
Q96SN8-4,CDK5RAP2,cell junction;cytoskeleton;cytosol;extracellular;golgi;plasma_membrane;vesicle,7
Q86YZ3,HRNR,extracellular;lysosome;nucleus;plasma_membrane;vesicle,5
O15061-2,SYNM,cell junction;cytoskeleton;plasma_membrane,3
P09488-2,GSTM1,cytosol;extracellular,2
Q03013,GSTM4,cytosol;extracellular,2
Q8N6T3,ARFGAP1,cell junction;cytosol;golgi;synapse,4
Q96G01,BICD1,cytoskeleton;cytosol;golgi;vesicle,4
Q13753,LAMC2,extracellular,1
Q8TEW0-8,PARD3,cell junction;cytoskeleton;cytosol;plasma_membrane,4
P04439,HLA-A,endoplasmic_reticulum;endosome;extracellular;golgi;nucleus;plasma_membrane;vesicle,7
O00305-2,CACNB4,cell junction;cytosol;plasma_membrane;synapse,4
Q5T1V6-2,DDX59,nucleus,1
Q68BL7,OLFML2A,extracellular,1
E7EN08,ARNT,nucleus,1
Q8WV24,PHLDA1,cytosol;nucleolus;nucleus;vesicle,4
Q969S2-2,NEIL2,nucleus,1
P98171,ARHGAP4,cytosol;nucleus,2
Q15773,MLF2,nucleus,1
Q6ZW49-4,PAXIP1,nucleus,1
Q8TBK2-2,SETD6,cytosol;nucleus,2
Q53FZ2,ACSM3,mitochondrion,1
O95754-2,SEMA4F,endoplasmic_reticulum;plasma_membrane,2
O95294-2,RASAL1,cytosol,1
P50458,LHX2,nucleus,1
Q8N8I0,SAMD12,plasma_membrane,1
P09497-2,CLTB,cell junction;cytosol;plasma_membrane;synapse;vesicle,5
Q13323,BIK,mitochondrion,1
O00507,USP9Y,cytosol;nucleus,2
Q8NFZ5-2,TNIP2,cytosol;nucleus,2
O75030-5,MITF,cytosol;lysosome;nucleus,3
P29033,GJB2,cell junction;er_golgi_intermediate;plasma_membrane,3
O60733-2,PLA2G6,cytosol;extracellular;mitochondrion;plasma_membrane,4
Q86VQ6,TXNRD3,cytosol;endoplasmic_reticulum;mitochondrion;nucleus,4
F5H4D8,UBC,cytosol;endoplasmic_reticulum;endosome;extracellular;mitochondrion;nucleus;plasma_membrane;vesicle,8
Q5T200,ZC3H13,nucleus,1
P46013,MKI67,nucleolus;nucleus,2
Q9HBE1-4,PATZ1,nucleus,1
Q14444-2,CAPRIN1,cytosol;plasma_membrane,2
O15067,PFAS,cytosol;extracellular;vesicle,3
Q7Z4I7-2,LIMS2,cell junction;cytosol;nucleus;plasma_membrane,4
Q9C0H9-2,SRCIN1,cell junction;cytoskeleton;plasma_membrane;synapse,4
P36402-10,TCF7,nucleus,1
Q9P2J2,IGSF9,plasma_membrane,1
P05121,SERPINE1,extracellular;plasma_membrane;vesicle,3
Q86XA0,METTL23,nucleus,1
P31941,APOBEC3A,nucleus,1
Q5T7D5,ALDOB,cytoskeleton;cytosol;extracellular;vesicle,4
Q7L266-2,ASRGL1,cytosol;nucleus,2
Q86WD7-7,SERPINA9,extracellular,1
Q99541,PLIN2,cytosol;endoplasmic_reticulum;extracellular;plasma_membrane,4
Q969H4-2,CNKSR1,cell junction;plasma_membrane,2
O43439-3,CBFA2T2,nucleus,1
Q96I23,PIGY,endoplasmic_reticulum;nucleus;plasma_membrane,3
Q5VTE6,ANGEL2,mitochondrion;nucleus,2
P05556-2,ITGB1,cell junction;endosome;extracellular;plasma_membrane;synapse;vesicle,6
P45378-2,TNNT3,cytoskeleton;cytosol,2
P20023-2,CR2,extracellular;plasma_membrane;vesicle,3
P78504,JAG1,cell junction;extracellular;plasma_membrane,3
Q9BSD7,NTPCR,mitochondrion,1
Q68D91,MBLAC2,endoplasmic_reticulum;extracellular;mitochondrion;nucleus;plasma_membrane;vesicle,6
O15164-2,TRIM24,cytosol;mitochondrion;nucleus,3
P06731,CEACAM5,extracellular;plasma_membrane;vesicle,3
Q6XPR3,RPTN,cytosol;plasma_membrane,2
P02808,STATH,extracellular;mitochondrion,2
P27487,DPP4,cell junction;extracellular;lysosome;plasma_membrane;vesicle,5
O75954,TSPAN9,cell junction;extracellular;plasma_membrane,3
O00635,TRIM38,cytosol,1
O43490-2,PROM1,endoplasmic_reticulum;er_golgi_intermediate;extracellular;plasma_membrane;vesicle,5
P21673,SAT1,cytosol,1
Q9Y2K3,MYH15,cytoskeleton,1
Q6P3R8,NEK5,plasma_membrane,1
Q6P1Q0,LETMD1,mitochondrion;nucleolus;nucleus,3
Q99708,RBBP8,nucleus,1
Q9UPW5-2,AGTPBP1,cytoskeleton;cytosol;mitochondrion;nucleolus;nucleus,5
Q8IZV5,RDH10,endoplasmic_reticulum;nucleus,2
Q8WVX9,FAR1,peroxisome,1
O95359-2,TACC2,cytoskeleton;cytosol;nucleus;plasma_membrane,4
Q9NQV5-2,PRDM11,cytosol;nucleus,2
O43852-2,CALU,endoplasmic_reticulum;extracellular;golgi;nucleus;vesicle,5
P51793,CLCN4,cell junction;endoplasmic_reticulum;endosome;golgi;lysosome;nucleus;plasma_membrane;synapse;vesicle,9
Q8IWA4-2,MFN1,mitochondrion,1
Q9BRB3-2,PIGQ,endoplasmic_reticulum;nucleus,2
Q12809-4,KCNH2,plasma_membrane,1
O75398-3,DEAF1,extracellular;nucleolus;nucleus,3
O15327,INPP4B,cytosol,1
Q8N4L1,TMEM151A,endoplasmic_reticulum;nucleus;plasma_membrane,3
Q9H444,CHMP4B,cytoskeleton;cytosol;endosome;extracellular;lysosome;nucleus;plasma_membrane;vesicle,8
Q96LT4,SAMD8,cytosol;endoplasmic_reticulum;golgi;nucleus;plasma_membrane,5
O60487,MPZL2,cytoskeleton;plasma_membrane,2
P23219-2,PTGS1,endoplasmic_reticulum;extracellular;golgi;nucleus;plasma_membrane;vesicle,6
Q13470-2,TNK1,plasma_membrane,1
Q9NYT0,PLEK2,cytoskeleton;plasma_membrane,2
Q8N0X4-2,CLYBL,mitochondrion,1
Q9BUX1,CHAC1,cytosol;golgi,2
P16422,EPCAM,cell junction;extracellular;plasma_membrane;vesicle,4
Q14406-2,CSHL1,extracellular,1
Q9Y2J8,PADI2,cytosol;extracellular;lysosome;nucleus;vesicle,5
P20936-2,RASA1,cytosol,1
Q9BPW8,NIPSNAP1,mitochondrion,1
Q9UMD9-2,COL17A1,cell junction;endoplasmic_reticulum;extracellular;plasma_membrane,4
P12111-2,COL6A3,endoplasmic_reticulum;extracellular;vesicle,3
Q9NZJ9-3,NUDT4,cytosol;nucleus,2
Q9Y5K3-2,PCYT1B,endoplasmic_reticulum;nucleus,2
Q9H930-2,SP140L,nucleus,1
P02771,AFP,endoplasmic_reticulum;extracellular,2
Q6ZTN6-2,ANKRD13D,endosome;plasma_membrane;vesicle,3
O76070,SNCG,cell junction;cytoskeleton;cytosol;extracellular;plasma_membrane;synapse;vesicle,7
Q16772,GSTA3,cytosol;extracellular;vesicle,3
Q52LW3-2,ARHGAP29,cytosol,1
Q13506,NAB1,nucleus,1
Q99504-2,EYA3,cytoskeleton;nucleus,2
Q8WXS8-4,ADAMTS14,extracellular,1
O95428-5,PAPLN,extracellular,1
Q9HBM0,VEZT,cell junction;cytosol;nucleus;plasma_membrane;vesicle,5
P01031,C5,extracellular;plasma_membrane;vesicle,3
P35542,SAA4,extracellular;vesicle,2
O60381-3,HBP1,nucleus,1
F5H469,CYP4F3,endoplasmic_reticulum;nucleus,2
O15540,FABP7,cytosol;nucleus,2
Q8NFI3,ENGASE,cytosol,1
P01906,HLA-DQA2,endoplasmic_reticulum;endosome;golgi;lysosome;nucleus;plasma_membrane;vesicle,7
O14607-2,UTY,nucleus,1
O75112-6,LDB3,cell junction;cytoskeleton;plasma_membrane,3
Q6IQ23-2,PLEKHA7,cell junction;cytoskeleton;cytosol;extracellular;nucleus;vesicle,6
Q7Z7E8-2,UBE2Q1,cytosol;nucleus;plasma_membrane,3
Q96KS0-2,EGLN2,nucleus,1
Q5JU85-2,IQSEC2,cell junction;plasma_membrane;synapse,3
A6NKF1-2,SAC3D1,cytoskeleton;nucleus,2
P35670-2,ATP7B,endosome;golgi;mitochondrion;plasma_membrane;vesicle,5
Q14689,DIP2A,cell junction;mitochondrion;plasma_membrane;synapse,4
Q6ZS30-1,NBEAL1,cytosol,1
Q494U1-2,PLEKHN1,cytoskeleton;mitochondrion;plasma_membrane,3
Q6JUT2,TMED7-TICAM2,endoplasmic_reticulum;er_golgi_intermediate;golgi;nucleus,4
P61647,ST8SIA6,golgi,1
P35452,HOXD12,nucleus,1
Q9P225,DNAH2,cytoskeleton;plasma_membrane,2
Q9Y508,RNF114,cytosol;nucleus;plasma_membrane,3
Q96R05,RBP7,cytosol;nucleus,2
Q96S55-2,WRNIP1,nucleus,1
P41440,SLC19A1,plasma_membrane,1
Q7RTT9-2,SLC29A4,plasma_membrane,1
Q9BYT3,STK33,cytoskeleton;nucleus,2
Q49B96,COX19,cytosol;mitochondrion,2
P03971,AMH,extracellular,1
Q9UPZ6,THSD7A,extracellular;plasma_membrane,2
P0CK96,SLC35E2B,golgi,1
P48595,SERPINB10,cytosol;extracellular;nucleus;plasma_membrane;vesicle,5
P02654,APOC1,endoplasmic_reticulum;extracellular,2
O75923-10,DYSF,cell junction;endosome;extracellular;plasma_membrane;synapse;vesicle,6
Q13231-2,CHIT1,extracellular;lysosome;vesicle,3
O14791-2,APOL1,endoplasmic_reticulum;extracellular,2
P49913,CAMP,extracellular;vesicle,2
P08575-2,PTPRC,cell junction;extracellular;plasma_membrane;synapse;vesicle,5
Q9C0D7,ZC3H12C,nucleus,1
P22352,GPX3,extracellular;vesicle,2
Q16719,KYNU,cytosol;mitochondrion,2
Q687X5-2,STEAP4,endosome;extracellular;golgi;nucleus;plasma_membrane;vesicle,6
Q9BQR3,PRSS27,extracellular,1
O75340,PDCD6,cytosol;endoplasmic_reticulum;endosome;extracellular;golgi;nucleus;vesicle,7
Q8N960-2,CEP120,cytoskeleton,1
Q9C000-2,NLRP1,cytosol;nucleolus;nucleus,3
A6NDE4,RBMY1B,nucleus,1
Q8WXX0-2,DNAH7,cytoskeleton;plasma_membrane,2
O76062,TM7SF2,endoplasmic_reticulum;nucleus;plasma_membrane,3
Q7KZI7-14,MARK2,cytoskeleton;cytosol;mitochondrion;nucleus;plasma_membrane,5
Q8N594-2,MPND,nucleus,1
Q15652-2,JMJD1C,nucleus,1
P33763,S100A5,nucleus,1
P08294,SOD3,extracellular;golgi;vesicle,3
Q96JM2-3,ZNF462,nucleus,1
O15344-2,MID1,cytoskeleton;cytosol;golgi,3
Q63HM1-2,AFMID,cytosol;nucleus,2
Q8TF40,FNIP1,cytosol;lysosome,2
P78413,IRX4,nucleus,1
Q70J99-3,UNC13D,cytosol;endosome;extracellular;lysosome;vesicle,5
Q7Z6B7,SRGAP1,cytosol,1
Q9H479,FN3K,cytosol;mitochondrion,2
Q15149-4,PLEC,cell junction;cytoskeleton;cytosol;extracellular;plasma_membrane;vesicle,6
O15350-10,TP73,cytosol;nucleus,2
Q9BW04-2,C1orf116,cytosol;extracellular;plasma_membrane;vesicle,4
Q9C002,C15orf48,mitochondrion;nucleus,2
P06858,LPL,extracellular;plasma_membrane,2
Q6ZVK8,NUDT18,cytosol;golgi;nucleus,3
P39900,MMP12,extracellular;nucleus,2
O94929-3,ABLIM3,cytoskeleton;plasma_membrane,2
P35326,SPRR2A,cytosol;extracellular;plasma_membrane;vesicle,4
Q01469,FABP5,cell junction;cytosol;extracellular;lysosome;nucleus;plasma_membrane;synapse;vesicle,8
Q9H720,CWH43,endoplasmic_reticulum,1
Q8N2H3,PYROXD2,mitochondrion,1
P22234-2,PAICS,cytosol;extracellular;vesicle,3
Q93033,CD101,extracellular;plasma_membrane;vesicle,3
Q5EB52-2,MEST,endoplasmic_reticulum;extracellular;nucleus;vesicle,4
Q8TER0-5,SNED1,extracellular,1
Q9ULI4,KIF26A,cytoskeleton;cytosol,2
Q9C026-4,TRIM9,cell junction;cytoskeleton;plasma_membrane;synapse;vesicle,5
Q8TB24,RIN3,cytosol;endosome;plasma_membrane;vesicle,4
B2CZX2,OPCML,cell junction;extracellular;plasma_membrane;synapse,4
P56937-2,HSD17B7,endoplasmic_reticulum;mitochondrion;nucleus,3
Q9H3C7-3,GGNBP2,nucleus;vesicle,2
Q99967-2,CITED2,nucleus,1
Q9Y371,SH3GLB1,cytosol;golgi;mitochondrion;vesicle,4
Q8NEV9,IL27,cytosol;endoplasmic_reticulum;extracellular,3
Q86UK0-2,ABCA12,golgi;plasma_membrane;vesicle,3
F5H0K8,KSR1,cytosol;endoplasmic_reticulum;nucleus;plasma_membrane,4
Q05469-2,LIPE,cytosol;plasma_membrane,2
Q76FK4-2,NOL8,nucleolus;nucleus,2
Q7Z5J4-3,RAI1,nucleus,1
B7U540,KCNJ18,endoplasmic_reticulum;plasma_membrane,2
P07602-2,PSAP,endosome;extracellular;lysosome;plasma_membrane;vesicle,5
A8MQ27,NEURL1B,cytosol;endosome;vesicle,3
Q96BU1,S100PBP,cytosol;nucleus,2
Q9Y2G9-3,SBNO2,nucleus,1
Q6EKJ0,GTF2IRD2B,nucleus,1
Q8IV63,VRK3,nucleolus;nucleus,2
Q9P203-5,BTBD7,nucleus,1
Q6ZNA1,ZNF836,nucleus,1
Q99549,MPHOSPH8,cytosol;nucleolus;nucleus;plasma_membrane,4
P32929,CTH,cytosol;extracellular;vesicle,3
